Date,open,high,low,close,volume
2024-01-28 08:00:00,42390.4,42699.9,42327.8,42575.9,839.72956702
2024-01-28 10:00:00,42575.9,42648.0,42360.6,42474.1,566.56953502
2024-01-28 12:00:00,42474.3,42497.0,42248.5,42401.9,597.61561746
2024-01-28 14:00:00,42401.8,42544.5,42150.8,42260.2,397.34367595
2024-01-28 16:00:00,42260.3,42352.5,42099.6,42164.6,297.64069554
2024-01-28 18:00:00,42166.0,42177.8,41718.1,41785.9,432.53365316
2024-01-28 20:00:00,41785.9,42033.9,41681.0,41981.8,307.54252886
2024-01-28 22:00:00,41979.7,42080.0,41617.2,42033.2,502.3335202
2024-01-29 00:00:00,42036.7,42320.8,41873.3,42165.4,665.60597837
2024-01-29 02:00:00,42165.4,42503.6,42129.6,42327.3,762.81744341
2024-01-29 04:00:00,42327.2,42345.9,42122.0,42140.1,412.37409947
2024-01-29 06:00:00,42140.1,42250.0,41992.5,42055.2,311.67868914
2024-01-29 08:00:00,42058.1,42329.9,41959.6,42291.8,406.39549595
2024-01-29 10:00:00,42291.8,42381.2,42184.3,42245.7,400.65887864
2024-01-29 12:00:00,42245.8,42368.3,41931.2,42007.4,622.34385769
2024-01-29 14:00:00,42007.4,42648.6,41799.5,42641.6,2097.2921092
2024-01-29 16:00:00,42641.5,43300.0,42520.0,42994.9,3847.38447174
2024-01-29 18:00:00,42995.0,43153.2,42871.1,43004.0,1213.16284064
2024-01-29 20:00:00,43003.9,43264.9,42978.6,43173.8,824.89696889
2024-01-29 22:00:00,43173.8,43300.0,43076.6,43296.9,749.44585708
2024-01-30 00:00:00,43297.0,43555.8,43135.2,43438.9,1723.62130377
2024-01-30 02:00:00,43439.0,43788.0,43439.0,43524.2,1784.7365101
2024-01-30 04:00:00,43524.1,43575.3,43342.0,43367.3,631.62963958
2024-01-30 06:00:00,43367.3,43445.0,43252.9,43366.4,523.16144314
2024-01-30 08:00:00,43366.5,43465.1,43225.8,43325.5,911.64332281
2024-01-30 10:00:00,43325.4,43555.0,43285.0,43530.6,918.72916189
2024-01-30 12:00:00,43530.6,43884.4,43146.6,43289.9,2423.3737158
2024-01-30 14:00:00,43289.9,43600.0,43115.7,43377.1,1444.1183065
2024-01-30 16:00:00,43377.1,43591.7,43220.9,43398.6,1746.63289515
2024-01-30 18:00:00,43398.7,43579.7,43265.6,43549.9,811.51752447
2024-01-30 20:00:00,43550.1,43758.0,43481.1,43545.3,1455.27367043
2024-01-30 22:00:00,43545.3,43577.0,42690.1,42941.8,1455.05572729
2024-01-31 00:00:00,42941.8,43110.0,42722.7,42781.3,1047.4594811
2024-01-31 02:00:00,42782.4,42989.6,42654.6,42929.1,807.31056547
2024-01-31 04:00:00,42929.1,43047.5,42871.2,42976.9,485.80807572
2024-01-31 06:00:00,42977.0,43081.0,42906.4,43048.7,533.10006651
2024-01-31 08:00:00,43048.6,43100.0,42617.9,42651.3,695.28396244
2024-01-31 10:00:00,42652.0,42790.8,42352.8,42644.2,1233.76815428
2024-01-31 12:00:00,42644.1,42919.2,42517.6,42799.4,853.39417308
2024-01-31 14:00:00,42799.5,43464.5,42563.9,43354.2,3646.39770435
2024-01-31 16:00:00,43353.2,43748.8,43286.1,43721.0,1597.24570754
2024-01-31 18:00:00,43716.5,43748.7,43034.8,43330.0,1044.45693091
2024-01-31 20:00:00,43328.5,43360.6,42288.8,42487.9,2037.99343396
2024-01-31 22:00:00,42487.9,42686.0,42380.0,42576.0,576.79855571
2024-02-01 00:00:00,42576.0,42683.9,41868.2,41980.0,1537.71436085
2024-02-01 02:00:00,41980.0,42182.2,41953.2,42007.5,1149.60859716
2024-02-01 04:00:00,42007.4,42192.2,41888.9,42152.6,758.72795167
2024-02-01 06:00:00,42152.6,42295.1,42106.7,42187.8,658.50056181
2024-02-01 08:00:00,42187.8,42262.3,42113.3,42143.9,522.90409796
2024-02-01 10:00:00,42143.9,42327.9,42042.9,42076.8,716.32981024
2024-02-01 12:00:00,42076.8,42294.4,41945.4,42222.0,1076.81477026
2024-02-01 14:00:00,42215.3,42946.1,42178.9,42511.6,2054.01842461
2024-02-01 16:00:00,42511.5,43164.8,42358.9,42917.0,1188.20647783
2024-02-01 18:00:00,42920.2,43286.2,42769.2,43217.0,825.03836533
2024-02-01 20:00:00,43217.0,43279.4,42893.2,43093.5,802.48729737
2024-02-01 22:00:00,43093.5,43109.5,42873.4,43086.8,313.42499346
2024-02-02 00:00:00,43086.8,43428.7,43040.3,43117.6,782.91597063
2024-02-02 02:00:00,43117.7,43197.2,43022.2,43030.6,419.52897077
2024-02-02 04:00:00,43030.0,43136.1,42942.6,43100.0,374.36335857
2024-02-02 06:00:00,43100.1,43272.6,43082.4,43088.1,945.64485279
2024-02-02 08:00:00,43088.1,43109.8,42956.0,42984.0,460.30921898
2024-02-02 10:00:00,42983.9,43200.0,42943.9,43147.0,590.66016543
2024-02-02 12:00:00,43147.0,43241.1,42546.8,42689.9,1403.29425501
2024-02-02 14:00:00,42687.5,43248.2,42604.7,43234.8,1566.4434035
2024-02-02 16:00:00,43234.7,43485.2,42888.0,42952.1,1255.43801538
2024-02-02 18:00:00,42955.9,43081.0,42774.0,43062.1,527.63893336
2024-02-02 20:00:00,43062.1,43090.5,42891.3,42991.3,319.96639391
2024-02-02 22:00:00,42991.3,43233.1,42991.3,43197.2,192.40179592
2024-02-03 00:00:00,43197.3,43380.0,43149.4,43215.0,297.00554636
2024-02-03 02:00:00,43215.1,43236.0,43142.0,43171.3,131.6426533
2024-02-03 04:00:00,43171.2,43227.8,43094.0,43169.4,164.73670101
2024-02-03 06:00:00,43169.4,43169.5,43034.0,43053.2,196.56038184
2024-02-03 08:00:00,43053.2,43120.5,43001.0,43090.0,195.85433292
2024-02-03 10:00:00,43090.1,43124.1,42973.1,42995.4,241.66628909
2024-02-03 12:00:00,42995.4,43095.0,42973.2,43073.9,160.94865486
2024-02-03 14:00:00,43073.8,43196.4,42877.2,43121.6,355.25807098
2024-02-03 16:00:00,43121.7,43281.8,43067.2,43230.7,304.00344706
2024-02-03 18:00:00,43230.8,43243.7,43013.7,43058.0,318.809222
2024-02-03 20:00:00,43058.1,43103.2,43002.9,43043.9,93.25266304
2024-02-03 22:00:00,43044.0,43079.9,42953.0,43013.6,180.29213378
2024-02-04 00:00:00,43013.6,43048.6,42896.8,43040.8,188.29267855
2024-02-04 02:00:00,43040.9,43070.9,43017.9,43027.6,69.53284497
2024-02-04 04:00:00,43027.6,43031.4,42855.5,42884.6,970.84643087
2024-02-04 06:00:00,42884.6,42933.8,42724.1,42840.0,450.18938262
2024-02-04 08:00:00,42840.1,42988.0,42735.8,42938.2,299.67114911
2024-02-04 10:00:00,42938.3,43114.0,42868.1,43055.2,313.09977784
2024-02-04 12:00:00,43055.3,43116.8,42960.9,42993.2,208.82973988
2024-02-04 14:00:00,42993.2,43014.5,42842.0,42936.0,241.76208251
2024-02-04 16:00:00,42936.1,42970.0,42836.1,42896.2,193.94147901
2024-02-04 18:00:00,42896.2,42945.3,42571.0,42629.9,455.39653604
2024-02-04 20:00:00,42635.7,42985.7,42530.0,42774.3,478.32135166
2024-02-04 22:00:00,42774.4,42879.9,42188.0,42590.0,811.96424035
2024-02-05 00:00:00,42588.0,42626.9,42256.5,42529.1,839.01444977
2024-02-05 02:00:00,42529.0,42725.8,42378.4,42719.4,406.56811187
2024-02-05 04:00:00,42716.8,42819.0,42635.4,42780.1,561.9510232
2024-02-05 06:00:00,42780.1,43172.5,42689.9,43073.4,1395.10619653
2024-02-05 08:00:00,43073.4,43199.8,42948.7,43039.2,472.20685808
2024-02-05 10:00:00,43039.3,43273.8,43039.3,43195.0,547.47913952
2024-02-05 12:00:00,43195.1,43571.8,43122.4,43448.8,763.39275012
2024-02-05 14:00:00,43448.8,43494.9,42593.9,42639.3,1354.74205227
2024-02-05 16:00:00,42639.3,42835.6,42500.0,42720.4,777.93726949
2024-02-05 18:00:00,42720.4,42866.7,42572.1,42767.3,399.13486463
2024-02-05 20:00:00,42767.2,42798.5,42329.0,42386.8,952.52389115
2024-02-05 22:00:00,42386.8,42721.7,42323.0,42707.1,539.41014846
2024-02-06 00:00:00,42707.1,42773.0,42570.8,42669.8,312.19889193
2024-02-06 02:00:00,42669.8,42958.3,42644.6,42849.4,431.64944133
2024-02-06 04:00:00,42849.4,42926.8,42754.3,42782.3,207.73578248
2024-02-06 06:00:00,42782.3,42915.9,42665.9,42893.2,368.26701728
2024-02-06 08:00:00,42893.2,43117.5,42881.1,42994.4,461.79004335
2024-02-06 10:00:00,42994.5,43108.0,42670.0,42826.9,765.49009313
2024-02-06 12:00:00,42822.1,43002.1,42652.7,42875.2,700.86532929
2024-02-06 14:00:00,42875.2,43276.8,42813.4,43247.7,1119.25023367
2024-02-06 16:00:00,43245.4,43388.0,43106.3,43177.4,703.63394996
2024-02-06 18:00:00,43181.8,43299.3,43004.0,43276.3,319.61719195
2024-02-06 20:00:00,43276.3,43320.0,43061.1,43162.3,301.67805852
2024-02-06 22:00:00,43162.3,43221.3,43030.2,43095.5,235.79265274
2024-02-07 00:00:00,43100.0,43191.8,43040.0,43048.4,292.46599078
2024-02-07 02:00:00,43048.4,43101.4,42787.8,42803.1,528.08553443
2024-02-07 04:00:00,42803.2,43050.0,42794.5,43026.4,523.15014206
2024-02-07 06:00:00,43027.4,43031.8,42889.2,42917.7,231.33422344
2024-02-07 08:00:00,42917.7,43200.0,42875.5,43144.1,431.16137504
2024-02-07 10:00:00,43147.9,43156.0,42840.1,42931.6,641.84578712
2024-02-07 12:00:00,42931.6,43185.3,42872.4,43138.7,587.74796268
2024-02-07 14:00:00,43138.8,43322.0,42912.9,43070.4,1036.65127012
2024-02-07 16:00:00,43070.5,43719.7,43009.6,43499.7,1429.63547203
2024-02-07 18:00:00,43499.6,43699.0,43428.6,43612.5,770.15579827
2024-02-07 20:00:00,43612.5,44422.1,43612.4,44190.0,2215.49077391
2024-02-07 22:00:00,44190.0,44366.0,44133.0,44349.7,641.76475046
2024-02-08 00:00:00,44345.8,44723.1,44330.0,44652.8,1513.60961555
2024-02-08 02:00:00,44652.8,44780.0,44532.0,44543.6,824.99333583
2024-02-08 04:00:00,44543.7,44640.5,44479.7,44558.3,416.95934504
2024-02-08 06:00:00,44558.4,44575.9,44428.2,44515.8,542.15046403
2024-02-08 08:00:00,44515.9,44784.8,44513.3,44691.4,772.70775525
2024-02-08 10:00:00,44691.2,44890.0,44684.3,44701.3,1043.08540875
2024-02-08 12:00:00,44701.6,44999.0,44605.9,44980.8,681.81483709
2024-02-08 14:00:00,44980.8,45477.5,44867.3,45434.9,2610.02688022
2024-02-08 16:00:00,45434.9,45498.0,44893.4,45040.9,1521.02250686
2024-02-08 18:00:00,45040.9,45440.0,44990.6,45281.9,509.73701348
2024-02-08 20:00:00,45282.0,45611.0,45266.9,45317.7,1121.66352917
2024-02-08 22:00:00,45317.7,45407.2,45219.3,45287.5,403.65286604
2024-02-09 00:00:00,45287.5,45510.0,45245.0,45495.4,531.13185222
2024-02-09 02:00:00,45495.5,46409.7,45439.9,46060.1,2384.04469119
2024-02-09 04:00:00,46060.2,46280.0,45859.5,46265.6,655.35483372
2024-02-09 06:00:00,46268.3,46423.7,46132.0,46207.3,976.75560005
2024-02-09 08:00:00,46207.3,46750.0,46202.6,46520.0,1135.22618533
2024-02-09 10:00:00,46524.2,47308.0,46520.9,47179.9,1705.5478005
2024-02-09 12:00:00,47180.0,47760.7,47124.8,47461.9,2991.27020398
2024-02-09 14:00:00,47461.9,47714.0,46670.1,47158.5,3547.31016422
2024-02-09 16:00:00,47158.6,47664.5,47128.3,47650.0,1344.60460162
2024-02-09 18:00:00,47649.9,48219.9,47241.1,47503.9,3262.15286063
2024-02-09 20:00:00,47503.4,47690.8,47293.0,47505.5,1314.15558225
2024-02-09 22:00:00,47505.5,47556.3,47038.2,47132.2,545.27310294
2024-02-10 00:00:00,47132.2,47361.1,47042.0,47300.1,573.69349471
2024-02-10 02:00:00,47300.1,47500.0,47266.1,47376.7,409.90227285
2024-02-10 04:00:00,47378.7,47435.8,47269.8,47333.4,225.85095577
2024-02-10 06:00:00,47333.4,47354.2,47142.9,47145.4,280.69491195
2024-02-10 08:00:00,47145.5,47270.6,47052.4,47065.9,285.11632589
2024-02-10 10:00:00,47066.0,47194.7,46841.6,47180.0,590.37391306
2024-02-10 12:00:00,47180.0,47382.0,47100.0,47300.0,510.7776979
2024-02-10 14:00:00,47300.1,47371.4,47234.2,47346.7,330.7574156
2024-02-10 16:00:00,47346.8,47350.0,47153.2,47194.0,247.9559709
2024-02-10 18:00:00,47193.3,47660.0,47178.0,47527.9,379.68714235
2024-02-10 20:00:00,47528.0,48175.5,47456.6,47941.4,850.49767871
2024-02-10 22:00:00,47944.1,47956.9,47590.6,47747.7,429.68765169
2024-02-11 00:00:00,47747.8,47782.0,47566.0,47627.1,214.77985236
2024-02-11 02:00:00,47627.2,48566.0,47625.0,48516.1,1316.57836307
2024-02-11 04:00:00,48521.7,48594.4,48132.8,48226.4,843.70662453
2024-02-11 06:00:00,48231.4,48351.1,48058.7,48180.0,478.80398631
2024-02-11 08:00:00,48179.9,48291.3,48076.0,48138.1,410.0408167
2024-02-11 10:00:00,48138.1,48438.4,47922.5,48408.9,477.13419231
2024-02-11 12:00:00,48409.0,48467.2,48026.4,48060.4,552.22784521
2024-02-11 14:00:00,48060.4,48245.9,47917.3,48148.4,337.51399337
2024-02-11 16:00:00,48148.4,48399.9,47949.9,48296.8,474.31908073
2024-02-11 18:00:00,48296.9,48389.8,48013.0,48283.0,353.77417862
2024-02-11 20:00:00,48283.1,48372.4,47967.2,48118.6,388.18669417
2024-02-11 22:00:00,48118.7,48306.6,48022.3,48299.9,331.16865454
2024-02-12 00:00:00,48299.9,48828.0,48227.3,48484.1,1066.29340631
2024-02-12 02:00:00,48485.0,48539.2,48009.1,48145.2,658.87441008
2024-02-12 04:00:00,48145.3,48185.9,48025.9,48067.8,338.64659532
2024-02-12 06:00:00,48067.9,48382.0,47708.5,48205.8,850.39439316
2024-02-12 08:00:00,48205.7,48314.3,47832.5,47884.0,460.22255289
2024-02-12 10:00:00,47884.0,48067.0,47705.7,47902.0,744.41513243
2024-02-12 12:00:00,47903.9,48050.1,47839.2,47951.3,283.05950942
2024-02-12 14:00:00,47951.2,49952.9,47927.9,49917.2,4166.62934634
2024-02-12 16:00:00,49917.3,50333.3,49394.9,49853.5,3691.28839541
2024-02-12 18:00:00,49848.1,49996.4,49503.1,49533.8,1369.52842639
2024-02-12 20:00:00,49533.8,50276.3,49533.8,49813.7,1369.633804
2024-02-12 22:00:00,49817.0,50071.2,49815.0,49920.0,658.08933268
2024-02-13 00:00:00,49919.9,50385.1,49900.1,50144.1,923.25073998
2024-02-13 02:00:00,50142.6,50158.0,49739.4,49790.0,711.96018817
2024-02-13 04:00:00,49793.0,50053.8,49789.7,50053.8,402.88780764
2024-02-13 06:00:00,50054.0,50121.9,49890.3,49988.2,594.05716057
2024-02-13 08:00:00,49990.9,50246.5,49966.2,50201.8,488.28754275
2024-02-13 10:00:00,50201.7,50225.2,49650.0,49983.6,895.51925333
2024-02-13 12:00:00,49986.9,49995.5,49194.0,49530.1,1572.36055035
2024-02-13 14:00:00,49530.1,49655.4,48400.0,48723.1,4065.12126094
2024-02-13 16:00:00,48724.0,48886.0,48300.0,48845.1,1837.16045703
2024-02-13 18:00:00,48841.3,49270.6,48820.3,49040.0,1345.95663679
2024-02-13 20:00:00,49040.0,49740.6,49018.0,49528.4,1637.61740625
2024-02-13 22:00:00,49528.9,49796.9,49316.6,49694.6,432.18251782
2024-02-14 00:00:00,49700.4,49718.7,49332.0,49433.3,630.14602562
2024-02-14 02:00:00,49433.3,49618.0,49374.7,49520.4,295.66390521
2024-02-14 04:00:00,49520.4,49636.2,49228.3,49544.8,482.51523011
2024-02-14 06:00:00,49544.8,49875.0,49512.8,49835.4,796.45163437
2024-02-14 08:00:00,49835.4,51688.0,49734.7,51542.6,4212.59850267
2024-02-14 10:00:00,51542.5,51754.3,51000.0,51553.0,1812.60532093
2024-02-14 12:00:00,51553.0,51831.5,51418.0,51785.1,1398.8387864
2024-02-14 14:00:00,51785.0,52045.7,51297.0,51590.9,2616.16689069
2024-02-14 16:00:00,51596.7,51748.4,51201.6,51668.0,1558.42494553
2024-02-14 18:00:00,51668.0,51690.7,51192.5,51681.9,742.61343746
2024-02-14 20:00:00,51681.9,51868.1,51464.7,51731.8,983.62480667
2024-02-14 22:00:00,51731.9,51893.1,51607.1,51795.6,351.17918809
2024-02-15 00:00:00,51797.6,52500.0,51720.0,51904.9,2161.47373862
2024-02-15 02:00:00,51904.9,52394.1,51866.7,52349.0,885.65043698
2024-02-15 04:00:00,52349.0,52367.4,51819.0,51958.6,668.72386672
2024-02-15 06:00:00,51958.5,52101.0,51632.7,51784.4,932.44406341
2024-02-15 08:00:00,51784.4,52273.1,51640.2,52169.0,735.37662181
2024-02-15 10:00:00,52169.2,52507.0,52098.0,52327.5,1161.25603303
2024-02-15 12:00:00,52327.5,52496.8,52067.1,52216.0,790.66173322
2024-02-15 14:00:00,52216.0,52813.0,51703.5,51948.0,3244.85966023
2024-02-15 16:00:00,51948.0,52386.8,51737.4,51882.4,1638.81562885
2024-02-15 18:00:00,51882.5,52068.3,51718.3,52005.0,1258.78100833
2024-02-15 20:00:00,52006.0,52012.0,51309.5,51324.0,1491.76008134
2024-02-15 22:00:00,51320.4,51971.8,51313.4,51880.4,616.92885811
2024-02-16 00:00:00,51880.4,52163.1,51808.0,51954.1,608.66493455
2024-02-16 02:00:00,51954.1,52333.3,51851.3,52274.2,865.66377099
2024-02-16 04:00:00,52274.3,52348.5,52011.8,52072.0,742.09238027
2024-02-16 06:00:00,52072.1,52169.8,51725.0,51745.9,1235.25683509
2024-02-16 08:00:00,51745.9,52017.3,51562.5,51836.7,985.59644218
2024-02-16 10:00:00,51836.7,52425.0,51790.2,52211.9,789.47285255
2024-02-16 12:00:00,52211.9,52498.8,52096.0,52463.3,842.48604205
2024-02-16 14:00:00,52463.4,52574.2,51588.0,51878.8,2390.19141535
2024-02-16 16:00:00,51878.8,52256.0,51801.9,52015.5,1220.98047852
2024-02-16 18:00:00,52015.5,52040.5,51666.0,51755.6,678.63266437
2024-02-16 20:00:00,51755.7,52009.6,51685.7,51982.1,706.67350193
2024-02-16 22:00:00,51982.1,52223.2,51888.8,52126.7,476.46686253
2024-02-17 00:00:00,52126.7,52165.9,51850.0,51971.8,429.3722408
2024-02-17 02:00:00,51971.9,52023.0,51880.1,51974.8,197.57377762
2024-02-17 04:00:00,51974.8,52058.9,51791.8,51923.0,261.43867652
2024-02-17 06:00:00,51923.1,51971.9,51884.0,51912.7,210.06616609
2024-02-17 08:00:00,51912.8,51912.8,51666.0,51680.0,599.78408967
2024-02-17 10:00:00,51680.1,51805.0,51502.1,51691.0,859.36849511
2024-02-17 12:00:00,51690.9,51740.3,51087.7,51182.3,1325.20005523
2024-02-17 14:00:00,51182.3,51328.1,50618.6,50980.1,1681.9622117
2024-02-17 16:00:00,50980.1,51266.9,50738.1,51210.1,696.7424877
2024-02-17 18:00:00,51210.0,51444.0,51138.4,51395.0,389.76901929
2024-02-17 20:00:00,51395.0,52044.8,51290.6,51794.8,791.78319404
2024-02-17 22:00:00,51794.7,51871.1,51582.7,51646.0,391.50120336
2024-02-18 00:00:00,51646.0,51796.5,51478.2,51528.7,408.44799557
2024-02-18 02:00:00,51529.1,51555.8,51154.0,51479.8,631.31334244
2024-02-18 04:00:00,51479.9,51693.8,51469.7,51658.2,243.45730924
2024-02-18 06:00:00,51658.2,51742.6,51401.1,51671.4,336.42312745
2024-02-18 08:00:00,51671.5,52000.0,51644.8,51978.6,478.9740229
2024-02-18 10:00:00,51978.6,52070.0,51650.8,51824.9,424.92462732
2024-02-18 12:00:00,51824.9,51867.8,51533.4,51621.4,324.32382414
2024-02-18 14:00:00,51621.4,51950.0,51621.4,51781.4,388.27201731
2024-02-18 16:00:00,51781.5,51980.0,51648.0,51836.0,443.84102363
2024-02-18 18:00:00,51836.0,51872.7,51650.1,51761.3,209.81062596
2024-02-18 20:00:00,51760.1,51925.5,51594.7,51861.1,180.94405602
2024-02-18 22:00:00,51861.2,52399.5,51824.9,52138.3,1258.87252945
2024-02-19 00:00:00,52138.5,52445.7,51900.0,52086.5,607.50184329
2024-02-19 02:00:00,52086.6,52210.7,51980.4,52064.1,387.93684877
2024-02-19 04:00:00,52064.1,52226.0,51987.0,52136.1,412.2489678
2024-02-19 06:00:00,52136.1,52489.2,52136.1,52396.1,823.20741042
2024-02-19 08:00:00,52396.1,52416.4,52066.7,52257.4,562.72484643
2024-02-19 10:00:00,52257.4,52455.4,52150.2,52338.1,431.43140662
2024-02-19 12:00:00,52338.1,52460.7,52118.5,52148.9,585.07355475
2024-02-19 14:00:00,52148.9,52350.0,52028.7,52127.6,523.6125796
2024-02-19 16:00:00,52127.6,52230.5,51680.1,52154.7,966.00442577
2024-02-19 18:00:00,52154.6,52200.6,51777.9,51822.1,550.01096108
2024-02-19 20:00:00,51820.9,51935.6,51700.9,51899.0,332.33772575
2024-02-19 22:00:00,51900.8,52111.1,51698.6,51775.6,613.98396899
2024-02-20 00:00:00,51775.5,51826.6,51290.0,51625.1,995.30767425
2024-02-20 02:00:00,51625.1,51799.5,51535.1,51576.9,548.02671273
2024-02-20 04:00:00,51576.9,51985.3,51508.4,51907.6,749.93293419
2024-02-20 06:00:00,51907.6,52044.1,51797.3,51838.9,544.69820243
2024-02-20 08:00:00,51838.9,51890.0,51552.3,51757.6,670.82176861
2024-02-20 10:00:00,51757.6,52391.0,51757.6,52293.1,1000.48882697
2024-02-20 12:00:00,52293.2,53006.0,52129.6,52838.9,2473.92771329
2024-02-20 14:00:00,52838.9,52866.8,51345.0,51676.9,3821.2434741
2024-02-20 16:00:00,51676.9,51787.2,50752.3,51321.2,2603.74744664
2024-02-20 18:00:00,51321.2,52143.9,51217.4,52099.9,1349.41003371
2024-02-20 20:00:00,52099.9,52225.8,51893.0,52027.7,1093.99897593
2024-02-20 22:00:00,52027.1,52526.6,52002.1,52265.4,852.74317125
2024-02-21 00:00:00,52265.5,52371.4,52049.2,52102.3,506.6317903
2024-02-21 02:00:00,52104.8,52159.0,51989.5,52002.0,363.44126132
2024-02-21 04:00:00,52002.0,52112.2,51810.0,51832.8,432.77421381
2024-02-21 06:00:00,51832.7,51900.9,51433.6,51565.5,790.30854004
2024-02-21 08:00:00,51565.6,51787.3,50972.8,51095.5,1279.15459473
2024-02-21 10:00:00,51095.4,51411.3,50810.0,50965.3,1241.53479018
2024-02-21 12:00:00,50964.1,51444.0,50533.8,51187.1,1837.54439808
2024-02-21 14:00:00,51187.2,51327.5,50744.3,51156.8,1809.38907175
2024-02-21 16:00:00,51156.9,51428.0,50891.8,50934.3,975.56810173
2024-02-21 18:00:00,50934.3,51114.0,50650.0,51060.9,994.50910548
2024-02-21 20:00:00,51060.8,51392.3,50859.0,51389.2,883.15014346
2024-02-21 22:00:00,51389.3,51954.9,51223.9,51848.0,895.95758409
2024-02-22 00:00:00,51848.1,51879.9,51150.0,51235.2,795.18657727
2024-02-22 02:00:00,51235.2,51658.6,51220.9,51583.5,375.87449768
2024-02-22 04:00:00,51583.5,51679.9,51349.5,51523.5,491.70426378
2024-02-22 06:00:00,51523.5,51912.0,51523.5,51825.6,837.15701352
2024-02-22 08:00:00,51825.6,52036.4,51666.0,51943.9,1259.2448418
2024-02-22 10:00:00,51943.9,51943.9,51520.0,51625.5,572.39268743
2024-02-22 12:00:00,51625.5,51731.2,50936.0,51161.5,1282.93341496
2024-02-22 14:00:00,51161.6,51678.6,51050.0,51602.5,1184.70498106
2024-02-22 16:00:00,51602.4,51747.4,51400.0,51689.2,777.64477325
2024-02-22 18:00:00,51689.3,51736.3,51465.1,51515.6,437.03911034
2024-02-22 20:00:00,51515.6,52080.0,51465.1,51659.0,1281.38922216
2024-02-22 22:00:00,51659.1,51720.2,51169.0,51290.0,900.08549795
2024-02-23 00:00:00,51290.1,51547.3,51265.0,51312.9,422.46100817
2024-02-23 02:00:00,51312.9,51424.2,50963.7,51100.0,901.84536582
2024-02-23 04:00:00,51100.0,51318.3,50990.0,51233.2,575.01040769
2024-02-23 06:00:00,51233.1,51314.1,50875.0,50917.4,1006.91824825
2024-02-23 08:00:00,50917.4,51177.8,50829.8,51010.8,1003.16999603
2024-02-23 10:00:00,51010.7,51256.0,50958.6,51215.2,564.14872225
2024-02-23 12:00:00,51215.2,51226.0,50910.0,51055.7,843.43199136
2024-02-23 14:00:00,51055.8,51331.9,50788.0,50908.6,2215.12580341
2024-02-23 16:00:00,50908.6,51174.4,50630.5,51130.6,1284.36090505
2024-02-23 18:00:00,51130.6,51195.2,50992.9,51100.1,473.40149277
2024-02-23 20:00:00,51100.2,51165.6,50957.8,50977.8,408.23696463
2024-02-23 22:00:00,50977.8,51022.1,50513.1,50748.2,525.99338766
2024-02-24 00:00:00,50749.9,50915.0,50588.7,50592.1,423.61353843
2024-02-24 02:00:00,50592.0,50859.6,50574.0,50849.5,553.26062153
2024-02-24 04:00:00,50849.6,51064.9,50825.0,51042.7,362.49846613
2024-02-24 06:00:00,51041.4,51105.4,50942.8,51078.9,439.66582803
2024-02-24 08:00:00,51078.9,51123.6,50950.9,51080.1,268.00450151
2024-02-24 10:00:00,51080.1,51170.9,51015.2,51123.1,282.18908769
2024-02-24 12:00:00,51123.1,51178.0,51026.9,51139.9,320.24882239
2024-02-24 14:00:00,51139.9,51161.9,51068.0,51101.0,321.79820725
2024-02-24 16:00:00,51101.0,51700.0,51096.9,51534.0,886.05434824
2024-02-24 18:00:00,51539.6,51700.0,51411.9,51558.7,444.58630165
2024-02-24 20:00:00,51558.7,51646.2,51438.0,51561.3,446.34292566
2024-02-24 22:00:00,51560.2,51671.9,51494.6,51563.6,278.68764941
2024-02-25 00:00:00,51567.4,51690.0,51437.6,51685.9,388.794922
2024-02-25 02:00:00,51685.8,51910.0,51456.0,51625.0,798.28128568
2024-02-25 04:00:00,51625.0,51729.9,51508.9,51665.2,212.71659765
2024-02-25 06:00:00,51665.3,51808.0,51628.1,51722.2,305.96402972
2024-02-25 08:00:00,51722.1,51781.1,51526.3,51642.5,369.19839786
2024-02-25 10:00:00,51640.3,51704.3,51553.6,51644.0,245.55123686
2024-02-25 12:00:00,51644.1,51696.7,51551.4,51612.8,322.62087901
2024-02-25 14:00:00,51612.8,51786.7,51430.0,51522.1,547.61215192
2024-02-25 16:00:00,51520.9,51629.4,51266.4,51568.3,715.89194248
2024-02-25 18:00:00,51568.3,51743.2,51500.0,51672.3,319.80865975
2024-02-25 20:00:00,51672.3,51984.8,51641.9,51765.0,687.80119807
2024-02-25 22:00:00,51765.1,51871.9,51650.1,51731.4,402.47447456
2024-02-26 00:00:00,51731.4,51808.0,51470.8,51473.8,462.25062544
2024-02-26 02:00:00,51473.8,51571.0,51405.6,51558.1,358.64533189
2024-02-26 04:00:00,51558.1,51607.2,51431.5,51577.0,417.21950275
2024-02-26 06:00:00,51577.1,51607.9,51289.2,51293.2,542.02032249
2024-02-26 08:00:00,51293.2,51376.1,50902.2,50950.0,1139.84879635
2024-02-26 10:00:00,50949.9,51248.1,50936.8,51091.4,454.247092
2024-02-26 12:00:00,51091.5,51440.3,50940.5,51226.9,659.87627703
2024-02-26 14:00:00,51226.9,52848.0,51207.9,52843.2,2942.18673374
2024-02-26 16:00:00,52843.2,53650.7,52744.2,53498.1,2758.53272317
2024-02-26 18:00:00,53498.0,54532.6,53295.1,54488.7,2769.55819559
2024-02-26 20:00:00,54485.6,54923.0,54256.0,54634.0,1903.54876299
2024-02-26 22:00:00,54634.1,54804.7,54440.8,54471.0,656.05371077
2024-02-27 00:00:00,54473.9,55803.0,54451.0,55776.6,1682.83179033
2024-02-27 02:00:00,55776.6,57500.0,55511.1,55672.2,4176.30565877
2024-02-27 04:00:00,55672.2,56197.7,55584.0,56062.1,1334.41859071
2024-02-27 06:00:00,56062.0,56450.2,55817.7,56050.5,1367.04999424
2024-02-27 08:00:00,56050.5,56755.1,56024.1,56614.9,1194.01233394
2024-02-27 10:00:00,56614.9,56822.1,56320.7,56531.7,978.10685899
2024-02-27 12:00:00,56531.7,57430.8,56451.4,57113.7,2269.21670703
2024-02-27 14:00:00,57113.8,57328.3,56605.4,56747.9,1997.63232582
2024-02-27 16:00:00,56748.0,57209.8,56201.7,56765.2,1752.22367453
2024-02-27 18:00:00,56764.8,57614.3,56677.4,57337.4,1050.93526263
2024-02-27 20:00:00,57337.4,57366.1,56564.5,56708.5,1690.00218216
2024-02-27 22:00:00,56708.4,57110.0,56633.3,57038.6,574.33207335
2024-02-28 00:00:00,57042.9,57103.4,56759.4,56775.4,659.71584213
2024-02-28 02:00:00,56775.5,56980.0,56700.0,56920.6,453.17836714
2024-02-28 04:00:00,56920.6,57291.1,56890.9,57076.1,757.64820114
2024-02-28 06:00:00,57076.1,58372.5,57051.0,58246.0,1655.53442341
2024-02-28 08:00:00,58245.9,59488.3,58159.0,59297.7,3093.1695307
2024-02-28 10:00:00,59297.8,59500.0,58452.9,58946.0,1634.35412768
2024-02-28 12:00:00,58946.1,60850.0,58893.3,60453.0,2985.55430327
2024-02-28 14:00:00,60453.0,61364.7,59781.4,60966.9,3331.2557103
2024-02-28 16:00:00,60966.8,64085.2,58666.0,61388.0,10311.44682149
2024-02-28 18:00:00,61381.3,61538.8,59201.0,60945.8,5427.47689968
2024-02-28 20:00:00,60945.8,61082.9,59775.6,60551.7,3506.47571054
2024-02-28 22:00:00,60551.8,62650.0,60496.8,62426.1,1529.72353259
2024-02-29 00:00:00,62427.0,62436.8,61010.0,61367.6,1823.56468264
2024-02-29 02:00:00,61367.5,61734.4,61076.9,61554.8,978.90576597
2024-02-29 04:00:00,61554.8,62683.2,61330.0,62528.1,1633.51115831
2024-02-29 06:00:00,62532.0,63661.0,62466.0,62700.1,2631.08452441
2024-02-29 08:00:00,62705.3,63124.8,62265.7,62689.2,1467.50298759
2024-02-29 10:00:00,62689.2,63359.5,62099.9,62943.7,1275.0328817
2024-02-29 12:00:00,62943.7,63054.0,62043.0,62930.8,1293.72458889
2024-02-29 14:00:00,62930.8,63520.9,62563.6,62764.2,1599.29810583
2024-02-29 16:00:00,62764.2,62881.0,60508.6,60981.8,2595.12932299
2024-02-29 18:00:00,60988.1,61652.6,60372.0,61611.8,1711.05636242
2024-02-29 20:00:00,61601.3,62291.6,60584.3,61384.1,2184.58527184
2024-02-29 22:00:00,61386.3,61539.3,60686.3,61149.9,941.41955444
2024-03-01 00:00:00,61150.0,61756.1,61124.0,61214.6,847.16244011
2024-03-01 02:00:00,61214.6,61222.2,60773.3,61105.3,1051.56358722
2024-03-01 04:00:00,61103.3,61545.6,61058.3,61312.1,629.34385947
2024-03-01 06:00:00,61312.0,61772.1,61204.2,61441.9,1354.05023839
2024-03-01 08:00:00,61442.0,62288.7,61313.9,62129.6,1122.88921826
2024-03-01 10:00:00,62129.5,62198.0,61809.5,61864.6,621.05406062
2024-03-01 12:00:00,61864.6,62677.6,61854.1,62460.6,1188.49623576
2024-03-01 14:00:00,62460.7,62488.6,61132.7,61272.5,2161.35875263
2024-03-01 16:00:00,61272.6,62090.0,61242.5,61908.6,1176.14036335
2024-03-01 18:00:00,61908.6,62498.0,61821.0,62215.2,1237.9406725
2024-03-01 20:00:00,62216.7,63114.4,62216.7,62516.6,1438.12958346
2024-03-01 22:00:00,62516.6,62722.9,62290.8,62376.9,742.87428932
2024-03-02 00:00:00,62376.9,62441.0,61941.5,62025.6,767.76693092
2024-03-02 02:00:00,62025.6,62436.7,61946.1,62305.6,628.52388096
2024-03-02 04:00:00,62305.7,62309.9,61700.0,62007.9,834.56965001
2024-03-02 06:00:00,62008.0,62256.1,61790.4,62017.0,663.42613849
2024-03-02 08:00:00,62017.0,62123.4,61642.6,61838.7,575.7256605
2024-03-02 10:00:00,61838.8,62063.2,61803.9,61825.1,405.39270447
2024-03-02 12:00:00,61825.0,62160.0,61802.2,61804.5,545.88989503
2024-03-02 14:00:00,61802.4,61982.9,61559.7,61776.7,729.0441519
2024-03-02 16:00:00,61776.7,61943.6,61632.8,61755.8,348.86800988
2024-03-02 18:00:00,61755.8,62111.9,61738.2,62111.9,248.71259147
2024-03-02 20:00:00,62111.9,62196.5,61764.3,61900.0,365.60770461
2024-03-02 22:00:00,61900.0,62081.5,61693.9,62010.0,442.70270182
2024-03-03 00:00:00,62008.0,62008.0,61733.5,61800.1,382.23841516
2024-03-03 02:00:00,61800.2,61999.0,61641.4,61930.1,447.10075307
2024-03-03 04:00:00,61930.2,62100.0,61879.2,61897.7,357.32084157
2024-03-03 06:00:00,61897.7,62044.8,61307.0,61587.7,1276.21243773
2024-03-03 08:00:00,61589.9,61911.6,61401.1,61719.8,794.85050914
2024-03-03 10:00:00,61719.8,61836.0,61610.1,61836.0,207.44921048
2024-03-03 12:00:00,61836.2,62642.7,61818.0,62397.9,1443.70018154
2024-03-03 14:00:00,62397.9,62425.9,62096.7,62172.1,516.73766609
2024-03-03 16:00:00,62172.1,62991.9,62090.3,62576.7,1167.76203564
2024-03-03 18:00:00,62576.8,62874.1,62576.8,62731.3,322.92142031
2024-03-03 20:00:00,62731.3,62860.0,62580.0,62824.6,301.51865245
2024-03-03 22:00:00,62824.7,63248.5,62694.7,63112.7,842.06928642
2024-03-04 00:00:00,63112.6,64266.5,62273.2,63507.9,3264.64685251
2024-03-04 02:00:00,63512.6,63880.0,63102.1,63462.1,1269.5257352
2024-03-04 04:00:00,63462.2,63776.3,63215.6,63360.2,714.68112737
2024-03-04 06:00:00,63350.0,64325.0,63329.4,64066.3,1226.48882441
2024-03-04 08:00:00,64066.4,65560.0,64019.1,65288.7,3196.06674114
2024-03-04 10:00:00,65288.7,65315.5,64728.3,65230.2,1517.1951862
2024-03-04 12:00:00,65230.3,65646.9,64875.2,65100.0,1364.55768457
2024-03-04 14:00:00,65100.0,66600.0,64503.7,66454.1,3886.98979852
2024-03-04 16:00:00,66454.1,67520.9,66050.0,66857.2,2949.46810014
2024-03-04 18:00:00,66857.2,67444.4,66071.0,67400.0,2245.92763553
2024-03-04 20:00:00,67400.0,67774.9,66772.3,67386.4,1758.52137683
2024-03-04 22:00:00,67381.7,68500.0,67253.0,68244.4,2134.79149921
2024-03-05 00:00:00,68244.4,68700.1,67772.4,68502.3,1475.53206052
2024-03-05 02:00:00,68507.3,68539.9,67539.5,68112.0,1885.90929807
2024-03-05 04:00:00,68111.7,68386.4,64970.4,66969.6,4040.72620582
2024-03-05 06:00:00,66969.5,67470.1,66100.0,66140.2,1939.50410781
2024-03-05 08:00:00,66140.2,66907.6,65530.0,66404.6,1721.98074926
2024-03-05 10:00:00,66404.7,67148.0,66404.7,66655.6,955.90501833
2024-03-05 12:00:00,66655.7,68041.0,66577.6,67773.0,1372.29458782
2024-03-05 14:00:00,67769.3,69080.0,66378.9,66778.0,5371.77000366
2024-03-05 16:00:00,66778.1,67003.1,63370.2,65569.9,8282.06955654
2024-03-05 18:00:00,65569.9,65569.9,59000.0,61447.4,6926.59974775
2024-03-05 20:00:00,61452.4,63966.3,61214.0,63250.0,4888.16923375
2024-03-05 22:00:00,63256.3,64353.0,62443.0,63719.5,2231.8192842
2024-03-06 00:00:00,63719.5,64141.9,63074.0,63104.5,1750.01438801
2024-03-06 02:00:00,63104.2,63515.0,62775.8,63268.5,1451.92816579
2024-03-06 04:00:00,63268.5,66412.5,63263.2,66400.0,3624.70214862
2024-03-06 06:00:00,66400.1,66784.2,65469.7,66679.4,1931.04560023
2024-03-06 08:00:00,66679.4,67647.4,66048.0,66126.0,2317.71296138
2024-03-06 10:00:00,66125.9,67324.1,66125.9,67297.7,1418.15155185
2024-03-06 12:00:00,67296.3,67599.0,64537.3,66333.4,4329.44696299
2024-03-06 14:00:00,66333.3,67220.1,65272.7,66485.7,3485.81228861
2024-03-06 16:00:00,66488.1,67321.0,66231.1,67315.4,1356.12242121
2024-03-06 18:00:00,67315.5,67470.7,66611.0,66746.2,958.95930141
2024-03-06 20:00:00,66744.1,67374.7,66256.3,66418.2,1301.41520742
2024-03-06 22:00:00,66420.9,66478.9,65700.3,66078.0,650.01557661
2024-03-07 00:00:00,66078.0,66461.5,65544.0,66421.6,1043.69920188
2024-03-07 02:00:00,66424.2,66471.7,65836.0,65861.9,735.26501296
2024-03-07 04:00:00,65855.6,66158.4,65656.0,65801.9,853.89760318
2024-03-07 06:00:00,65805.9,66465.2,65668.8,66385.0,699.55970353
2024-03-07 08:00:00,66390.7,67028.0,66336.6,66709.7,1069.17925129
2024-03-07 10:00:00,66709.7,67278.7,66483.2,66899.9,953.39188094
2024-03-07 12:00:00,66900.0,67109.2,66588.0,66909.5,682.44076861
2024-03-07 14:00:00,66904.9,67896.6,66524.0,67261.8,2490.24052973
2024-03-07 16:00:00,67252.2,67996.0,67001.8,67596.2,1351.07092694
2024-03-07 18:00:00,67593.0,67849.4,67210.0,67495.5,654.48469366
2024-03-07 20:00:00,67495.6,67916.0,67058.0,67241.5,827.30976583
2024-03-07 22:00:00,67241.5,67485.3,66815.1,66829.0,460.44553047
2024-03-08 00:00:00,66829.0,67255.5,66750.0,66935.0,531.0284085
2024-03-08 02:00:00,66934.4,67258.4,66836.0,67152.6,466.7982307
2024-03-08 04:00:00,67152.6,67255.0,66780.0,66907.8,405.40529281
2024-03-08 06:00:00,66905.7,67650.0,66841.1,67225.1,1168.09645805
2024-03-08 08:00:00,67225.2,67392.4,67031.8,67128.6,514.18290828
2024-03-08 10:00:00,67128.6,67759.5,67096.1,67739.8,781.11870147
2024-03-08 12:00:00,67745.7,67883.4,67300.0,67774.8,996.74151904
2024-03-08 14:00:00,67774.9,70040.0,67126.0,67618.1,7245.32829858
2024-03-08 16:00:00,67622.1,68794.6,66063.3,68334.2,6236.02376307
2024-03-08 18:00:00,68335.9,68874.9,68082.4,68873.9,1492.26665973
2024-03-08 20:00:00,68874.0,69383.0,67800.0,68176.8,2455.1296179
2024-03-08 22:00:00,68172.0,68426.5,67994.9,68125.0,583.13981373
2024-03-09 00:00:00,68124.9,68285.6,67858.9,67918.0,645.60076754
2024-03-09 02:00:00,67917.9,68277.2,67870.1,68242.9,355.58184512
2024-03-09 04:00:00,68242.9,68373.4,68128.3,68245.0,341.01823708
2024-03-09 06:00:00,68245.0,68553.7,68154.1,68297.1,427.62915998
2024-03-09 08:00:00,68292.4,68462.5,68147.7,68309.2,335.99059945
2024-03-09 10:00:00,68309.2,68353.6,67932.1,68302.0,700.00051883
2024-03-09 12:00:00,68306.8,68530.6,68192.7,68342.5,350.83153209
2024-03-09 14:00:00,68342.6,68395.5,68101.7,68288.8,381.27503387
2024-03-09 16:00:00,68288.7,68318.0,68000.0,68160.4,442.12697649
2024-03-09 18:00:00,68160.5,68331.7,68120.0,68196.1,244.96389874
2024-03-09 20:00:00,68196.1,68419.9,68196.1,68377.7,212.12804212
2024-03-09 22:00:00,68377.7,68435.4,68269.5,68311.6,176.36556067
2024-03-10 00:00:00,68311.6,69260.0,68203.4,68966.4,1329.74181187
2024-03-10 02:00:00,68966.5,69207.6,68709.2,69125.4,618.39630883
2024-03-10 04:00:00,69123.0,69666.4,69018.0,69329.1,845.74758156
2024-03-10 06:00:00,69333.9,69444.8,69055.3,69362.8,466.4299668
2024-03-10 08:00:00,69363.0,69879.5,69164.0,69796.1,1139.68208749
2024-03-10 10:00:00,69796.0,69910.7,69358.4,69565.9,1016.38498773
2024-03-10 12:00:00,69565.9,69830.5,69119.3,69325.4,1048.69098568
2024-03-10 14:00:00,69321.6,69473.3,68639.3,69191.5,1026.34881869
2024-03-10 16:00:00,69191.5,69783.4,69155.0,69421.8,869.63877574
2024-03-10 18:00:00,69421.8,69480.2,69116.7,69412.4,307.09576408
2024-03-10 20:00:00,69412.4,69464.9,69069.0,69102.8,311.24352945
2024-03-10 22:00:00,69102.7,69115.2,68050.0,68953.6,1449.20704703
2024-03-11 00:00:00,68953.7,68957.8,66944.1,68299.1,2714.59517218
2024-03-11 02:00:00,68299.1,68634.0,68252.1,68597.7,756.38102853
2024-03-11 04:00:00,68597.6,68824.9,68471.0,68547.5,453.26241959
2024-03-11 06:00:00,68547.5,71250.0,68448.0,70928.0,4294.51414028
2024-03-11 08:00:00,70928.0,71841.9,70919.6,71770.6,1869.53091142
2024-03-11 10:00:00,71770.6,72200.0,71279.9,71493.3,2192.02218252
2024-03-11 12:00:00,71493.3,72398.0,71335.2,71509.4,1976.0640889
2024-03-11 14:00:00,71509.4,72665.3,71489.2,72008.0,2268.98737614
2024-03-11 16:00:00,72008.1,72624.6,71789.0,72477.4,1724.47662027
2024-03-11 18:00:00,72477.4,72800.0,71761.0,71982.8,2172.68859419
2024-03-11 20:00:00,71982.8,72592.3,71837.9,72520.1,501.09793922
2024-03-11 22:00:00,72520.0,72778.5,72070.1,72084.4,684.0724804
2024-03-12 00:00:00,72084.4,72466.9,71902.7,72434.9,823.38586363
2024-03-12 02:00:00,72434.9,72435.0,71362.3,71615.5,1022.57431814
2024-03-12 04:00:00,71615.4,72099.8,71312.3,71983.9,879.98965937
2024-03-12 06:00:00,71980.1,72343.9,71447.7,72121.7,1144.02298104
2024-03-12 08:00:00,72121.7,72196.0,71400.1,71941.4,1113.82396715
2024-03-12 10:00:00,71941.4,72363.1,71648.1,72024.5,662.83621374
2024-03-12 12:00:00,72024.2,72332.9,71461.6,72290.1,1646.18446414
2024-03-12 14:00:00,72297.5,73095.2,70777.0,71702.0,3680.6049183
2024-03-12 16:00:00,71702.0,71835.0,68600.0,71132.6,5764.27888721
2024-03-12 18:00:00,71131.9,71663.7,70477.1,71341.5,2296.34936416
2024-03-12 20:00:00,71341.6,71347.0,70600.0,70835.9,814.23227772
2024-03-12 22:00:00,70839.6,71541.7,70678.5,71450.1,707.67060166
2024-03-13 00:00:00,71450.0,72120.0,71321.8,72001.7,1259.82222745
2024-03-13 02:00:00,72000.1,72216.4,71862.2,72061.0,763.63907424
2024-03-13 04:00:00,72061.1,72213.3,71920.0,72152.1,665.82663833
2024-03-13 06:00:00,72152.1,73196.2,72110.4,72852.6,1768.04559732
2024-03-13 08:00:00,72863.8,73625.6,72824.8,73304.1,1211.91180202
2024-03-13 10:00:00,73304.2,73472.0,73050.5,73069.4,769.37314317
2024-03-13 12:00:00,73069.6,73185.9,71622.7,72176.7,1656.22333826
2024-03-13 14:00:00,72176.8,73090.3,71997.1,72624.1,1608.76841834
2024-03-13 16:00:00,72624.2,73185.1,72346.3,72830.2,894.64206067
2024-03-13 18:00:00,72830.6,73378.8,72724.1,73346.8,1075.1299322
2024-03-13 20:00:00,73359.8,73417.9,72915.9,73241.1,513.33399073
2024-03-13 22:00:00,73246.4,73273.4,72830.6,73082.7,450.4466626
2024-03-14 00:00:00,73082.7,73173.3,72500.0,72929.5,627.45461863
2024-03-14 02:00:00,72929.5,73294.8,72804.0,73265.7,783.06057807
2024-03-14 04:00:00,73265.6,73680.0,72683.0,73147.9,1240.17964221
2024-03-14 06:00:00,73148.0,73787.1,73105.0,73228.4,1067.86622142
2024-03-14 08:00:00,73228.3,73532.0,73111.0,73331.7,534.03702772
2024-03-14 10:00:00,73331.7,73344.2,72599.9,72884.1,847.88784625
2024-03-14 12:00:00,72884.1,73047.3,71431.8,71875.3,2304.00601339
2024-03-14 14:00:00,71873.1,72533.3,70581.4,70843.3,3169.62876456
2024-03-14 16:00:00,70843.3,71462.8,69855.2,71032.5,2478.87664891
2024-03-14 18:00:00,71032.6,71036.5,68600.0,69418.4,4340.47061265
2024-03-14 20:00:00,69410.4,71195.6,69300.8,71103.3,1713.7739113
2024-03-14 22:00:00,71103.2,71714.1,71080.8,71399.3,782.42623486
2024-03-15 00:00:00,71399.4,72432.0,71251.3,71630.4,1072.07063971
2024-03-15 02:00:00,71630.5,71764.7,66700.9,68220.0,6246.51550237
2024-03-15 04:00:00,68220.0,68514.9,66920.6,67453.7,3284.21420622
2024-03-15 06:00:00,67453.6,68865.7,67430.5,68449.9,1741.27958318
2024-03-15 08:00:00,68449.9,68609.1,65588.0,67811.4,4740.32053967
2024-03-15 10:00:00,67805.0,68099.4,66739.2,67762.1,1825.00070837
2024-03-15 12:00:00,67756.0,68668.0,67414.0,68472.9,1920.3097498
2024-03-15 14:00:00,68472.9,68747.9,67865.5,68165.3,1471.12363424
2024-03-15 16:00:00,68165.3,68426.1,67515.0,68224.0,1483.32327125
2024-03-15 18:00:00,68224.0,70659.3,68214.4,68970.4,3312.48611782
2024-03-15 20:00:00,68971.8,68979.9,67408.0,68316.6,1679.9633207
2024-03-15 22:00:00,68316.7,69755.0,68215.5,69500.0,981.99546749
2024-03-16 00:00:00,69500.0,70050.0,69055.7,69287.6,1186.2433532
2024-03-16 02:00:00,69287.7,69461.5,68927.5,69203.2,607.4657117
2024-03-16 04:00:00,69203.2,69299.0,68604.1,68985.5,705.33606759
2024-03-16 06:00:00,68985.6,69461.5,68930.0,69434.8,512.07832944
2024-03-16 08:00:00,69434.8,69442.7,68857.1,68944.2,578.35878593
2024-03-16 10:00:00,68950.6,69002.7,67729.8,68263.8,1351.92211534
2024-03-16 12:00:00,68253.4,68470.4,67651.0,67708.7,927.12428902
2024-03-16 14:00:00,67708.6,68497.6,67520.0,68385.8,1032.14309083
2024-03-16 16:00:00,68385.9,68415.8,67100.1,67273.4,1036.37032915
2024-03-16 18:00:00,67276.8,67714.8,66666.6,66908.2,2023.23849745
2024-03-16 20:00:00,66908.2,67542.0,66024.0,66245.2,1343.1097568
2024-03-16 22:00:00,66236.8,66800.1,64742.5,65308.1,3067.58523908
2024-03-17 00:00:00,65308.2,66314.3,65138.0,66171.9,2008.07462055
2024-03-17 02:00:00,66171.9,66585.3,66027.8,66544.0,916.49463792
2024-03-17 04:00:00,66544.0,66560.0,65992.1,66236.7,515.6895553
2024-03-17 06:00:00,66236.7,66362.3,64541.7,65635.8,2886.63631303
2024-03-17 08:00:00,65635.8,66817.6,65280.0,66460.1,1707.15635447
2024-03-17 10:00:00,66460.1,67524.5,66408.0,66959.9,1622.25760577
2024-03-17 12:00:00,66959.9,67472.0,66433.1,67125.6,1221.62663313
2024-03-17 14:00:00,67126.2,68128.0,66891.1,67963.8,1305.88615599
2024-03-17 16:00:00,67963.7,68684.9,67751.9,68544.5,1191.7830088
2024-03-17 18:00:00,68544.6,68625.2,68070.4,68531.4,417.48750302
2024-03-17 20:00:00,68531.4,68670.1,67953.2,68156.3,448.83060824
2024-03-17 22:00:00,68156.4,68910.5,68083.4,68399.1,916.40187595
2024-03-18 00:00:00,68399.1,68427.0,66800.0,67627.9,1501.37918665
2024-03-18 02:00:00,67634.6,68195.8,67391.6,67974.1,1088.27166252
2024-03-18 04:00:00,67974.1,68974.0,67705.6,68692.2,1016.80084622
2024-03-18 06:00:00,68694.5,68723.2,68124.8,68219.1,986.48537473
2024-03-18 08:00:00,68219.1,68238.7,67304.1,67846.1,1202.03382242
2024-03-18 10:00:00,67840.2,68484.8,67694.8,68253.4,680.77479095
2024-03-18 12:00:00,68253.3,68620.7,67172.9,67550.2,1678.29681429
2024-03-18 14:00:00,67547.7,67814.3,66635.0,67480.0,2082.92581627
2024-03-18 16:00:00,67478.3,68074.0,66560.0,67383.7,1918.06615615
2024-03-18 18:00:00,67383.7,67456.5,66871.4,66936.4,816.10704143
2024-03-18 20:00:00,66941.8,67890.5,66941.8,67612.0,641.8494603
2024-03-18 22:00:00,67610.9,67999.9,67283.7,67611.9,700.28376966
2024-03-19 00:00:00,67611.9,68121.6,65790.1,65853.9,2640.74550965
2024-03-19 02:00:00,65853.9,66380.0,64853.5,65880.1,3164.68160538
2024-03-19 04:00:00,65874.2,65984.9,64624.5,65203.7,1802.07033715
2024-03-19 06:00:00,65203.8,65431.1,63583.1,64699.9,2887.67819436
2024-03-19 08:00:00,64699.9,64708.4,63000.0,64147.9,4230.10293178
2024-03-19 10:00:00,64147.9,64154.7,62511.7,63084.9,3210.24669954
2024-03-19 12:00:00,63084.9,63862.0,63000.0,63563.3,2182.02181259
2024-03-19 14:00:00,63563.3,64156.2,62393.7,64056.9,3185.92798342
2024-03-19 16:00:00,64053.4,65765.0,63972.1,64866.5,3564.30354017
2024-03-19 18:00:00,64863.9,65322.1,64200.0,64398.4,1642.21746817
2024-03-19 20:00:00,64398.4,64511.5,63535.8,63950.3,1266.26951594
2024-03-19 22:00:00,63950.3,64041.8,61558.8,61936.4,2719.11620677
2024-03-20 00:00:00,61936.4,63394.8,61845.6,62381.5,2450.90733849
2024-03-20 02:00:00,62381.5,63460.0,61650.5,61861.1,1911.7137117
2024-03-20 04:00:00,61868.4,62344.2,60767.5,61550.0,3383.36717454
2024-03-20 06:00:00,61548.3,63199.9,61520.3,62954.4,2008.86226149
2024-03-20 08:00:00,62959.8,63372.6,62637.3,63217.9,1555.55896876
2024-03-20 10:00:00,63219.9,63960.0,62838.0,63393.4,1360.87884847
2024-03-20 12:00:00,63393.3,64362.4,63069.6,63605.1,2118.93615395
2024-03-20 14:00:00,63605.0,64420.0,63407.3,63607.7,2250.25482172
2024-03-20 16:00:00,63604.5,64800.0,62026.3,64118.7,3845.62778312
2024-03-20 18:00:00,64113.6,66000.0,63952.2,65780.5,2414.02454642
2024-03-20 20:00:00,65783.8,67903.2,65655.0,67683.2,2238.09949492
2024-03-20 22:00:00,67686.2,68096.0,67342.7,67825.1,1258.68740707
2024-03-21 00:00:00,67834.0,68247.2,67422.3,67794.1,1512.39615495
2024-03-21 02:00:00,67794.0,67944.1,66349.7,66663.5,2003.43382513
2024-03-21 04:00:00,66663.5,67080.2,66083.5,67016.9,1593.30975721
2024-03-21 06:00:00,67009.9,67331.3,66905.6,66993.9,1069.88777273
2024-03-21 08:00:00,66994.0,67656.4,66629.6,66841.6,1480.69368267
2024-03-21 10:00:00,66841.7,67227.6,66659.7,67044.4,665.18790937
2024-03-21 12:00:00,67054.8,67688.0,66616.0,66733.8,1420.51388865
2024-03-21 14:00:00,66730.1,67396.4,66067.9,66571.2,1690.81934698
2024-03-21 16:00:00,66571.3,67000.0,65647.2,65727.2,1226.12110188
2024-03-21 18:00:00,65726.6,65871.9,64854.1,65227.8,2840.2954425
2024-03-21 20:00:00,65227.8,65944.3,64520.0,65650.8,1279.30128988
2024-03-21 22:00:00,65650.7,65864.0,65280.4,65507.9,626.63692476
2024-03-22 00:00:00,65504.0,65991.9,65201.4,65242.2,938.95507555
2024-03-22 02:00:00,65242.2,66170.1,65120.0,65972.3,1182.44271606
2024-03-22 04:00:00,65972.3,66442.7,65763.6,66428.0,695.24388601
2024-03-22 06:00:00,66428.0,66641.9,66125.0,66178.2,576.77213443
2024-03-22 08:00:00,66182.0,66369.0,65334.0,65491.6,834.2621413
2024-03-22 10:00:00,65492.0,65611.4,64056.6,64236.0,1610.4392865
2024-03-22 12:00:00,64232.2,64684.3,62824.6,63049.9,2428.39223322
2024-03-22 14:00:00,63060.2,64348.5,62579.8,63883.9,2974.55917132
2024-03-22 16:00:00,63883.9,63890.0,62716.4,63574.1,1672.32081133
2024-03-22 18:00:00,63583.9,64125.4,63428.6,63861.7,770.34356922
2024-03-22 20:00:00,63864.1,63982.0,62200.0,62971.1,1069.11947718
2024-03-22 22:00:00,62977.6,63814.7,62557.2,63801.5,741.10858227
2024-03-23 00:00:00,63801.5,64319.9,63549.7,64115.1,644.68405176
2024-03-23 02:00:00,64122.0,64361.6,63008.0,63565.2,713.41585984
2024-03-23 04:00:00,63558.8,64134.7,63513.6,64071.5,584.03642723
2024-03-23 06:00:00,64073.1,64866.9,63972.9,64574.1,666.83667647
2024-03-23 08:00:00,64574.1,64844.2,64184.7,64473.9,589.30511838
2024-03-23 10:00:00,64473.9,64730.0,64204.8,64639.9,447.53759724
2024-03-23 12:00:00,64640.7,64926.8,64275.9,64600.0,452.40063301
2024-03-23 14:00:00,64600.1,65420.3,64384.1,65099.9,1095.33535923
2024-03-23 16:00:00,65099.9,66000.0,64899.0,65652.1,808.54611944
2024-03-23 18:00:00,65652.0,65676.0,64787.7,64874.0,494.73362538
2024-03-23 20:00:00,64872.1,65200.0,64674.2,64941.1,245.99870328
2024-03-23 22:00:00,64940.0,65052.4,63888.8,63987.1,526.10675761
2024-03-24 00:00:00,63987.2,64719.1,63944.1,64479.9,311.72945724
2024-03-24 02:00:00,64480.1,64539.9,63910.4,63954.8,827.5620761
2024-03-24 04:00:00,63958.1,64372.6,63765.9,64300.0,781.23301323
2024-03-24 06:00:00,64302.0,64593.1,64031.2,64586.6,396.2687507
2024-03-24 08:00:00,64586.6,65260.2,64478.0,64887.8,926.48705372
2024-03-24 10:00:00,64886.1,65390.6,64871.2,65337.3,575.33721037
2024-03-24 12:00:00,65337.4,65838.0,65168.5,65364.0,1069.42128618
2024-03-24 14:00:00,65364.1,65944.7,65312.4,65673.1,728.28715586
2024-03-24 16:00:00,65674.5,65847.9,64609.2,65342.1,1133.38406532
2024-03-24 18:00:00,65334.0,66049.9,65333.9,65841.9,779.23121943
2024-03-24 20:00:00,65834.6,66708.8,65733.3,66526.5,801.96984421
2024-03-24 22:00:00,66526.6,67631.0,66480.0,67211.9,1044.31457734
2024-03-25 00:00:00,67211.9,67320.0,66400.0,66556.0,863.04339131
2024-03-25 02:00:00,66556.0,67344.7,66374.5,67344.7,801.06453014
2024-03-25 04:00:00,67344.8,67736.2,67040.0,67354.2,1661.90487575
2024-03-25 06:00:00,67354.2,67407.6,66725.0,66832.0,846.18153794
2024-03-25 08:00:00,66832.0,67199.9,66740.8,67058.1,770.55446382
2024-03-25 10:00:00,67058.1,67333.0,66766.2,66806.1,668.76011945
2024-03-25 12:00:00,66806.0,68022.6,66781.0,67994.0,1407.08939085
2024-03-25 14:00:00,67989.4,70016.0,67685.0,69785.7,4250.86913421
2024-03-25 16:00:00,69785.8,70830.9,69434.4,70547.4,1888.19263291
2024-03-25 18:00:00,70549.8,71000.0,70357.9,70961.9,1299.44101748
2024-03-25 20:00:00,70962.0,71142.0,69571.4,69860.6,1343.32049484
2024-03-25 22:00:00,69860.6,70705.1,69721.5,69869.8,1088.18202826
2024-03-26 00:00:00,69869.8,70312.0,69732.8,70282.1,535.61671218
2024-03-26 02:00:00,70280.1,70611.5,70045.3,70429.5,822.21966859
2024-03-26 04:00:00,70429.4,70673.5,70275.0,70305.5,494.91948216
2024-03-26 06:00:00,70305.5,71547.3,70276.5,70493.7,1504.31962179
2024-03-26 08:00:00,70493.6,71284.0,70263.9,71149.5,1040.37663208
2024-03-26 10:00:00,71149.6,71200.0,70588.2,70692.0,763.22017746
2024-03-26 12:00:00,70686.1,71148.0,70100.0,70397.9,1417.61437286
2024-03-26 14:00:00,70398.0,70684.6,69283.8,70257.0,2555.39588954
2024-03-26 16:00:00,70253.8,70508.3,69412.5,70070.1,1414.25759632
2024-03-26 18:00:00,70072.1,70423.0,69432.6,69470.0,1392.91355287
2024-03-26 20:00:00,69471.9,70198.5,69402.7,70004.0,405.13121966
2024-03-26 22:00:00,70004.0,70309.9,69652.6,69995.6,459.94244813
2024-03-27 00:00:00,69995.7,70735.2,69819.9,70324.5,1326.59768541
2024-03-27 02:00:00,70324.4,70682.7,70170.1,70393.9,796.73831855
2024-03-27 04:00:00,70396.0,70523.0,70046.1,70474.5,702.02891439
2024-03-27 06:00:00,70474.5,70582.0,69646.7,69729.0,807.04307854
2024-03-27 08:00:00,69733.7,70110.0,69410.8,70044.6,932.34543729
2024-03-27 10:00:00,70044.6,70349.9,69905.0,70221.7,793.26545135
2024-03-27 12:00:00,70220.6,71777.0,69500.0,69913.6,3195.00916826
2024-03-27 14:00:00,69904.0,70217.2,68538.0,68882.1,3480.10430985
2024-03-27 16:00:00,68883.7,69428.4,68400.0,68672.0,1525.71706775
2024-03-27 18:00:00,68671.2,68946.2,68413.4,68653.8,1249.27124171
2024-03-27 20:00:00,68653.8,69350.5,68626.1,68938.6,739.8959322
2024-03-27 22:00:00,68938.7,69631.9,68908.0,69466.4,1010.14452394
2024-03-28 00:00:00,69468.1,69987.5,69305.0,69448.1,787.95233025
2024-03-28 02:00:00,69448.1,69583.0,68908.0,69293.7,561.00116737
2024-03-28 04:00:00,69291.7,69925.0,69274.7,69710.8,520.21191769
2024-03-28 06:00:00,69710.9,70469.0,69644.3,70396.0,1347.8738487
2024-03-28 08:00:00,70396.2,70940.0,70290.0,70569.8,1476.01409929
2024-03-28 10:00:00,70569.9,70967.9,70337.6,70645.5,1026.5061595
2024-03-28 12:00:00,70640.0,71368.4,70322.0,70872.4,1675.57373234
2024-03-28 14:00:00,70872.2,71541.1,70662.9,71289.8,1367.08320321
2024-03-28 16:00:00,71295.3,71323.8,70466.0,70795.9,999.96104702
2024-03-28 18:00:00,70795.9,70986.8,70406.0,70800.4,818.93027558
2024-03-28 20:00:00,70804.7,70908.2,70619.9,70782.4,303.70416035
2024-03-28 22:00:00,70781.6,71074.2,70520.2,70785.1,351.86287451
2024-03-29 00:00:00,70785.2,70928.8,70599.9,70792.1,384.93163824
2024-03-29 02:00:00,70789.6,70821.4,70300.0,70450.3,674.79237837
2024-03-29 04:00:00,70448.1,70547.4,70188.0,70188.0,496.03159293
2024-03-29 06:00:00,70188.1,70500.0,69739.2,69768.6,1708.66897376
2024-03-29 08:00:00,69768.6,70086.0,69578.0,69739.8,859.70332666
2024-03-29 10:00:00,69739.8,70400.0,69571.5,70141.9,838.39530035
2024-03-29 12:00:00,70140.0,70630.7,69853.9,70428.0,793.3300842
2024-03-29 14:00:00,70428.1,70500.0,69001.1,69176.6,2038.36818468
2024-03-29 16:00:00,69176.7,69591.8,69091.0,69408.2,744.82936663
2024-03-29 18:00:00,69408.2,69664.8,69320.9,69663.5,226.70994656
2024-03-29 20:00:00,69661.5,69708.9,69285.8,69427.9,156.17714043
2024-03-29 22:00:00,69428.0,69925.9,69427.9,69857.7,306.06504658
2024-03-30 00:00:00,69857.7,70206.3,69714.2,69983.8,329.60222019
2024-03-30 02:00:00,69983.9,70035.9,69751.0,69780.0,163.2357707
2024-03-30 04:00:00,69779.9,70322.6,69753.9,70012.4,302.48506135
2024-03-30 06:00:00,70012.4,70117.3,69857.1,69858.0,605.50010652
2024-03-30 08:00:00,69858.1,70157.9,69813.6,70008.4,263.86210493
2024-03-30 10:00:00,70008.4,70180.0,69927.9,70175.7,241.70135355
2024-03-30 12:00:00,70175.8,70266.0,70076.8,70153.2,267.68016964
2024-03-30 14:00:00,70153.3,70184.1,69915.5,70002.0,242.69378358
2024-03-30 16:00:00,70001.9,70286.0,69901.2,70033.5,255.41919721
2024-03-30 18:00:00,70033.5,70033.5,69645.8,69886.3,449.68943082
2024-03-30 20:00:00,69886.4,69900.0,69616.1,69713.0,146.59219966
2024-03-30 22:00:00,69709.6,69831.7,69542.7,69591.1,231.77105054
2024-03-31 00:00:00,69598.0,70097.4,69566.7,70045.5,748.41550246
2024-03-31 02:00:00,70045.5,70160.3,69766.9,69914.6,237.48789498
2024-03-31 04:00:00,69919.3,70467.9,69874.2,70348.8,491.45390078
2024-03-31 06:00:00,70348.8,70400.0,70165.9,70306.6,337.29507364
2024-03-31 08:00:00,70306.6,70462.1,70152.0,70229.0,242.54177121
2024-03-31 10:00:00,70228.9,70453.9,70210.5,70385.4,210.95192567
2024-03-31 12:00:00,70386.5,70733.5,70329.6,70592.6,656.03373671
2024-03-31 14:00:00,70592.6,70677.8,70290.0,70394.0,295.30609495
2024-03-31 16:00:00,70394.0,70678.0,70318.6,70511.5,239.60894016
2024-03-31 18:00:00,70511.6,71228.4,70436.3,71021.8,970.82352728
2024-03-31 20:00:00,71021.9,71123.8,70625.0,70850.0,254.80388041
2024-03-31 22:00:00,70850.0,71400.1,70830.2,71290.5,566.57115456
2024-04-01 00:00:00,71286.0,71304.6,70790.8,70818.9,740.07411521
2024-04-01 02:00:00,70818.8,70913.0,70529.3,70590.0,349.31306043
2024-04-01 04:00:00,70590.1,70657.6,68940.9,69152.6,1994.06487518
2024-04-01 06:00:00,69152.6,69782.0,68852.6,69600.1,1954.20591532
2024-04-01 08:00:00,69600.1,69607.3,69166.0,69389.5,982.18403327
2024-04-01 10:00:00,69389.4,69814.8,69263.0,69463.9,539.87577468
2024-04-01 12:00:00,69463.9,70093.3,69406.8,69880.8,695.02349069
2024-04-01 14:00:00,69885.0,69941.1,68119.4,68230.0,3165.67849237
2024-04-01 16:00:00,68226.0,68786.0,68050.3,68736.9,923.89017032
2024-04-01 18:00:00,68736.9,69819.2,68446.1,69642.8,1486.92467551
2024-04-01 20:00:00,69642.8,69916.0,69322.5,69585.1,612.78252669
2024-04-01 22:00:00,69585.2,69873.4,69570.0,69652.8,487.41874308
2024-04-02 00:00:00,69652.9,69680.5,69043.9,69389.2,503.10633255
2024-04-02 02:00:00,69380.8,69422.5,65621.7,66707.1,4976.20749843
2024-04-02 04:00:00,66701.2,66933.2,66086.8,66747.2,1747.28393136
2024-04-02 06:00:00,66746.4,67111.1,66448.4,66467.9,945.22921402
2024-04-02 08:00:00,66468.0,66700.0,65727.2,66080.1,1786.30586948
2024-04-02 10:00:00,66080.1,66282.0,65060.0,65617.1,2442.00977835
2024-04-02 12:00:00,65617.1,65838.8,64588.8,65224.0,2386.64461837
2024-04-02 14:00:00,65234.1,66254.8,64666.0,64876.0,2212.9041205
2024-04-02 16:00:00,64883.1,65764.7,64566.4,65609.9,1300.62847186
2024-04-02 18:00:00,65608.1,66191.0,65379.7,65919.0,1189.42802648
2024-04-02 20:00:00,65918.3,66111.2,65209.7,65687.9,759.01352354
2024-04-02 22:00:00,65689.8,65930.9,65384.1,65474.6,490.37991435
2024-04-03 00:00:00,65468.8,65919.9,64403.1,65801.1,1638.37503967
2024-04-03 02:00:00,65801.1,66299.0,65689.6,66228.3,995.54341844
2024-04-03 04:00:00,66220.3,66476.2,65929.0,66080.1,673.02521753
2024-04-03 06:00:00,66080.1,66469.4,66059.6,66139.9,643.09594665
2024-04-03 08:00:00,66139.9,66636.8,65963.2,66480.4,817.5574719
2024-04-03 10:00:00,66480.4,66517.7,65533.9,66056.7,1149.65118013
2024-04-03 12:00:00,66056.7,66218.4,65630.9,65803.0,680.79756865
2024-04-03 14:00:00,65805.2,66908.3,65726.6,65836.7,2009.22401794
2024-04-03 16:00:00,65835.0,66593.5,65792.1,65957.4,699.26662096
2024-04-03 18:00:00,65957.4,66155.0,65462.6,65777.2,928.96206463
2024-04-03 20:00:00,65777.5,65940.8,65478.2,65930.9,324.26807453
2024-04-03 22:00:00,65930.9,66293.6,65857.0,65966.7,618.44130612
2024-04-04 00:00:00,65964.3,66363.9,65824.5,66141.8,820.30810463
2024-04-04 02:00:00,66138.9,66150.1,65466.0,65613.6,714.3827218
2024-04-04 04:00:00,65613.7,65700.0,65060.3,65587.3,1074.7331795
2024-04-04 06:00:00,65587.3,66277.9,65544.1,66083.2,860.4475061
2024-04-04 08:00:00,66083.3,66420.4,66012.8,66275.4,834.20195198
2024-04-04 10:00:00,66275.5,66478.1,66108.4,66345.8,445.97190445
2024-04-04 12:00:00,66344.0,67486.4,66322.9,67234.5,1690.16315652
2024-04-04 14:00:00,67234.5,67937.7,67075.3,67649.8,1390.93543856
2024-04-04 16:00:00,67649.9,68912.3,67532.9,68860.2,1768.38877025
2024-04-04 18:00:00,68860.1,69319.4,68309.8,68486.3,2517.40931659
2024-04-04 20:00:00,68490.4,68567.4,67301.4,67788.2,1546.61704768
2024-04-04 22:00:00,67788.3,68564.3,67600.2,68500.0,604.64641486
2024-04-05 00:00:00,68494.2,68747.9,67819.2,68165.4,779.69524075
2024-04-05 02:00:00,68162.8,68170.0,67433.9,67874.1,955.94419133
2024-04-05 04:00:00,67874.1,68036.1,66368.3,66888.1,1406.7193377
2024-04-05 06:00:00,66892.2,67181.8,66753.6,66932.7,808.31036863
2024-04-05 08:00:00,66932.8,67674.0,66369.3,66806.9,1133.24877208
2024-04-05 10:00:00,66802.9,67226.0,66372.3,66481.9,718.09435258
2024-04-05 12:00:00,66483.2,67590.0,65958.8,67496.7,1995.23727254
2024-04-05 14:00:00,67492.1,68577.9,67321.2,68201.4,2241.41551401
2024-04-05 16:00:00,68197.8,68380.0,67321.8,67446.0,857.63334626
2024-04-05 18:00:00,67445.9,68089.0,67304.0,67406.8,1029.24782686
2024-04-05 20:00:00,67406.7,67839.4,67342.8,67509.4,297.66587954
2024-04-05 22:00:00,67507.7,67986.3,67494.0,67833.5,255.76858351
2024-04-06 00:00:00,67833.5,68064.0,67665.0,67695.9,335.07103897
2024-04-06 02:00:00,67696.0,67886.3,67460.7,67791.9,253.69204135
2024-04-06 04:00:00,67792.0,68229.5,67617.2,68038.1,506.27766612
2024-04-06 06:00:00,68032.4,68188.0,67870.1,68004.3,287.42473811
2024-04-06 08:00:00,68004.4,68125.0,67778.9,67809.8,302.73990246
2024-04-06 10:00:00,67809.9,67913.2,67620.0,67669.7,161.48294211
2024-04-06 12:00:00,67666.1,67805.9,67539.4,67700.6,272.06391622
2024-04-06 14:00:00,67700.6,68309.0,67689.3,68112.8,538.23434388
2024-04-06 16:00:00,68106.2,68482.3,67941.7,68297.9,361.06335491
2024-04-06 18:00:00,68300.2,68428.5,68180.0,68264.5,189.53925833
2024-04-06 20:00:00,68264.4,68443.9,68173.9,68307.4,96.95175852
2024-04-06 22:00:00,68307.3,69696.0,68293.1,68896.7,1161.10839344
2024-04-07 00:00:00,68896.8,69640.0,68817.7,69536.0,678.39181767
2024-04-07 02:00:00,69536.1,69784.3,69233.4,69407.9,513.50159827
2024-04-07 04:00:00,69413.8,69498.9,69062.4,69401.6,392.78014463
2024-04-07 06:00:00,69401.6,69486.6,69120.0,69363.9,286.0427489
2024-04-07 08:00:00,69363.9,69562.0,69203.4,69284.1,365.92076362
2024-04-07 10:00:00,69284.1,69508.4,69201.0,69356.0,432.27871555
2024-04-07 12:00:00,69357.8,69558.0,69208.0,69358.1,332.53370349
2024-04-07 14:00:00,69358.2,69880.0,69222.4,69555.9,782.71497118
2024-04-07 16:00:00,69560.0,70329.3,69485.3,69804.1,1198.67362828
2024-04-07 18:00:00,69802.0,69836.7,68866.8,69066.1,586.46131458
2024-04-07 20:00:00,69068.8,69422.9,68959.1,69030.0,203.5018076
2024-04-07 22:00:00,69029.9,69479.5,68900.0,69358.0,328.33184503
2024-04-08 00:00:00,69354.5,69846.2,69045.7,69443.9,486.35140572
2024-04-08 02:00:00,69444.0,69497.9,69126.0,69460.3,608.79072099
2024-04-08 04:00:00,69460.1,69800.0,69273.9,69712.4,396.75877311
2024-04-08 06:00:00,69712.5,70852.4,69640.1,70712.9,1709.20917997
2024-04-08 08:00:00,70712.9,72632.0,70644.0,72212.0,4302.1189874
2024-04-08 10:00:00,72206.2,72650.0,71801.8,72395.1,1333.5209975
2024-04-08 12:00:00,72395.1,72799.0,71697.1,71942.9,1753.09545925
2024-04-08 14:00:00,71945.4,71987.6,71245.4,71782.2,1646.80120849
2024-04-08 16:00:00,71776.1,72021.7,71300.0,71689.3,794.55903115
2024-04-08 18:00:00,71689.3,72126.4,71553.6,71750.0,876.3213373
2024-04-08 20:00:00,71751.6,71910.9,71496.0,71701.4,640.97752349
2024-04-08 22:00:00,71701.4,72016.6,71604.0,71633.8,347.26939243
2024-04-09 00:00:00,71637.0,71757.8,70858.0,71274.4,1164.43262097
2024-04-09 02:00:00,71276.0,71649.1,71154.5,71291.9,451.31135517
2024-04-09 04:00:00,71294.0,71363.6,70925.0,71064.9,587.75897253
2024-04-09 06:00:00,71064.9,71265.4,70155.0,70396.0,1225.0263728
2024-04-09 08:00:00,70396.0,70861.0,69566.9,70387.0,1916.23968595
2024-04-09 10:00:00,70387.0,70896.0,70220.8,70802.3,441.64237221
2024-04-09 12:00:00,70802.3,70977.1,69922.1,69935.5,798.28899935
2024-04-09 14:00:00,69935.5,70438.3,68518.0,69264.6,3316.26260976
2024-04-09 16:00:00,69264.9,69324.8,68154.9,68824.1,1674.42448711
2024-04-09 18:00:00,68817.3,69160.8,68645.6,69000.2,897.18760916
2024-04-09 20:00:00,69000.0,69250.0,68938.4,69210.2,308.2038394
2024-04-09 22:00:00,69210.2,69431.9,68887.2,69141.9,295.2748092
2024-04-10 00:00:00,69142.0,69326.5,68602.0,69273.4,867.24933657
2024-04-10 02:00:00,69272.1,69600.1,68469.3,69153.8,1041.28067337
2024-04-10 04:00:00,69146.1,69416.0,69005.2,69251.1,501.42107236
2024-04-10 06:00:00,69255.3,69516.6,69224.3,69340.2,443.71868112
2024-04-10 08:00:00,69340.2,69340.2,68787.3,69143.7,572.91131638
2024-04-10 10:00:00,69140.1,69196.7,68634.5,69044.3,696.48807838
2024-04-10 12:00:00,69044.3,69211.9,67506.8,68260.0,2733.25601168
2024-04-10 14:00:00,68260.0,68974.8,68004.3,68656.0,1392.45076056
2024-04-10 16:00:00,68650.0,69920.2,68576.0,69359.1,1786.5364436
2024-04-10 18:00:00,69359.1,70088.0,69066.7,70082.5,1214.90906984
2024-04-10 20:00:00,70087.9,70140.5,69574.9,70014.1,669.05311325
2024-04-10 22:00:00,70014.1,71190.5,70008.1,70635.9,1328.51231045
2024-04-11 00:00:00,70637.1,70759.9,70285.7,70559.9,595.13567845
2024-04-11 02:00:00,70559.9,71060.0,70505.6,70847.2,711.33519422
2024-04-11 04:00:00,70847.3,70887.9,70375.0,70592.6,431.67435646
2024-04-11 06:00:00,70592.7,71315.9,70570.0,70736.3,955.54014754
2024-04-11 08:00:00,70737.0,71254.7,70592.0,70610.4,881.63113284
2024-04-11 10:00:00,70610.0,70785.4,69880.3,69988.0,756.61976505
2024-04-11 12:00:00,69988.1,71079.9,69660.0,70281.0,1897.6903022
2024-04-11 14:00:00,70280.9,70340.5,69555.6,70001.3,1103.27192456
2024-04-11 16:00:00,70001.4,70432.0,69544.8,70196.1,869.24386239
2024-04-11 18:00:00,70196.2,70529.3,69946.6,70459.5,717.16362706
2024-04-11 20:00:00,70458.0,70748.0,70039.3,70122.0,423.96390866
2024-04-11 22:00:00,70122.0,70264.0,69789.3,70012.0,366.20220322
2024-04-12 00:00:00,70012.1,70379.4,69995.2,70280.1,318.60247862
2024-04-12 02:00:00,70280.1,70999.7,70210.5,70984.1,982.1458312
2024-04-12 04:00:00,70979.3,71230.0,70794.6,70960.7,668.54644051
2024-04-12 06:00:00,70960.8,71011.9,70575.3,70755.4,582.91289462
2024-04-12 08:00:00,70758.3,70899.9,70503.9,70641.1,806.62829124
2024-04-12 10:00:00,70641.1,70974.5,70579.9,70903.6,876.27979071
2024-04-12 12:00:00,70903.6,70973.6,69620.0,69894.8,1762.40983214
2024-04-12 14:00:00,69900.8,70099.4,69231.6,69346.1,1710.69587217
2024-04-12 16:00:00,69346.2,69589.0,67353.3,68140.0,3608.22764043
2024-04-12 18:00:00,68138.4,68381.0,64845.4,66839.9,7562.0279746
2024-04-12 20:00:00,66839.7,67440.0,66700.0,66956.5,1134.4001641
2024-04-12 22:00:00,66956.4,67272.7,66816.0,67120.7,627.14210723
2024-04-13 00:00:00,67120.7,67146.0,65742.0,65891.8,1466.21113396
2024-04-13 02:00:00,65884.0,67166.0,65872.1,67146.0,1068.10719743
2024-04-13 04:00:00,67145.9,67940.0,67007.1,67339.1,1265.85324351
2024-04-13 06:00:00,67339.1,67561.7,67119.6,67444.1,861.40910176
2024-04-13 08:00:00,67444.1,67475.0,67085.1,67384.7,759.67490586
2024-04-13 10:00:00,67384.6,67832.5,67308.5,67355.7,417.61813577
2024-04-13 12:00:00,67352.8,67770.5,67167.7,67544.1,552.33293929
2024-04-13 14:00:00,67544.1,67928.4,67364.8,67672.1,506.25714258
2024-04-13 16:00:00,67668.2,67758.3,66505.0,66725.2,1603.52127877
2024-04-13 18:00:00,66725.1,67258.0,63539.7,64787.9,3985.48862037
2024-04-13 20:00:00,64784.0,64864.4,60000.0,62930.0,11447.10581048
2024-04-13 22:00:00,62928.0,65639.9,62118.6,63928.3,4736.89534388
2024-04-14 00:00:00,63928.3,64400.0,62877.3,63748.3,2827.55661971
2024-04-14 02:00:00,63744.1,63973.7,62113.1,63437.1,2435.48927358
2024-04-14 04:00:00,63431.3,64467.3,63387.5,64385.9,2155.34309753
2024-04-14 06:00:00,64386.0,64874.1,64096.1,64456.5,2082.71460117
2024-04-14 08:00:00,64460.3,64880.0,63902.7,64135.9,1324.00441998
2024-04-14 10:00:00,64138.7,64666.6,63873.3,64172.1,1044.78899575
2024-04-14 12:00:00,64164.5,64843.9,64056.0,64374.1,1168.86892727
2024-04-14 14:00:00,64380.7,64475.4,63448.0,64173.3,2162.10771261
2024-04-14 16:00:00,64180.1,64742.8,62568.6,63864.1,3121.87320519
2024-04-14 18:00:00,63864.2,64695.5,63756.1,64166.0,966.51145197
2024-04-14 20:00:00,64164.8,64346.8,63322.0,63680.1,621.55419439
2024-04-14 22:00:00,63680.0,65856.8,63636.0,65670.0,2199.19884687
2024-04-15 00:00:00,65666.0,65887.9,65068.4,65279.9,1094.82251046
2024-04-15 02:00:00,65276.4,65364.2,64930.0,65143.6,844.51292228
2024-04-15 04:00:00,65147.7,65521.0,64689.0,65469.9,746.30087045
2024-04-15 06:00:00,65460.5,66581.1,65357.2,66256.0,2238.4356289
2024-04-15 08:00:00,66258.2,66867.2,66058.1,66585.8,1148.0134061
2024-04-15 10:00:00,66585.9,66716.8,65818.3,65861.6,1035.5671387
2024-04-15 12:00:00,65861.5,66415.3,65682.7,65880.0,823.79646898
2024-04-15 14:00:00,65880.1,65988.3,63808.7,64568.1,3039.36924601
2024-04-15 16:00:00,64572.0,64868.3,63333.3,63915.8,2063.73947824
2024-04-15 18:00:00,63909.3,64058.8,62282.5,63301.8,2738.06382562
2024-04-15 20:00:00,63307.9,63640.2,62634.5,63261.6,916.11580538
2024-04-15 22:00:00,63264.0,63557.2,62748.9,63429.7,603.13926345
2024-04-16 00:00:00,63429.7,63917.5,62930.0,63136.0,1106.39165501
2024-04-16 02:00:00,63135.2,63548.5,62742.6,62957.2,1537.9586224
2024-04-16 04:00:00,62957.2,63044.8,61648.4,62702.7,2095.94265857
2024-04-16 06:00:00,62703.5,63792.2,62636.6,63517.3,1141.02134478
2024-04-16 08:00:00,63517.4,63671.6,63083.6,63243.9,672.1472585
2024-04-16 10:00:00,63247.5,63344.0,61568.1,63095.9,2383.26797014
2024-04-16 12:00:00,63095.9,63427.8,62128.2,62700.0,1702.38851642
2024-04-16 14:00:00,62706.6,63109.9,61732.0,61758.9,1933.72717113
2024-04-16 16:00:00,61760.1,63279.9,61688.0,62497.3,1850.76618403
2024-04-16 18:00:00,62492.0,63100.0,62428.2,62718.1,1162.18790825
2024-04-16 20:00:00,62711.4,64376.9,62557.6,64007.6,982.6066214
2024-04-16 22:00:00,64004.2,64078.0,63619.7,63796.0,615.25001171
2024-04-17 00:00:00,63796.1,64236.0,63573.9,64018.2,695.37880372
2024-04-17 02:00:00,64021.7,64298.4,63713.1,63837.1,475.05222249
2024-04-17 04:00:00,63837.1,64523.1,63671.6,63934.2,1888.80955598
2024-04-17 06:00:00,63934.2,64003.2,63070.8,63300.0,1478.83724401
2024-04-17 08:00:00,63300.0,63589.5,63151.5,63318.2,654.68036969
2024-04-17 10:00:00,63321.5,63339.9,62540.8,62600.0,1540.86706792
2024-04-17 12:00:00,62600.0,62973.4,62037.9,62632.1,1398.03909773
2024-04-17 14:00:00,62634.3,62655.9,59862.7,60299.4,6720.60867922
2024-04-17 16:00:00,60295.9,61361.8,59632.6,61280.6,2874.67928568
2024-04-17 18:00:00,61280.6,61963.2,60725.7,61023.9,2386.34821111
2024-04-17 20:00:00,61020.1,61661.6,60771.0,61310.0,677.3601634
2024-04-17 22:00:00,61316.1,61763.5,61162.1,61274.5,357.67505733
2024-04-18 00:00:00,61274.5,61671.1,60940.0,61645.6,718.35568401
2024-04-18 02:00:00,61651.8,62239.2,61452.7,61994.7,1076.8097586
2024-04-18 04:00:00,61994.6,62084.0,60977.3,61075.2,973.55988744
2024-04-18 06:00:00,61075.7,61359.8,60804.6,61182.6,1122.43655313
2024-04-18 08:00:00,61182.6,61705.1,60857.1,61631.5,930.98026868
2024-04-18 10:00:00,61630.1,63090.6,61489.1,62600.0,2544.94187591
2024-04-18 12:00:00,62600.0,62835.2,61600.0,62800.1,1941.91265092
2024-04-18 14:00:00,62796.2,64133.8,62572.9,63498.2,2316.28926236
2024-04-18 16:00:00,63498.2,63876.0,62619.1,62786.0,1182.18162346
2024-04-18 18:00:00,62786.1,63580.0,62315.5,63487.6,1057.42553391
2024-04-18 20:00:00,63490.0,63829.2,63273.7,63476.0,498.21629391
2024-04-18 22:00:00,63476.1,63665.1,63150.0,63480.0,709.78511322
2024-04-19 00:00:00,63480.1,63480.1,60598.6,61020.1,3012.95651762
2024-04-19 02:00:00,61023.8,62100.7,59587.2,61784.0,4561.0689827
2024-04-19 04:00:00,61780.5,62768.3,61760.0,62083.2,1769.10106067
2024-04-19 06:00:00,62074.1,65192.3,61840.5,64541.4,4784.19300342
2024-04-19 08:00:00,64536.1,65089.9,64141.9,64773.9,1726.86923772
2024-04-19 10:00:00,64775.9,65426.1,64421.0,64872.9,1675.03128981
2024-04-19 12:00:00,64866.6,65440.0,64426.9,64900.6,1738.88175605
2024-04-19 14:00:00,64903.9,64972.5,63822.2,64439.7,1600.04666946
2024-04-19 16:00:00,64438.6,64822.6,63511.5,64631.1,1651.94652192
2024-04-19 18:00:00,64633.3,64669.4,64088.9,64332.7,914.5847673
2024-04-19 20:00:00,64332.8,64454.5,63670.0,64396.0,526.05495301
2024-04-19 22:00:00,64397.3,64493.6,62937.0,63814.1,1242.22478462
2024-04-20 00:00:00,63816.0,64251.1,63091.2,63656.0,1119.51933771
2024-04-20 02:00:00,63650.3,64099.9,63533.3,63953.8,507.68773993
2024-04-20 04:00:00,63955.7,64270.0,63816.0,64156.3,387.97901317
2024-04-20 06:00:00,64156.2,64225.0,63931.6,63964.8,349.81434953
2024-04-20 08:00:00,63964.9,63998.8,63276.9,63623.0,641.46236923
2024-04-20 10:00:00,63618.2,63928.0,63380.4,63710.0,451.97323003
2024-04-20 12:00:00,63710.0,64045.6,63570.9,63870.2,349.13768582
2024-04-20 14:00:00,63874.0,64968.4,63742.0,64806.0,663.05755011
2024-04-20 16:00:00,64806.0,65422.9,64451.5,65199.9,941.92099291
2024-04-20 18:00:00,65203.9,65300.0,64800.0,64861.4,539.9511379
2024-04-20 20:00:00,64864.1,65038.1,64622.0,64726.6,311.66707695
2024-04-20 22:00:00,64726.6,64993.5,64522.1,64938.1,247.58887822
2024-04-21 00:00:00,64938.1,65124.4,64601.0,64956.5,314.38700305
2024-04-21 02:00:00,64951.0,65704.5,64924.2,65172.0,1276.88206351
2024-04-21 04:00:00,65170.1,65250.9,64837.6,65033.6,569.57320052
2024-04-21 06:00:00,65033.7,65208.1,64904.2,65146.0,284.27199179
2024-04-21 08:00:00,65146.0,65230.0,64781.1,64900.7,436.83641044
2024-04-21 10:00:00,64902.0,65450.0,64781.0,65230.7,384.43060054
2024-04-21 12:00:00,65230.8,65377.5,64784.7,64880.0,629.88696843
2024-04-21 14:00:00,64880.1,65134.9,64793.6,65043.9,285.32793411
2024-04-21 16:00:00,65043.9,65094.0,64211.1,64818.1,1395.67783679
2024-04-21 18:00:00,64818.1,64866.3,64532.0,64537.6,271.63403345
2024-04-21 20:00:00,64537.7,65179.9,64356.7,64666.2,616.93163382
2024-04-21 22:00:00,64677.9,65109.3,64565.5,64937.9,376.80781284
2024-04-22 00:00:00,64938.0,65689.0,64600.7,64652.6,1260.59682149
2024-04-22 02:00:00,64664.1,66082.0,64508.2,65702.8,1180.24213783
2024-04-22 04:00:00,65707.9,66418.2,65510.4,66384.0,932.46751352
2024-04-22 06:00:00,66382.1,66488.0,65968.4,65982.0,839.68272984
2024-04-22 08:00:00,65982.0,66213.3,65811.6,65938.0,453.27122272
2024-04-22 10:00:00,65938.0,66158.4,65701.6,65886.1,711.813988
2024-04-22 12:00:00,65886.0,66259.1,65638.7,66117.8,941.79303132
2024-04-22 14:00:00,66116.1,66482.0,65666.6,66002.4,949.75386283
2024-04-22 16:00:00,66002.5,66832.9,65918.0,66534.9,1082.09120383
2024-04-22 18:00:00,66539.8,66688.0,66142.8,66541.3,894.29508782
2024-04-22 20:00:00,66545.3,66765.7,66329.8,66526.2,462.71382869
2024-04-22 22:00:00,66527.9,67248.0,66527.9,66812.9,1159.23993326
2024-04-23 00:00:00,66813.0,67183.0,66700.0,66782.1,517.3854402
2024-04-23 02:00:00,66782.1,66911.1,66417.8,66430.9,484.11048195
2024-04-23 04:00:00,66432.0,66614.1,66154.7,66489.7,732.99757688
2024-04-23 06:00:00,66489.6,66655.3,66022.2,66104.0,517.1083119
2024-04-23 08:00:00,66103.9,66308.6,65952.7,66071.8,531.86518491
2024-04-23 10:00:00,66071.8,66315.7,65847.0,66054.0,536.31815322
2024-04-23 12:00:00,66050.2,66566.5,65808.5,66508.1,701.58798397
2024-04-23 14:00:00,66510.9,67142.7,66326.1,66422.7,1279.04922206
2024-04-23 16:00:00,66425.3,66907.1,66352.9,66760.0,428.29114794
2024-04-23 18:00:00,66759.9,66852.6,66382.0,66484.1,313.46623328
2024-04-23 20:00:00,66482.2,66483.9,65972.9,66347.9,451.6429616
2024-04-23 22:00:00,66347.8,66458.6,66114.2,66413.9,162.28708685
2024-04-24 00:00:00,66413.9,66900.0,66393.1,66740.2,441.53020843
2024-04-24 02:00:00,66742.8,66775.9,66434.2,66617.5,354.82465275
2024-04-24 04:00:00,66617.6,67078.2,66592.7,66734.1,515.69445003
2024-04-24 06:00:00,66735.5,66885.2,66555.2,66627.1,325.17707485
2024-04-24 08:00:00,66623.9,66749.8,66265.9,66361.3,388.65798764
2024-04-24 10:00:00,66364.8,66631.5,66212.8,66573.7,368.50447133
2024-04-24 12:00:00,66575.3,66736.4,65829.1,66056.7,1115.62510274
2024-04-24 14:00:00,66064.4,66204.4,64507.7,64615.5,2701.74586965
2024-04-24 16:00:00,64613.9,65133.0,64331.2,64884.6,1305.8403278
2024-04-24 18:00:00,64880.1,64920.0,63767.0,63978.0,1144.22829098
2024-04-24 20:00:00,63972.1,64445.2,63602.8,64398.4,750.2179337
2024-04-24 22:00:00,64398.1,64409.9,63818.9,64282.6,549.38792168
2024-04-25 00:00:00,64278.6,64742.4,64054.1,64065.4,529.01861147
2024-04-25 02:00:00,64065.3,64471.2,63858.5,64288.0,434.80937463
2024-04-25 04:00:00,64288.0,64392.2,64034.7,64224.9,418.27093785
2024-04-25 06:00:00,64224.7,64398.0,63818.9,64033.4,773.49237165
2024-04-25 08:00:00,64033.4,64211.9,63719.1,63971.4,834.4359024
2024-04-25 10:00:00,63973.3,63999.8,63333.3,63856.3,2488.2541694
2024-04-25 12:00:00,63856.3,64310.8,62747.4,63442.7,4205.31066122
2024-04-25 14:00:00,63445.9,64199.0,63217.1,64132.1,2641.74157081
2024-04-25 16:00:00,64129.6,64849.5,63971.1,64705.8,1607.59319746
2024-04-25 18:00:00,64705.8,64974.4,64469.2,64750.0,837.88112857
2024-04-25 20:00:00,64749.9,65289.8,64489.4,64706.1,1008.65988962
2024-04-25 22:00:00,64706.1,64753.2,64452.1,64505.7,446.44056738
2024-04-26 00:00:00,64500.2,64666.6,63875.4,64408.1,908.85840255
2024-04-26 02:00:00,64406.6,64674.7,64304.1,64386.0,370.10276178
2024-04-26 04:00:00,64386.1,64583.4,64020.3,64568.0,594.22539425
2024-04-26 06:00:00,64569.6,64614.0,64236.0,64278.1,689.98751206
2024-04-26 08:00:00,64278.0,64583.2,64225.0,64490.0,484.89780441
2024-04-26 10:00:00,64490.1,64562.0,64063.7,64244.1,473.6607172
2024-04-26 12:00:00,64244.0,64586.1,63679.5,64493.5,1198.26960467
2024-04-26 14:00:00,64492.1,64814.8,63333.3,63503.7,1949.6833064
2024-04-26 16:00:00,63503.8,64111.3,63313.9,64001.0,857.39293719
2024-04-26 18:00:00,64002.0,64171.0,63736.1,63747.9,333.57592547
2024-04-26 20:00:00,63747.9,64114.0,63746.1,64059.4,321.34142811
2024-04-26 22:00:00,64056.8,64056.8,63691.4,63774.1,222.51111924
2024-04-27 00:00:00,63774.2,63925.0,62380.6,62596.0,1802.49190333
2024-04-27 02:00:00,62595.9,63322.5,62467.9,63078.1,474.23545467
2024-04-27 04:00:00,63078.1,63175.7,62800.0,62982.3,362.64306883
2024-04-27 06:00:00,62982.3,63153.9,62850.4,62971.5,289.06580073
2024-04-27 08:00:00,62972.2,63063.0,62873.0,62982.0,211.81620236
2024-04-27 10:00:00,62982.0,62992.0,62672.0,62860.2,255.27618126
2024-04-27 12:00:00,62860.1,63254.2,62810.2,63214.2,487.1788055
2024-04-27 14:00:00,63214.3,63412.9,62837.9,62955.8,464.33854235
2024-04-27 16:00:00,62955.7,63650.2,62744.3,63422.1,898.89244245
2024-04-27 18:00:00,63422.0,63619.6,62836.1,63362.7,583.07801069
2024-04-27 20:00:00,63362.8,63466.5,63149.8,63290.3,192.77664737
2024-04-27 22:00:00,63290.1,63561.9,63230.7,63460.0,262.99750368
2024-04-28 00:00:00,63460.1,63757.7,63460.1,63607.6,291.4789652
2024-04-28 02:00:00,63607.6,64380.0,63554.1,64026.2,650.44919543
2024-04-28 04:00:00,64026.2,64060.0,63820.0,63961.2,366.68219586
2024-04-28 06:00:00,63961.2,64077.5,63800.0,63919.9,353.11591256
2024-04-28 08:00:00,63919.9,63986.2,63666.0,63758.7,280.07496812
2024-04-28 10:00:00,63758.5,63791.5,63303.8,63485.0,564.44778474
2024-04-28 12:00:00,63484.1,63875.6,63412.1,63765.5,371.0050793
2024-04-28 14:00:00,63765.5,63782.0,63455.0,63536.4,431.91580787
2024-04-28 16:00:00,63536.4,63814.5,63478.1,63760.9,253.77986087
2024-04-28 18:00:00,63761.0,63976.2,63693.2,63724.9,246.88062224
2024-04-28 20:00:00,63724.8,63743.0,63583.3,63665.4,91.25147014
2024-04-28 22:00:00,63665.5,63720.0,62775.2,63122.0,1080.98888128
2024-04-29 00:00:00,63127.9,63369.8,62985.6,63233.1,317.33526324
2024-04-29 02:00:00,63235.1,63292.2,62123.5,62272.3,2183.5646009
2024-04-29 04:00:00,62277.9,62633.2,62042.4,62447.3,804.52401475
2024-04-29 06:00:00,62447.4,62469.7,61919.3,62408.1,1267.36008384
2024-04-29 08:00:00,62408.1,62664.5,62226.0,62530.6,496.63308825
2024-04-29 10:00:00,62530.7,62678.5,62170.9,62260.0,462.53964634
2024-04-29 12:00:00,62258.4,62709.9,61787.8,62027.4,1404.20686529
2024-04-29 14:00:00,62026.3,63124.9,61890.0,63045.3,1632.26119395
2024-04-29 16:00:00,63045.2,63222.9,62754.7,63026.3,600.61048554
2024-04-29 18:00:00,63026.4,63049.5,62547.0,62994.4,454.41876622
2024-04-29 20:00:00,62988.1,63180.0,62800.0,63088.1,268.51157978
2024-04-29 22:00:00,63088.1,64225.9,63037.0,63869.9,1257.46188268
2024-04-30 00:00:00,63870.0,64732.0,63578.9,63606.7,1004.02865199
2024-04-30 02:00:00,63607.8,63899.9,63133.5,63650.8,921.24577493
2024-04-30 04:00:00,63650.9,63708.5,63069.9,63324.5,468.38126933
2024-04-30 06:00:00,63325.9,63460.0,63120.0,63140.0,457.59337558
2024-04-30 08:00:00,63139.9,63237.9,61570.8,61684.1,2369.9895568
2024-04-30 10:00:00,61684.2,61787.9,61020.0,61200.3,1331.87308388
2024-04-30 12:00:00,61200.4,61345.9,60741.6,60827.2,1405.45427828
2024-04-30 14:00:00,60823.5,61591.7,60555.0,60793.9,1760.96750316
2024-04-30 16:00:00,60793.7,60906.4,60070.2,60366.0,1760.76274696
2024-04-30 18:00:00,60366.1,60538.7,59177.6,59290.0,2011.95950342
2024-04-30 20:00:00,59291.9,60389.0,59274.0,60177.4,950.34967097
2024-04-30 22:00:00,60177.4,61066.2,60137.9,60675.1,1001.50610593
2024-05-01 00:00:00,60675.1,60846.7,59850.7,60138.0,866.45829007
2024-05-01 02:00:00,60129.4,60319.0,59580.0,60240.5,693.52810647
2024-05-01 04:00:00,60240.5,60351.8,59938.4,60049.8,449.84130512
2024-05-01 06:00:00,60049.8,60115.9,57068.7,57506.1,5757.16971932
2024-05-01 08:00:00,57506.0,57641.9,56555.0,57120.1,3670.06909577
2024-05-01 10:00:00,57120.0,57913.0,56888.0,57898.0,1283.08190557
2024-05-01 12:00:00,57898.1,58281.9,57219.4,57298.9,1980.85101653
2024-05-01 14:00:00,57299.9,57586.9,56680.0,56885.3,1613.60336658
2024-05-01 16:00:00,56882.1,57741.2,56604.3,57430.2,1770.28468108
2024-05-01 18:00:00,57430.1,59488.7,56880.7,56953.9,5666.33586056
2024-05-01 20:00:00,56953.9,58169.4,56741.8,57906.0,1899.16427987
2024-05-01 22:00:00,57905.9,58559.9,57827.0,58341.8,866.90669862
2024-05-02 00:00:00,58341.9,58589.9,56953.1,57114.4,1523.2255495
2024-05-02 02:00:00,57114.3,57690.0,57109.5,57428.1,962.6679057
2024-05-02 04:00:00,57433.1,57646.9,57210.0,57483.9,497.86181286
2024-05-02 06:00:00,57486.7,57950.6,57403.2,57674.9,585.52335729
2024-05-02 08:00:00,57675.0,57976.8,57610.9,57799.3,428.521457
2024-05-02 10:00:00,57797.1,58673.8,57573.6,58554.4,1661.83991359
2024-05-02 12:00:00,58554.3,59107.1,58233.3,58459.5,2527.3396335
2024-05-02 14:00:00,58459.5,59460.3,58290.5,59266.3,1894.6356794
2024-05-02 16:00:00,59270.0,59316.9,58939.5,59193.8,651.39166608
2024-05-02 18:00:00,59197.4,59574.9,58986.1,59347.2,588.89044987
2024-05-02 20:00:00,59343.7,59661.6,58643.5,59111.9,745.67195278
2024-05-02 22:00:00,59111.8,59455.9,59059.5,59062.2,476.05082002
2024-05-03 00:00:00,59062.2,59505.3,58800.0,59315.3,571.01436793
2024-05-03 02:00:00,59315.3,60029.6,59262.0,59725.9,1101.64655922
2024-05-03 04:00:00,59725.9,59843.8,59469.0,59522.0,349.56691012
2024-05-03 06:00:00,59522.0,59571.8,59052.0,59188.0,624.85238541
2024-05-03 08:00:00,59187.2,59579.8,59131.8,59482.6,433.5109713
2024-05-03 10:00:00,59482.7,59493.9,58849.5,59295.1,522.41919667
2024-05-03 12:00:00,59295.2,61827.3,58977.2,61686.1,4340.33580197
2024-05-03 14:00:00,61689.0,62121.0,61347.2,61690.0,2101.99670321
2024-05-03 16:00:00,61690.7,62222.0,61534.1,61812.0,1577.0688857
2024-05-03 18:00:00,61811.9,62111.1,61600.0,62072.0,949.5775983
2024-05-03 20:00:00,62070.1,63200.0,61974.9,62728.4,1384.06772838
2024-05-03 22:00:00,62732.4,63349.9,62644.0,62875.9,758.3220838
2024-05-04 00:00:00,62876.0,63630.8,62747.9,62868.2,1009.11703766
2024-05-04 02:00:00,62863.5,62917.5,62548.5,62725.9,488.59680329
2024-05-04 04:00:00,62725.9,63449.9,62684.7,63382.1,643.06506927
2024-05-04 06:00:00,63382.1,63394.1,62867.2,62949.2,581.55643241
2024-05-04 08:00:00,62949.1,63297.9,62921.3,63173.9,312.1786082
2024-05-04 10:00:00,63174.0,64545.3,63099.8,63882.3,1984.34809177
2024-05-04 12:00:00,63882.3,64173.7,63457.8,63725.1,778.8501593
2024-05-04 14:00:00,63725.0,63958.8,63457.8,63612.4,446.90662739
2024-05-04 16:00:00,63615.6,63751.9,63333.1,63464.8,360.50251589
2024-05-04 18:00:00,63466.4,64019.2,63406.7,63920.3,269.55013022
2024-05-04 20:00:00,63920.4,64220.0,63536.0,63908.7,403.75014927
2024-05-04 22:00:00,63909.8,63948.5,63588.8,63894.1,172.06205487
2024-05-05 00:00:00,63894.2,64197.2,62884.7,63317.0,1082.89303571
2024-05-05 02:00:00,63316.1,63436.6,63007.0,63235.7,303.71064789
2024-05-05 04:00:00,63238.5,63496.3,63118.5,63213.9,247.14585355
2024-05-05 06:00:00,63214.0,63960.3,63162.4,63745.1,613.11501741
2024-05-05 08:00:00,63745.1,63929.0,63550.0,63672.0,399.29942004
2024-05-05 10:00:00,63672.1,63942.1,63561.2,63863.3,372.24358701
2024-05-05 12:00:00,63863.2,64284.0,63628.5,64123.9,727.73313306
2024-05-05 14:00:00,64123.9,64652.4,63750.1,64432.0,918.99025587
2024-05-05 16:00:00,64430.2,64549.8,64160.1,64217.9,607.29586529
2024-05-05 18:00:00,64217.9,64252.0,63818.2,63880.7,333.03001755
2024-05-05 20:00:00,63880.7,63880.8,63564.8,63875.5,358.90183855
2024-05-05 22:00:00,63875.5,64233.0,63706.3,64017.7,303.21569447
2024-05-06 00:00:00,64017.7,64476.5,64011.9,64146.7,399.16160298
2024-05-06 02:00:00,64146.7,64230.7,63705.3,63870.1,487.2920861
2024-05-06 04:00:00,63870.1,64336.5,63769.1,64182.7,383.20865775
2024-05-06 06:00:00,64182.8,64579.7,64133.1,64529.5,946.10578315
2024-05-06 08:00:00,64533.4,65518.0,64454.1,65164.0,1743.8112446
2024-05-06 10:00:00,65164.1,65268.0,63800.0,64213.9,1968.82496968
2024-05-06 12:00:00,64214.0,64324.9,63341.7,63867.9,2461.30320607
2024-05-06 14:00:00,63875.4,64217.7,62930.0,63632.4,1648.29012447
2024-05-06 16:00:00,63633.7,63749.8,62931.0,63163.7,968.57159391
2024-05-06 18:00:00,63170.0,63534.2,62697.2,63226.0,1024.7201077
2024-05-06 20:00:00,63227.6,63624.9,63048.5,63551.0,303.19118578
2024-05-06 22:00:00,63551.0,63565.0,63130.8,63175.6,311.67679535
2024-05-07 00:00:00,63173.5,63986.9,62960.2,63903.5,1386.67071889
2024-05-07 02:00:00,63903.4,63965.9,62833.2,63230.2,720.9788332
2024-05-07 04:00:00,63228.2,63741.4,63088.0,63572.0,706.22842501
2024-05-07 06:00:00,63570.1,63845.3,63387.8,63667.6,629.7284869
2024-05-07 08:00:00,63666.9,64411.8,63586.7,64118.5,1199.68765511
2024-05-07 10:00:00,64117.6,64172.9,63348.0,63499.2,765.5250858
2024-05-07 12:00:00,63499.7,63774.1,63112.0,63209.3,596.47298274
2024-05-07 14:00:00,63214.0,64332.9,63075.4,63741.9,1265.08037493
2024-05-07 16:00:00,63742.0,63895.9,63306.0,63389.5,479.27024088
2024-05-07 18:00:00,63385.0,63397.9,62800.0,63063.0,723.88562561
2024-05-07 20:00:00,63060.2,63192.7,62832.8,63072.0,242.18146535
2024-05-07 22:00:00,63072.1,63113.9,62226.3,62318.2,1168.91126292
2024-05-08 00:00:00,62318.1,62714.0,62077.7,62528.0,544.04273973
2024-05-08 02:00:00,62528.0,62990.6,62528.0,62902.1,825.27864696
2024-05-08 04:00:00,62902.1,63029.4,62359.9,62609.8,504.67868536
2024-05-08 06:00:00,62609.9,62711.8,62080.0,62212.0,699.11606193
2024-05-08 08:00:00,62211.9,62424.3,62041.0,62304.1,629.0291943
2024-05-08 10:00:00,62308.0,62518.0,62138.4,62243.7,351.52505437
2024-05-08 12:00:00,62248.8,62462.1,61787.8,62446.0,915.14796186
2024-05-08 14:00:00,62445.9,62834.6,61889.1,62278.0,950.95042075
2024-05-08 16:00:00,62279.4,62684.8,61992.7,62592.3,477.51562145
2024-05-08 18:00:00,62592.3,62761.4,61945.2,62170.0,316.93791474
2024-05-08 20:00:00,62173.7,62244.0,61366.7,61492.3,681.76712417
2024-05-08 22:00:00,61492.3,61572.9,60880.0,61193.9,893.49138414
2024-05-09 00:00:00,61187.5,61569.4,61140.1,61563.2,356.29571602
2024-05-09 02:00:00,61563.3,61810.2,61418.3,61676.0,377.5985429
2024-05-09 04:00:00,61673.0,61754.2,61433.3,61573.3,236.3033186
2024-05-09 06:00:00,61573.4,61777.0,61123.7,61259.9,745.42189743
2024-05-09 08:00:00,61260.0,61444.0,60917.6,61289.9,456.69760546
2024-05-09 10:00:00,61290.0,61316.0,60625.0,61060.0,666.16950995
2024-05-09 12:00:00,61056.6,61625.2,60888.0,61191.8,728.82306292
2024-05-09 14:00:00,61191.9,62294.0,61126.1,62157.8,1085.09877523
2024-05-09 16:00:00,62157.7,62686.8,61747.0,61946.1,1170.60148492
2024-05-09 18:00:00,61946.1,62554.2,61885.2,62452.4,365.50398988
2024-05-09 20:00:00,62450.0,62823.8,62340.1,62534.0,372.01752228
2024-05-09 22:00:00,62534.1,63427.7,62492.2,63069.0,954.4686801
2024-05-10 00:00:00,63069.0,63088.7,62647.7,62878.0,525.25507686
2024-05-10 02:00:00,62874.8,63045.0,62767.6,62912.1,467.64052001
2024-05-10 04:00:00,62912.2,63003.9,62668.1,62774.8,336.96433932
2024-05-10 06:00:00,62774.8,63372.9,62743.7,63068.1,828.09165938
2024-05-10 08:00:00,63068.1,63210.5,62848.9,63132.5,574.63727895
2024-05-10 10:00:00,63132.5,63313.0,62800.0,63292.0,488.63351186
2024-05-10 12:00:00,63292.0,63470.5,62812.5,63007.8,712.85863171
2024-05-10 14:00:00,63007.8,63096.9,60690.0,60925.0,4181.08740616
2024-05-10 16:00:00,60924.0,61299.9,60180.0,60390.1,1860.15302691
2024-05-10 18:00:00,60390.1,60888.5,60222.1,60708.1,555.01997557
2024-05-10 20:00:00,60708.1,60960.7,60463.5,60717.9,303.19463644
2024-05-10 22:00:00,60717.8,61003.1,60608.2,60800.2,282.36086242
2024-05-11 00:00:00,60802.0,61098.9,60653.9,60878.0,423.10259509
2024-05-11 02:00:00,60878.0,60970.0,60715.2,60729.9,244.8316426
2024-05-11 04:00:00,60729.9,60935.7,60711.9,60922.1,171.5999482
2024-05-11 06:00:00,60922.2,61078.0,60855.6,61019.9,263.31517153
2024-05-11 08:00:00,61019.9,61066.0,60672.7,60904.1,219.40456632
2024-05-11 10:00:00,60902.5,60903.9,60468.1,60680.7,230.11220809
2024-05-11 12:00:00,60680.6,60988.0,60634.8,60968.0,169.69222825
2024-05-11 14:00:00,60968.0,61525.0,60775.8,61176.1,577.05176939
2024-05-11 16:00:00,61182.3,61399.7,61013.7,61102.7,220.74772458
2024-05-11 18:00:00,61102.7,61304.1,61024.0,61139.9,63.47234068
2024-05-11 20:00:00,61136.2,61153.8,60786.0,60922.3,160.70467233
2024-05-11 22:00:00,60922.3,60999.9,60755.9,60826.0,112.93773125
2024-05-12 00:00:00,60826.6,61106.3,60801.6,60864.0,110.26489195
2024-05-12 02:00:00,60864.0,60979.9,60828.9,60932.8,126.56647733
2024-05-12 04:00:00,60932.8,61116.5,60920.0,61044.0,149.00450571
2024-05-12 06:00:00,61044.1,61061.4,60604.0,60821.1,331.28039265
2024-05-12 08:00:00,60821.1,61106.0,60788.2,60992.0,257.37023117
2024-05-12 10:00:00,60992.1,61364.2,60940.0,61136.1,396.96499878
2024-05-12 12:00:00,61136.2,61241.4,61072.6,61188.1,336.7423972
2024-05-12 14:00:00,61188.1,61570.0,61118.6,61411.7,440.24028347
2024-05-12 16:00:00,61417.9,61874.9,61174.5,61608.1,525.15049644
2024-05-12 18:00:00,61608.2,61648.4,61210.6,61406.4,246.16428723
2024-05-12 20:00:00,61407.3,61428.0,60891.5,61236.4,199.51907087
2024-05-12 22:00:00,61238.3,61546.4,61198.1,61470.1,167.35055108
2024-05-13 00:00:00,61477.2,61800.0,61174.5,61409.9,452.70100119
2024-05-13 02:00:00,61407.0,61497.3,60758.9,61164.5,1259.21976521
2024-05-13 04:00:00,61162.7,61178.1,60803.9,60867.4,384.76300681
2024-05-13 06:00:00,60867.5,62470.0,60799.5,62337.9,1605.27646168
2024-05-13 08:00:00,62337.9,63299.8,62337.9,63061.8,1833.64289939
2024-05-13 10:00:00,63060.1,63092.1,62383.6,62730.8,811.96754161
2024-05-13 12:00:00,62730.9,63045.1,62430.1,62769.0,996.86626675
2024-05-13 14:00:00,62776.0,63230.5,62714.9,63009.9,714.82685472
2024-05-13 16:00:00,63009.9,63459.3,62607.0,62801.3,1001.93533572
2024-05-13 18:00:00,62804.0,63189.9,62566.1,63175.9,423.76353884
2024-05-13 20:00:00,63168.7,63195.4,62822.3,62893.9,127.54961439
2024-05-13 22:00:00,62893.9,62978.5,62689.4,62934.8,187.3967301
2024-05-14 00:00:00,62932.0,63114.6,62578.1,62645.5,550.60546926
2024-05-14 02:00:00,62647.8,62716.6,62411.0,62490.6,1180.00704638
2024-05-14 04:00:00,62490.6,62782.6,62400.1,62727.8,514.60592078
2024-05-14 06:00:00,62727.8,62727.9,61412.9,62029.7,1556.28435918
2024-05-14 08:00:00,62030.8,62042.5,61707.3,61794.2,388.21453657
2024-05-14 10:00:00,61793.0,61891.3,61520.9,61798.0,355.77253937
2024-05-14 12:00:00,61798.1,62104.0,61140.2,61693.8,1304.8437796
2024-05-14 14:00:00,61698.9,62300.0,61120.2,61779.8,1798.89397818
2024-05-14 16:00:00,61779.9,61818.3,61150.6,61318.8,1091.75524671
2024-05-14 18:00:00,61318.8,61675.8,61218.3,61589.6,354.92696655
2024-05-14 20:00:00,61588.7,61784.8,61480.8,61689.1,186.81295506
2024-05-14 22:00:00,61689.2,61761.5,61526.8,61573.0,236.67168253
2024-05-15 00:00:00,61573.0,61792.9,61338.0,61694.4,300.54000685
2024-05-15 02:00:00,61694.3,62020.0,61689.9,61947.2,335.20853585
2024-05-15 04:00:00,61947.3,62059.3,61818.7,61929.0,287.94440255
2024-05-15 06:00:00,61928.9,62275.2,61832.0,62191.4,649.44974699
2024-05-15 08:00:00,62191.4,62924.0,61926.2,62649.9,871.72279943
2024-05-15 10:00:00,62650.0,62999.9,62254.0,62467.1,1057.77185025
2024-05-15 12:00:00,62467.2,64649.3,62408.2,64135.4,4176.58243431
2024-05-15 14:00:00,64135.3,65068.2,63988.3,64714.1,1722.57458608
2024-05-15 16:00:00,64714.2,65166.6,64714.2,65052.0,736.77028338
2024-05-15 18:00:00,65050.6,66412.4,64961.5,66000.2,1725.16384774
2024-05-15 20:00:00,66000.1,66200.0,65748.3,65861.1,623.263503
2024-05-15 22:00:00,65861.2,66490.8,65848.8,66212.7,681.02061496
2024-05-16 00:00:00,66212.6,66666.0,65848.1,65986.6,730.87378462
2024-05-16 02:00:00,65986.7,66111.6,65783.0,65979.0,500.45752146
2024-05-16 04:00:00,65979.1,66010.7,65750.0,65791.3,463.06463973
2024-05-16 06:00:00,65791.2,66278.7,65666.0,66144.3,745.50997482
2024-05-16 08:00:00,66144.2,66442.6,66088.2,66357.5,649.09481439
2024-05-16 10:00:00,66357.6,66580.2,66013.4,66507.0,454.58374079
2024-05-16 12:00:00,66506.8,66789.0,65768.0,66338.6,1454.10049769
2024-05-16 14:00:00,66338.5,66397.9,65370.4,65826.1,1228.71489607
2024-05-16 16:00:00,65826.2,65831.9,64610.0,65001.4,1286.76889777
2024-05-16 18:00:00,64998.3,65588.0,64831.3,65188.8,1032.92667003
2024-05-16 20:00:00,65187.1,65508.3,65053.6,65464.7,209.72919558
2024-05-16 22:00:00,65467.5,65484.2,65142.6,65235.9,323.31963248
2024-05-17 00:00:00,65235.9,65496.9,65100.0,65348.2,251.87551883
2024-05-17 02:00:00,65348.2,65883.3,65187.1,65591.2,519.80060955
2024-05-17 04:00:00,65589.3,65711.1,65362.8,65706.2,334.02846945
2024-05-17 06:00:00,65706.2,66491.3,65580.1,66388.1,1593.9269524
2024-05-17 08:00:00,66388.0,66449.9,66069.0,66338.7,485.37339125
2024-05-17 10:00:00,66338.7,66565.4,66178.9,66218.6,466.52811599
2024-05-17 12:00:00,66218.5,66545.0,65828.3,65950.8,596.19790083
2024-05-17 14:00:00,65953.1,67459.0,65921.2,67199.0,1587.68350012
2024-05-17 16:00:00,67199.9,67303.3,66650.0,66706.8,716.28430701
2024-05-17 18:00:00,66706.9,67085.7,66208.0,67056.0,929.0791301
2024-05-17 20:00:00,67052.0,67052.0,66748.5,66820.5,212.26558635
2024-05-17 22:00:00,66817.2,67057.9,66676.7,67017.9,190.41830284
2024-05-18 00:00:00,67018.0,67076.9,66736.8,66971.1,298.51363684
2024-05-18 02:00:00,66971.1,67056.6,66802.0,66943.9,222.22798717
2024-05-18 04:00:00,66943.9,66996.2,66783.6,66849.0,175.1425645
2024-05-18 06:00:00,66849.1,67249.3,66730.7,66877.3,401.34117607
2024-05-18 08:00:00,66877.3,67143.7,66837.2,67125.1,256.50998993
2024-05-18 10:00:00,67126.6,67389.1,67034.5,67186.5,427.98717269
2024-05-18 12:00:00,67186.5,67237.9,66805.1,66868.7,290.73473402
2024-05-18 14:00:00,66867.8,67045.1,66588.1,66813.6,505.91170495
2024-05-18 16:00:00,66813.6,66999.7,66713.1,66863.4,148.20934019
2024-05-18 18:00:00,66863.5,66946.3,66764.0,66909.4,64.72863766
2024-05-18 20:00:00,66909.4,67026.4,66794.0,66896.4,77.57536146
2024-05-18 22:00:00,66896.5,67037.1,66823.6,66911.0,135.93683416
2024-05-19 00:00:00,66911.1,66994.0,66838.5,66916.1,90.16294401
2024-05-19 02:00:00,66916.1,67287.9,66916.1,67159.4,302.02603243
2024-05-19 04:00:00,67160.0,67174.0,66981.6,67098.4,113.42109068
2024-05-19 06:00:00,67098.5,67333.0,66928.6,67322.5,284.3890899
2024-05-19 08:00:00,67325.6,67348.8,67000.0,67178.1,184.01102535
2024-05-19 10:00:00,67178.1,67750.7,66960.1,67330.9,965.47013725
2024-05-19 12:00:00,67330.9,67335.4,66659.9,67040.5,587.28730558
2024-05-19 14:00:00,67040.5,67150.0,66735.4,66887.5,286.67366472
2024-05-19 16:00:00,66887.4,66997.8,66534.5,66717.4,404.12664499
2024-05-19 18:00:00,66717.4,66755.2,65839.1,66026.9,480.99318797
2024-05-19 20:00:00,66026.9,66353.0,66000.0,66281.4,139.62500612
2024-05-19 22:00:00,66284.1,66459.0,66213.3,66271.6,175.30394568
2024-05-20 00:00:00,66271.6,66584.1,66060.6,66526.5,307.65050191
2024-05-20 02:00:00,66528.0,66771.3,66500.7,66674.7,376.92894013
2024-05-20 04:00:00,66674.7,67295.0,66627.0,67132.2,527.34339671
2024-05-20 06:00:00,67132.1,67153.5,66279.6,66833.9,1184.39859512
2024-05-20 08:00:00,66832.7,67065.9,66753.8,66900.8,255.31561388
2024-05-20 10:00:00,66900.8,67358.5,66856.8,66994.4,702.01121455
2024-05-20 12:00:00,66994.5,67192.5,66765.2,67100.0,343.60356927
2024-05-20 14:00:00,67100.0,67500.0,66756.4,67413.8,615.25051942
2024-05-20 16:00:00,67413.8,68632.0,67380.3,68329.8,1920.48383396
2024-05-20 18:00:00,68329.8,70097.6,68288.8,70009.1,2510.25685838
2024-05-20 20:00:00,70009.5,70418.9,68900.0,69720.1,2239.89005469
2024-05-20 22:00:00,69720.0,71571.6,69530.9,71429.7,2100.48398404
2024-05-21 00:00:00,71430.2,71979.0,70694.6,71082.4,2246.34653216
2024-05-21 02:00:00,71082.3,71460.1,70900.0,71281.0,1514.36755037
2024-05-21 04:00:00,71281.1,71297.5,70830.9,71194.3,624.96723448
2024-05-21 06:00:00,71194.3,71391.2,70869.9,70875.5,1192.86656396
2024-05-21 08:00:00,70875.4,71124.3,70852.1,70985.4,863.25949208
2024-05-21 10:00:00,70988.2,71446.8,70958.3,71122.7,1201.92827794
2024-05-21 12:00:00,71119.0,71457.9,70527.5,70600.0,1505.68891363
2024-05-21 14:00:00,70594.7,70926.0,69646.7,69821.5,1804.61778464
2024-05-21 16:00:00,69821.5,70272.1,69565.8,69872.3,1185.59631738
2024-05-21 18:00:00,69872.4,69957.3,69161.0,69294.7,601.3676647
2024-05-21 20:00:00,69297.3,69809.7,69250.0,69735.5,267.71323184
2024-05-21 22:00:00,69735.5,70388.3,69730.7,70144.7,472.65322837
2024-05-22 00:00:00,70144.7,70276.0,70000.0,70164.9,409.93860518
2024-05-22 02:00:00,70165.5,70367.6,69821.3,69952.0,543.00000839
2024-05-22 04:00:00,69952.1,70000.0,69189.5,69905.2,806.77837836
2024-05-22 06:00:00,69905.2,70061.6,69592.0,69721.3,715.15136036
2024-05-22 08:00:00,69721.0,70220.0,69637.8,69990.5,533.32369344
2024-05-22 10:00:00,69990.6,70268.0,69732.3,69732.3,433.98362351
2024-05-22 12:00:00,69732.3,70097.5,69440.0,69589.4,689.80758755
2024-05-22 14:00:00,69589.5,70596.4,69443.9,70451.6,1095.05477403
2024-05-22 16:00:00,70452.5,70665.8,69669.1,69861.2,490.70004725
2024-05-22 18:00:00,69853.6,69902.6,69238.0,69642.0,821.13071268
2024-05-22 20:00:00,69642.1,69966.0,68888.0,69492.7,675.08391569
2024-05-22 22:00:00,69492.7,69547.3,69021.6,69173.5,502.13009779
2024-05-23 00:00:00,69173.5,69627.4,69173.5,69484.8,525.08951675
2024-05-23 02:00:00,69485.3,69567.4,69307.2,69446.0,308.56951405
2024-05-23 04:00:00,69446.0,69591.4,69328.4,69484.8,510.71643716
2024-05-23 06:00:00,69484.7,69861.8,69389.0,69734.1,625.3469833
2024-05-23 08:00:00,69734.0,69847.0,69563.3,69639.9,686.94024373
2024-05-23 10:00:00,69639.9,70058.1,69525.9,69978.0,492.81460823
2024-05-23 12:00:00,69977.2,70087.6,67688.1,68019.9,2478.20843024
2024-05-23 14:00:00,68019.8,68338.6,67602.3,68075.5,1665.88054805
2024-05-23 16:00:00,68075.6,68172.1,67618.7,67642.7,473.77264818
2024-05-23 18:00:00,67644.2,67694.7,66758.1,67203.1,1132.36992935
2024-05-23 20:00:00,67205.7,68379.6,66256.3,67989.8,2655.1701307
2024-05-23 22:00:00,67989.8,67996.5,67485.1,67967.5,402.01723578
2024-05-24 00:00:00,67967.4,68006.8,67626.7,67734.2,542.16649546
2024-05-24 02:00:00,67734.2,68017.5,67616.3,67881.4,418.04458134
2024-05-24 04:00:00,67884.5,67925.2,67075.1,67305.1,709.61677643
2024-05-24 06:00:00,67305.0,67596.7,66850.0,67165.3,1274.10573497
2024-05-24 08:00:00,67165.3,67451.9,66608.8,67372.8,537.75248385
2024-05-24 10:00:00,67372.8,67524.2,67280.0,67353.6,274.85047123
2024-05-24 12:00:00,67353.6,67611.0,66921.8,67084.8,347.93478993
2024-05-24 14:00:00,67081.7,68421.8,66996.6,68332.0,1189.98867144
2024-05-24 16:00:00,68332.0,68940.0,67901.1,68917.4,768.6794009
2024-05-24 18:00:00,68917.3,69250.0,68731.9,69122.9,953.58684337
2024-05-24 20:00:00,69121.1,69219.9,68787.8,68876.5,257.47928985
2024-05-24 22:00:00,68876.4,68876.5,68509.9,68559.9,170.33501016
2024-05-25 00:00:00,68560.0,68699.9,68499.7,68608.1,157.20923724
2024-05-25 02:00:00,68608.1,68910.5,68594.2,68755.3,224.65217494
2024-05-25 04:00:00,68755.3,68829.7,68686.3,68722.5,127.41535131
2024-05-25 06:00:00,68722.6,68806.0,68618.5,68749.6,155.76785054
2024-05-25 08:00:00,68749.6,69173.7,68729.5,69099.9,381.74901791
2024-05-25 10:00:00,69100.0,69639.3,69012.6,69099.5,549.00203862
2024-05-25 12:00:00,69099.6,69299.9,68872.2,69031.9,422.41356758
2024-05-25 14:00:00,69032.0,69203.6,68837.4,68938.6,199.57334542
2024-05-25 16:00:00,68938.6,69108.0,68840.1,69069.6,125.46320238
2024-05-25 18:00:00,69069.7,69265.7,69069.6,69155.6,76.84210011
2024-05-25 20:00:00,69155.7,69223.9,69048.0,69140.2,48.68428755
2024-05-25 22:00:00,69140.2,69364.0,69046.4,69290.4,126.52855181
2024-05-26 00:00:00,69290.5,69312.2,69130.3,69162.6,122.81331115
2024-05-26 02:00:00,69162.5,69179.9,68809.9,69074.3,230.06376797
2024-05-26 04:00:00,69074.3,69160.5,68919.8,69142.3,113.74934013
2024-05-26 06:00:00,69142.3,69445.1,69045.4,69347.1,274.12666636
2024-05-26 08:00:00,69347.0,69556.6,68969.6,69088.1,278.36990206
2024-05-26 10:00:00,69088.1,69229.0,69052.8,69130.7,181.12084913
2024-05-26 12:00:00,69130.7,69147.3,68900.0,69147.3,418.21645699
2024-05-26 14:00:00,69147.3,69391.4,68669.8,68846.4,408.63037254
2024-05-26 16:00:00,68847.2,68965.5,68692.7,68786.2,197.1728281
2024-05-26 18:00:00,68786.3,68915.4,68720.0,68899.9,64.18608483
2024-05-26 20:00:00,68900.0,68908.4,68150.2,68520.4,376.31471272
2024-05-26 22:00:00,68520.4,68703.3,68343.1,68506.3,255.62312579
2024-05-27 00:00:00,68506.3,69300.0,68476.0,69079.9,329.80398012
2024-05-27 02:00:00,69080.0,69289.8,68829.5,68882.0,379.7864223
2024-05-27 04:00:00,68882.1,68927.4,68322.5,68530.1,390.61052009
2024-05-27 06:00:00,68530.2,68739.9,68351.0,68655.0,264.78662597
2024-05-27 08:00:00,68654.9,68929.8,68426.9,68593.0,273.35639477
2024-05-27 10:00:00,68593.0,68678.6,68256.3,68441.8,339.33204591
2024-05-27 12:00:00,68440.7,69050.0,68380.0,68923.0,273.89870221
2024-05-27 14:00:00,68923.0,70550.0,68828.7,70370.8,1536.01477552
2024-05-27 16:00:00,70370.8,70688.0,70038.1,70190.3,811.55312187
2024-05-27 18:00:00,70190.4,70265.0,69063.7,69264.1,628.37477322
2024-05-27 20:00:00,69264.2,69904.0,69172.0,69806.5,228.291493
2024-05-27 22:00:00,69806.4,69813.2,69307.6,69416.1,369.35858367
2024-05-28 00:00:00,69416.1,69614.4,68540.0,68625.0,1407.3585559
2024-05-28 02:00:00,68625.0,68855.8,67756.5,68050.8,1128.08017517
2024-05-28 04:00:00,68050.9,68135.0,67485.0,68051.3,863.24750898
2024-05-28 06:00:00,68052.7,68082.4,67668.0,67687.4,502.70473307
2024-05-28 08:00:00,67687.4,68513.7,67586.9,68327.8,572.10699478
2024-05-28 10:00:00,68327.8,68889.9,68245.9,68391.5,611.30134052
2024-05-28 12:00:00,68391.5,68567.4,67656.5,67788.0,545.69906694
2024-05-28 14:00:00,67788.9,68470.8,67526.2,68379.4,655.50550232
2024-05-28 16:00:00,68380.8,68475.5,67656.1,67774.0,412.14711049
2024-05-28 18:00:00,67779.9,68617.0,67264.3,68429.7,655.17056879
2024-05-28 20:00:00,68431.1,68561.9,68130.8,68401.7,242.25554437
2024-05-28 22:00:00,68401.7,68670.8,68345.6,68405.9,246.65840847
2024-05-29 00:00:00,68406.0,68740.0,68272.0,68574.1,435.31972342
2024-05-29 02:00:00,68578.0,68926.3,68444.3,68840.0,742.41900723
2024-05-29 04:00:00,68840.0,68934.6,68583.6,68588.4,280.02172882
2024-05-29 06:00:00,68593.6,68675.8,67944.3,67944.7,437.8309355
2024-05-29 08:00:00,67944.7,68035.0,67600.0,67904.4,726.49640065
2024-05-29 10:00:00,67908.0,68028.0,67733.9,67771.9,335.44822714
2024-05-29 12:00:00,67773.6,68272.4,67591.4,67884.2,589.30636837
2024-05-29 14:00:00,67893.5,67966.5,67300.0,67380.0,853.71681282
2024-05-29 16:00:00,67380.1,67726.9,67137.5,67612.3,747.58451283
2024-05-29 18:00:00,67612.4,67769.9,67220.1,67266.2,283.15549495
2024-05-29 20:00:00,67267.4,67843.2,67142.1,67694.9,170.98410934
2024-05-29 22:00:00,67694.8,67827.3,67572.0,67647.7,154.3350554
2024-05-30 00:00:00,67647.6,67863.1,67469.8,67806.6,302.09092538
2024-05-30 02:00:00,67803.3,68229.2,67778.6,68131.6,622.81558275
2024-05-30 04:00:00,68130.4,68429.9,67972.8,68147.9,719.24392748
2024-05-30 06:00:00,68147.9,68192.0,67520.9,67587.2,624.04026301
2024-05-30 08:00:00,67587.2,67768.0,67123.9,67742.1,626.88296342
2024-05-30 10:00:00,67745.9,68115.7,67547.2,67799.7,811.90313903
2024-05-30 12:00:00,67799.5,68678.1,67733.3,68616.0,1482.81718685
2024-05-30 14:00:00,68615.9,68823.9,68147.3,68532.1,884.63675865
2024-05-30 16:00:00,68532.0,69515.0,68350.6,69319.9,1096.88452616
2024-05-30 18:00:00,69320.0,69423.9,68430.9,68666.2,455.53909425
2024-05-30 20:00:00,68666.3,68673.1,68039.6,68416.4,245.09706002
2024-05-30 22:00:00,68416.4,68526.9,68234.1,68357.9,161.29812533
2024-05-31 00:00:00,68358.5,68659.3,68277.1,68455.4,681.16229496
2024-05-31 02:00:00,68455.5,68748.7,68433.4,68533.0,517.54771635
2024-05-31 04:00:00,68533.1,68654.7,68287.2,68440.2,355.61688363
2024-05-31 06:00:00,68440.2,68459.3,68070.1,68169.5,428.92758159
2024-05-31 08:00:00,68169.5,68313.5,67870.7,67949.2,221.19941873
2024-05-31 10:00:00,67949.3,68462.3,67926.1,68356.0,370.43533612
2024-05-31 12:00:00,68355.9,69049.6,68016.4,68074.9,914.93988698
2024-05-31 14:00:00,68075.5,68077.0,67200.1,67209.6,1528.54437647
2024-05-31 16:00:00,67209.7,67456.0,66654.1,67342.7,1211.9062654
2024-05-31 18:00:00,67342.7,68002.3,67177.9,67681.2,501.19822878
2024-05-31 20:00:00,67684.6,67814.3,67519.3,67570.9,262.12958371
2024-05-31 22:00:00,67570.9,67667.5,67236.0,67542.5,262.42845999
2024-06-01 00:00:00,67542.6,67712.1,67441.6,67557.9,178.90387937
2024-06-01 02:00:00,67557.9,67761.2,67542.3,67716.3,105.85373413
2024-06-01 04:00:00,67716.3,67800.0,67587.2,67683.4,291.91059057
2024-06-01 06:00:00,67683.4,67737.6,67557.9,67620.4,236.13090204
2024-06-01 08:00:00,67620.5,67754.5,67599.8,67708.1,141.4678498
2024-06-01 10:00:00,67708.2,67750.0,67625.0,67661.6,85.47284286
2024-06-01 12:00:00,67661.6,67872.0,67644.2,67700.0,228.04248904
2024-06-01 14:00:00,67700.0,67860.7,67665.5,67683.9,216.1906793
2024-06-01 16:00:00,67684.0,67851.9,67548.0,67788.1,257.84475123
2024-06-01 18:00:00,67788.1,67826.9,67680.0,67754.7,207.13389445
2024-06-01 20:00:00,67754.6,67822.1,67711.0,67756.9,65.2490003
2024-06-01 22:00:00,67756.9,67890.0,67715.0,67757.8,140.20636176
2024-06-02 00:00:00,67757.8,67913.6,67708.4,67754.6,178.69811687
2024-06-02 02:00:00,67754.7,67815.4,67637.9,67788.0,90.02234827
2024-06-02 04:00:00,67788.1,67866.7,67721.9,67722.0,141.0716101
2024-06-02 06:00:00,67721.9,67840.0,67717.4,67720.0,94.88853124
2024-06-02 08:00:00,67720.0,67809.9,67404.4,67535.8,217.4764821
2024-06-02 10:00:00,67536.9,68328.3,67380.1,68254.2,411.10748181
2024-06-02 12:00:00,68254.2,68314.2,67795.1,68162.7,350.6781059
2024-06-02 14:00:00,68161.8,68472.3,68019.1,68147.1,388.08897433
2024-06-02 16:00:00,68147.2,68214.1,67829.7,67881.7,178.65165454
2024-06-02 18:00:00,67881.7,67881.7,67267.1,67740.7,453.36024544
2024-06-02 20:00:00,67740.7,67920.3,67581.3,67819.0,113.5702793
2024-06-02 22:00:00,67818.2,68003.0,67767.6,67767.7,142.45298599
2024-06-03 00:00:00,67767.6,68576.6,67613.4,68483.0,616.04354092
2024-06-03 02:00:00,68483.1,68800.0,68219.6,68392.2,772.42072927
2024-06-03 04:00:00,68394.2,68818.3,68294.5,68719.9,716.00577652
2024-06-03 06:00:00,68719.9,69224.9,68635.5,68914.6,1162.82428592
2024-06-03 08:00:00,68914.6,69333.0,68913.9,69016.7,492.72996228
2024-06-03 10:00:00,69018.2,69257.1,68849.3,69087.3,450.17246892
2024-06-03 12:00:00,69087.4,70299.4,69087.3,69784.3,1826.70564089
2024-06-03 14:00:00,69784.2,70074.6,68516.4,69613.3,1361.17864657
2024-06-03 16:00:00,69613.4,69706.3,68803.1,69271.0,500.10446855
2024-06-03 18:00:00,69271.3,69455.2,69020.5,69218.5,326.19203721
2024-06-03 20:00:00,69218.4,69500.0,68916.6,69086.3,239.96058842
2024-06-03 22:00:00,69086.3,69140.6,68732.0,68800.7,240.35802762
2024-06-04 00:00:00,68800.7,69221.8,68650.2,69220.2,483.35632563
2024-06-04 02:00:00,69220.2,69370.3,69089.2,69167.9,414.88046604
2024-06-04 04:00:00,69168.0,69276.2,68915.4,68963.8,324.35339123
2024-06-04 06:00:00,68966.7,69078.2,68757.8,69011.3,582.70783839
2024-06-04 08:00:00,69011.2,69189.9,68560.1,68715.2,501.3712243
2024-06-04 10:00:00,68715.3,69034.8,68698.9,68957.3,316.17177873
2024-06-04 12:00:00,68957.5,69832.0,68843.8,69536.0,715.47286115
2024-06-04 14:00:00,69539.2,70500.0,69324.3,70447.9,1822.60005059
2024-06-04 16:00:00,70448.0,71000.0,70338.9,70565.6,1142.89193108
2024-06-04 18:00:00,70565.6,71071.9,70087.6,70435.9,1130.73916215
2024-06-04 20:00:00,70437.5,70631.0,70167.6,70619.0,435.05339224
2024-06-04 22:00:00,70619.0,70742.8,70404.2,70532.3,430.12281668
2024-06-05 00:00:00,70532.2,71306.1,70424.1,70967.2,907.46249026
2024-06-05 02:00:00,70963.6,71146.9,70648.0,70956.0,608.40927682
2024-06-05 04:00:00,70955.9,71255.0,70827.1,70991.9,763.57081944
2024-06-05 06:00:00,70991.4,71371.3,70822.7,71200.7,685.71029857
2024-06-05 08:00:00,71200.8,71243.1,70822.2,70900.0,350.51611539
2024-06-05 10:00:00,70900.0,71097.9,70700.0,70967.2,249.23615917
2024-06-05 12:00:00,70970.6,71175.0,70600.0,70722.4,682.57286975
2024-06-05 14:00:00,70724.2,71717.9,70376.0,71567.3,1519.10148719
2024-06-05 16:00:00,71567.2,71754.7,71235.2,71631.6,592.75741587
2024-06-05 18:00:00,71629.8,71744.9,70865.5,71286.4,1001.21563873
2024-06-05 20:00:00,71286.5,71368.0,71030.5,71149.0,323.12178628
2024-06-05 22:00:00,71149.0,71293.7,70708.0,71112.0,313.00015557
2024-06-06 00:00:00,71105.5,71189.8,70900.3,71126.6,176.70321446
2024-06-06 02:00:00,71128.0,71241.1,71016.2,71049.2,179.6687048
2024-06-06 04:00:00,71049.3,71111.3,70810.2,70901.3,232.78490972
2024-06-06 06:00:00,70900.5,71067.9,70802.3,71020.4,263.52459648
2024-06-06 08:00:00,71020.3,71140.6,70853.9,70977.0,354.4345989
2024-06-06 10:00:00,70979.9,71188.0,70885.0,71162.7,229.32813059
2024-06-06 12:00:00,71162.8,71540.0,71001.1,71118.7,578.48728155
2024-06-06 14:00:00,71118.7,71651.5,71015.0,71302.2,600.74782954
2024-06-06 16:00:00,71302.3,71382.5,70800.0,71107.1,689.8625862
2024-06-06 18:00:00,71107.1,71164.9,70450.6,70478.8,484.06459052
2024-06-06 20:00:00,70479.1,70859.5,70120.0,70738.4,425.76615848
2024-06-06 22:00:00,70738.3,70948.4,70665.8,70791.4,229.78487858
2024-06-07 00:00:00,70791.4,70911.6,70666.8,70837.8,189.80132826
2024-06-07 02:00:00,70837.9,71027.3,70666.6,70995.9,256.24812744
2024-06-07 04:00:00,70996.0,71450.0,70995.9,71300.0,467.82870332
2024-06-07 06:00:00,71300.0,71359.4,71055.4,71104.0,424.3021837
2024-06-07 08:00:00,71104.1,71321.3,71048.1,71301.8,611.02991897
2024-06-07 10:00:00,71296.4,71720.0,71200.1,71717.3,537.61179547
2024-06-07 12:00:00,71717.3,71997.0,70601.0,71528.4,2482.06238297
2024-06-07 14:00:00,71526.3,71540.0,70851.2,71108.6,647.0121025
2024-06-07 16:00:00,71108.6,71212.1,69775.3,69791.0,1128.64984216
2024-06-07 18:00:00,69791.0,69878.2,68300.0,69256.0,3276.14059946
2024-06-07 20:00:00,69260.1,69384.4,68972.0,69240.7,473.51697563
2024-06-07 22:00:00,69240.7,69536.4,69180.7,69348.0,177.48775995
2024-06-08 00:00:00,69348.0,69482.6,69289.0,69466.5,259.03123785
2024-06-08 02:00:00,69466.6,69529.9,69380.0,69422.5,211.95061306
2024-06-08 04:00:00,69422.6,69461.8,69228.1,69312.2,131.18257238
2024-06-08 06:00:00,69312.2,69589.6,69286.8,69589.5,271.48932143
2024-06-08 08:00:00,69589.6,69589.6,69369.0,69440.2,181.0092342
2024-06-08 10:00:00,69440.2,69523.0,69308.6,69365.9,214.48914621
2024-06-08 12:00:00,69364.2,69436.3,69136.4,69421.4,295.55984222
2024-06-08 14:00:00,69423.4,69497.1,69305.9,69420.8,175.8326437
2024-06-08 16:00:00,69420.9,69473.0,69297.2,69443.6,363.53206609
2024-06-08 18:00:00,69443.7,69504.2,69398.6,69452.6,517.78043713
2024-06-08 20:00:00,69452.7,69475.0,69308.2,69399.1,171.5771371
2024-06-08 22:00:00,69399.1,69413.7,69281.2,69311.5,144.36840957
2024-06-09 00:00:00,69311.5,69351.4,69228.2,69282.8,80.03541118
2024-06-09 02:00:00,69282.9,69304.0,69134.0,69261.8,111.19155646
2024-06-09 04:00:00,69261.8,69373.8,69234.6,69300.9,55.34864236
2024-06-09 06:00:00,69300.9,69435.1,69285.5,69304.8,133.3383493
2024-06-09 08:00:00,69304.9,69404.2,69285.8,69365.0,80.77879723
2024-06-09 10:00:00,69365.0,69396.0,69324.9,69368.8,65.33843811
2024-06-09 12:00:00,69368.9,69775.0,69253.0,69453.3,322.67479264
2024-06-09 14:00:00,69453.3,69584.0,69264.7,69508.5,216.5751315
2024-06-09 16:00:00,69508.6,69698.4,69493.8,69657.1,236.81246023
2024-06-09 18:00:00,69657.0,69850.0,69604.4,69707.2,162.50772401
2024-06-09 20:00:00,69707.3,69818.0,69591.5,69744.3,102.11662346
2024-06-09 22:00:00,69744.3,69788.3,69593.5,69641.8,73.0790978
2024-06-10 00:00:00,69641.8,69677.6,69413.8,69619.7,155.99017808
2024-06-10 02:00:00,69619.7,69798.9,69572.9,69613.7,191.66198644
2024-06-10 04:00:00,69613.8,69701.4,69507.8,69564.7,255.63557847
2024-06-10 06:00:00,69564.8,69612.2,69203.5,69292.0,293.72569301
2024-06-10 08:00:00,69292.6,69497.1,69156.1,69448.3,265.77273039
2024-06-10 10:00:00,69448.2,69560.0,69333.0,69472.0,192.57966487
2024-06-10 12:00:00,69472.1,69520.0,69216.7,69414.8,225.50897412
2024-06-10 14:00:00,69414.8,70186.2,69296.5,70058.6,745.52606498
2024-06-10 16:00:00,70058.6,70105.1,69720.1,70031.9,324.31751918
2024-06-10 18:00:00,70032.0,70120.0,69384.6,69496.3,368.25331152
2024-06-10 20:00:00,69496.3,69685.3,69333.0,69579.0,259.63209742
2024-06-10 22:00:00,69579.0,69591.1,69399.9,69545.0,451.02579541
2024-06-11 00:00:00,69545.0,69583.5,68395.0,68712.1,1745.7249733
2024-06-11 02:00:00,68712.0,68931.6,67891.0,68464.8,1886.86911494
2024-06-11 04:00:00,68464.8,68464.8,67618.2,67900.1,1918.27246827
2024-06-11 06:00:00,67900.1,67979.6,67300.9,67568.9,1434.89587793
2024-06-11 08:00:00,67576.2,67661.7,66870.1,67092.7,941.40155373
2024-06-11 10:00:00,67092.4,67286.6,66728.7,66901.7,757.75405608
2024-06-11 12:00:00,66902.5,67280.0,66520.0,66818.7,881.27293063
2024-06-11 14:00:00,66812.0,67095.9,66000.0,66230.3,1673.79180595
2024-06-11 16:00:00,66230.2,66800.0,66153.9,66765.9,941.86617974
2024-06-11 18:00:00,66762.4,67585.0,66633.1,67400.1,534.13411641
2024-06-11 20:00:00,67402.1,67494.4,67168.8,67395.0,231.81635269
2024-06-11 22:00:00,67395.1,67578.0,67300.0,67314.5,262.48287382
2024-06-12 00:00:00,67312.2,67433.4,66892.4,67169.6,431.77064037
2024-06-12 02:00:00,67169.6,67602.7,67114.8,67409.9,517.14346731
2024-06-12 04:00:00,67409.9,67606.7,67200.1,67258.4,837.09601208
2024-06-12 06:00:00,67258.3,67492.4,67230.1,67459.2,548.16103665
2024-06-12 08:00:00,67459.1,67800.0,67351.3,67747.1,549.57007238
2024-06-12 10:00:00,67747.1,68055.0,67713.9,67785.5,479.96778181
2024-06-12 12:00:00,67786.5,69660.0,67744.1,69325.1,2164.4372339
2024-06-12 14:00:00,69325.1,70000.0,69300.0,69728.9,783.75991303
2024-06-12 16:00:00,69734.9,69871.7,69284.0,69801.1,552.65885761
2024-06-12 18:00:00,69801.1,69818.7,67244.0,67536.4,2396.73477859
2024-06-12 20:00:00,67538.5,68666.6,67427.6,68531.8,439.88299458
2024-06-12 22:00:00,68531.8,68539.9,68123.2,68269.8,182.24787851
2024-06-13 00:00:00,68267.6,68401.4,67929.4,67988.9,283.21758663
2024-06-13 02:00:00,67990.7,68175.0,66950.1,67463.9,1023.20608416
2024-06-13 04:00:00,67463.9,67715.2,67329.2,67607.5,810.93943098
2024-06-13 06:00:00,67607.6,67743.9,67314.2,67738.3,301.13130906
2024-06-13 08:00:00,67737.5,67765.4,67173.8,67421.8,356.96818345
2024-06-13 10:00:00,67422.0,67981.4,67230.7,67745.4,374.39320858
2024-06-13 12:00:00,67744.9,68458.0,67455.1,67591.5,1375.02880757
2024-06-13 14:00:00,67591.4,67734.7,66333.0,66460.0,1340.9119666
2024-06-13 16:00:00,66458.1,67070.0,66258.0,66918.5,888.08471155
2024-06-13 18:00:00,66916.1,66981.6,66585.2,66606.8,349.33909125
2024-06-13 20:00:00,66602.0,66973.4,66522.1,66973.4,177.71622834
2024-06-13 22:00:00,66973.4,66987.5,66679.6,66775.7,137.10460766
2024-06-14 00:00:00,66775.6,66896.0,66468.3,66797.9,353.38741418
2024-06-14 02:00:00,66797.9,67032.0,66672.9,66748.0,361.48566439
2024-06-14 04:00:00,66748.0,67210.7,66710.0,67058.4,412.47124461
2024-06-14 06:00:00,67065.3,67121.2,66878.5,66908.8,440.82074834
2024-06-14 08:00:00,66908.9,67266.0,66864.3,66921.5,292.39796699
2024-06-14 10:00:00,66921.5,67099.0,66776.0,67038.8,219.73113835
2024-06-14 12:00:00,67039.9,67366.3,66950.0,67070.7,655.27667444
2024-06-14 14:00:00,67071.3,67119.9,66338.0,66388.3,788.76750605
2024-06-14 16:00:00,66389.9,66524.9,65068.0,65404.4,1998.14385806
2024-06-14 18:00:00,65404.3,65688.3,65088.1,65516.0,493.44543754
2024-06-14 20:00:00,65515.9,66633.3,65472.4,66201.1,531.06636998
2024-06-14 22:00:00,66210.2,66248.0,65875.7,66045.8,242.80045254
2024-06-15 00:00:00,66045.7,66293.6,65973.7,66071.7,282.44612458
2024-06-15 02:00:00,66072.5,66274.7,66042.1,66266.4,116.00488675
2024-06-15 04:00:00,66266.4,66400.4,66196.8,66231.5,197.33447202
2024-06-15 06:00:00,66231.4,66417.6,66059.5,66074.9,336.97345462
2024-06-15 08:00:00,66074.9,66292.3,66074.8,66224.2,150.88752048
2024-06-15 10:00:00,66224.2,66344.9,66200.0,66316.1,185.91957801
2024-06-15 12:00:00,66316.0,66359.4,66217.2,66305.7,87.97053688
2024-06-15 14:00:00,66305.6,66485.2,66162.7,66317.5,291.2256826
2024-06-15 16:00:00,66317.5,66365.6,66130.7,66248.4,97.42747198
2024-06-15 18:00:00,66245.8,66245.8,66071.2,66156.0,96.80565205
2024-06-15 20:00:00,66156.1,66176.0,65857.0,66122.7,162.76219332
2024-06-15 22:00:00,66121.9,66300.0,66039.6,66223.4,196.98022353
2024-06-16 00:00:00,66223.5,66271.4,66100.0,66174.8,72.3257955
2024-06-16 02:00:00,66174.9,66185.1,66061.0,66135.7,87.29748984
2024-06-16 04:00:00,66135.7,66263.3,66034.9,66263.2,62.13368631
2024-06-16 06:00:00,66263.3,66355.2,66174.0,66268.0,86.84267193
2024-06-16 08:00:00,66267.9,66428.9,66186.1,66407.5,160.59039531
2024-06-16 10:00:00,66405.9,66772.0,66359.4,66486.2,327.24201737
2024-06-16 12:00:00,66486.2,66759.5,66474.7,66759.5,227.36769047
2024-06-16 14:00:00,66759.5,66796.7,66505.0,66705.4,173.22158275
2024-06-16 16:00:00,66707.9,66744.3,66521.0,66590.3,212.26872363
2024-06-16 18:00:00,66590.3,66676.2,66517.8,66561.3,111.40540235
2024-06-16 20:00:00,66561.4,66617.5,66465.0,66523.9,66.65127194
2024-06-16 22:00:00,66525.5,66985.4,66525.5,66677.9,253.51954941
2024-06-17 00:00:00,66677.9,66914.7,66283.5,66468.9,391.58125159
2024-06-17 02:00:00,66468.9,66477.7,66144.1,66225.9,405.14434753
2024-06-17 04:00:00,66228.0,66567.6,66165.6,66352.1,202.60793735
2024-06-17 06:00:00,66358.6,66397.8,65938.1,66178.7,582.38456826
2024-06-17 08:00:00,66182.1,66321.0,65652.7,65724.6,483.84069852
2024-06-17 10:00:00,65724.5,66053.0,65557.7,65807.3,499.99021317
2024-06-17 12:00:00,65807.3,65832.2,65180.1,65196.1,1043.38949077
2024-06-17 14:00:00,65197.0,65788.0,65124.3,65365.2,558.45851556
2024-06-17 16:00:00,65365.2,66600.0,65133.6,66599.9,796.33474865
2024-06-17 18:00:00,66599.9,67301.4,66546.3,66690.0,1079.60569953
2024-06-17 20:00:00,66690.1,66771.8,66170.0,66575.9,352.37916636
2024-06-17 22:00:00,66582.5,66717.0,66379.6,66492.1,263.50986894
2024-06-18 00:00:00,66492.1,66592.8,64555.0,65129.9,2401.53420061
2024-06-18 02:00:00,65129.9,65643.9,64542.9,65499.9,1159.46174521
2024-06-18 04:00:00,65499.9,65843.1,65338.9,65594.0,546.9326549
2024-06-18 06:00:00,65596.0,65800.0,65388.9,65675.9,438.39859366
2024-06-18 08:00:00,65675.9,65764.6,65460.1,65483.8,361.17527884
2024-06-18 10:00:00,65483.9,65610.0,65112.0,65366.1,588.67191483
2024-06-18 12:00:00,65366.1,65440.2,64640.0,64843.3,961.25103665
2024-06-18 14:00:00,64843.3,65400.0,64256.0,64702.3,1300.20348388
2024-06-18 16:00:00,64705.8,64901.3,64300.0,64602.5,698.45410284
2024-06-18 18:00:00,64610.0,64866.5,64051.5,64418.0,808.48258144
2024-06-18 20:00:00,64412.5,65300.0,64189.1,65221.8,521.29342057
2024-06-18 22:00:00,65220.1,65300.0,65047.9,65177.1,249.85912712
2024-06-19 00:00:00,65177.1,65500.0,64807.5,65044.9,631.49519459
2024-06-19 02:00:00,65045.0,65600.0,65015.0,65411.0,525.27008982
2024-06-19 04:00:00,65411.0,65727.2,65336.0,65415.6,336.0354726
2024-06-19 06:00:00,65415.7,65651.4,65138.0,65333.7,277.21079556
2024-06-19 08:00:00,65333.8,65364.9,65074.0,65304.2,384.47661641
2024-06-19 10:00:00,65304.2,65547.5,65014.0,65208.0,431.3009833
2024-06-19 12:00:00,65208.1,65309.5,65017.5,65087.6,328.30481602
2024-06-19 14:00:00,65087.6,65148.0,64762.0,64929.0,526.8072815
2024-06-19 16:00:00,64929.0,65284.0,64807.0,65090.0,345.11212276
2024-06-19 18:00:00,65090.1,65167.4,64800.0,64888.0,131.82068772
2024-06-19 20:00:00,64888.0,65090.9,64666.2,65009.9,185.36554296
2024-06-19 22:00:00,65008.0,65058.6,64800.2,64965.8,76.56784347
2024-06-20 00:00:00,64965.9,65412.1,64832.0,65163.3,297.43878812
2024-06-20 02:00:00,65162.8,65253.0,64968.0,65196.4,156.06379823
2024-06-20 04:00:00,65196.4,65625.6,65084.7,65519.5,404.52544594
2024-06-20 06:00:00,65519.6,65979.1,65392.1,65860.2,799.15038886
2024-06-20 08:00:00,65861.0,65915.9,65578.0,65724.2,450.93023063
2024-06-20 10:00:00,65724.1,66493.9,65646.5,66171.7,655.66633186
2024-06-20 12:00:00,66171.8,66298.7,65142.0,65154.0,898.49857549
2024-06-20 14:00:00,65154.1,65205.6,64656.0,64832.0,766.06107122
2024-06-20 16:00:00,64831.3,65027.8,64560.0,64979.9,523.57913917
2024-06-20 18:00:00,64980.5,65214.9,64834.2,65066.9,327.41890895
2024-06-20 20:00:00,65066.8,65195.5,64997.5,65046.1,135.7030662
2024-06-20 22:00:00,65045.8,65159.1,64863.6,64880.2,129.17405427
2024-06-21 00:00:00,64880.1,65021.0,64640.0,64977.0,260.91190806
2024-06-21 02:00:00,64977.9,65076.8,64358.0,64504.0,910.86059571
2024-06-21 04:00:00,64507.9,64708.0,64321.1,64672.0,877.01635414
2024-06-21 06:00:00,64672.0,64748.8,64201.3,64210.0,549.65315477
2024-06-21 08:00:00,64214.0,64372.8,63518.1,64100.0,1427.76510604
2024-06-21 10:00:00,64100.0,64178.0,63670.2,63764.8,513.28293824
2024-06-21 12:00:00,63764.5,63933.0,63383.3,63615.0,832.22140833
2024-06-21 14:00:00,63615.4,64387.9,63437.1,63724.1,1069.27728554
2024-06-21 16:00:00,63727.9,63898.1,63461.5,63664.0,455.64967069
2024-06-21 18:00:00,63664.0,64266.1,63641.6,64230.7,424.8156524
2024-06-21 20:00:00,64230.7,64466.0,63837.6,64091.0,313.99882808
2024-06-21 22:00:00,64091.1,64231.4,64069.6,64145.4,93.02338362
2024-06-22 00:00:00,64145.4,64223.1,63933.3,64149.9,161.64604355
2024-06-22 02:00:00,64149.8,64350.0,64149.8,64327.3,307.28560084
2024-06-22 04:00:00,64327.3,64433.7,64245.7,64419.9,178.03289244
2024-06-22 06:00:00,64420.0,64543.9,64305.9,64515.1,363.85151704
2024-06-22 08:00:00,64515.1,64530.0,64205.5,64329.1,192.12912991
2024-06-22 10:00:00,64329.1,64378.0,64250.0,64274.9,89.79343405
2024-06-22 12:00:00,64275.0,64337.9,64250.0,64283.8,68.77551598
2024-06-22 14:00:00,64283.8,64398.8,64242.5,64302.9,143.87455174
2024-06-22 16:00:00,64303.0,64357.8,64256.0,64258.5,56.03223528
2024-06-22 18:00:00,64258.6,64330.6,64233.9,64295.5,89.62341602
2024-06-22 20:00:00,64295.6,64343.6,64247.3,64323.7,48.73359975
2024-06-22 22:00:00,64323.8,64330.9,64257.1,64263.0,28.67120416
2024-06-23 00:00:00,64263.0,64524.7,64263.0,64473.0,163.30448702
2024-06-23 02:00:00,64473.0,64519.4,64367.9,64409.0,162.81599088
2024-06-23 04:00:00,64410.0,64432.5,64340.0,64376.6,322.62860663
2024-06-23 06:00:00,64376.7,64439.4,64370.1,64415.1,76.47373932
2024-06-23 08:00:00,64415.1,64437.2,64370.9,64414.7,81.68549764
2024-06-23 10:00:00,64414.7,64414.7,64251.2,64341.8,133.25023499
2024-06-23 12:00:00,64341.8,64446.4,64250.0,64302.6,143.180783
2024-06-23 14:00:00,64302.5,64313.1,64067.9,64097.9,169.36674273
2024-06-23 16:00:00,64098.0,64184.0,63929.9,64122.8,134.59927051
2024-06-23 18:00:00,64122.8,64186.4,64068.3,64154.4,49.1027626
2024-06-23 20:00:00,64154.3,64160.0,63526.8,63836.3,1045.54360427
2024-06-23 22:00:00,63836.9,63836.9,63155.2,63211.9,455.88564658
2024-06-24 00:00:00,63212.0,63333.7,62903.3,63297.9,1334.7518037
2024-06-24 02:00:00,63297.9,63366.7,62674.3,62857.9,616.04355308
2024-06-24 04:00:00,62853.8,62947.9,62264.9,62310.3,747.71850082
2024-06-24 06:00:00,62310.1,62591.9,62161.9,62460.6,731.17720313
2024-06-24 08:00:00,62463.0,62970.6,60588.6,61403.7,2875.88273503
2024-06-24 10:00:00,61399.4,61576.2,60833.5,61286.0,1186.94848076
2024-06-24 12:00:00,61284.7,61644.8,60931.9,61570.0,749.92956567
2024-06-24 14:00:00,61570.0,61695.9,60683.1,60850.0,879.27306532
2024-06-24 16:00:00,60849.9,61050.0,59809.0,60251.1,2617.34557312
2024-06-24 18:00:00,60252.1,60484.1,59050.0,59316.0,1788.30331523
2024-06-24 20:00:00,59304.2,60107.5,58378.0,60107.4,2111.74367589
2024-06-24 22:00:00,60107.5,60443.1,59975.5,60290.6,652.25461313
2024-06-25 00:00:00,60290.1,60658.2,60251.2,60495.4,437.95632639
2024-06-25 02:00:00,60495.4,61599.9,60410.4,61304.0,1267.53608949
2024-06-25 04:00:00,61304.1,61419.6,60936.0,61021.7,595.18666955
2024-06-25 06:00:00,61021.8,61256.8,60628.0,60685.4,606.37571209
2024-06-25 08:00:00,60685.5,61597.8,60670.0,61450.0,699.14417329
2024-06-25 10:00:00,61450.0,61490.1,61117.8,61189.2,479.13247985
2024-06-25 12:00:00,61188.5,61439.5,60971.1,61199.9,529.06595877
2024-06-25 14:00:00,61200.0,62151.6,61161.2,61820.6,1571.94041153
2024-06-25 16:00:00,61820.7,61949.9,61334.0,61387.6,572.04168011
2024-06-25 18:00:00,61387.7,62422.7,61145.1,61974.1,1184.91240257
2024-06-25 20:00:00,61973.4,62081.8,61810.6,61921.3,210.41100125
2024-06-25 22:00:00,61925.1,62163.9,61664.0,61806.1,376.81454837
2024-06-26 00:00:00,61804.1,62183.9,61639.4,62085.9,370.75707473
2024-06-26 02:00:00,62090.6,62483.9,61832.9,61930.8,646.22149678
2024-06-26 04:00:00,61930.9,61989.9,61569.1,61569.1,292.35778442
2024-06-26 06:00:00,61569.1,61814.8,61525.8,61733.3,377.70788903
2024-06-26 08:00:00,61733.3,61767.1,61313.7,61378.8,513.18323979
2024-06-26 10:00:00,61378.7,61572.1,61162.6,61446.0,415.57182975
2024-06-26 12:00:00,61444.1,61831.1,61333.3,61751.4,478.52638364
2024-06-26 14:00:00,61757.7,61983.9,61188.2,61480.0,624.9454894
2024-06-26 16:00:00,61480.0,61553.8,60857.5,61242.5,705.70235855
2024-06-26 18:00:00,61242.6,61246.8,60712.6,60996.7,673.36490906
2024-06-26 20:00:00,60998.0,61150.8,60717.3,61063.9,325.02856792
2024-06-26 22:00:00,61063.9,61068.0,60788.1,60866.1,268.77259112
2024-06-27 00:00:00,60866.2,61153.0,60765.0,61057.6,329.0125471
2024-06-27 02:00:00,61057.7,61292.0,60868.2,61039.8,268.28788009
2024-06-27 04:00:00,61039.9,61189.8,60804.0,60810.0,278.75187239
2024-06-27 06:00:00,60809.9,60918.4,60620.7,60798.0,409.64558055
2024-06-27 08:00:00,60798.1,61343.1,60738.0,61280.0,348.13307579
2024-06-27 10:00:00,61280.0,61449.5,61090.0,61189.9,461.32714725
2024-06-27 12:00:00,61189.8,62000.0,61144.2,61988.0,1641.21052601
2024-06-27 14:00:00,61993.9,62390.0,61530.0,61590.1,1220.68392729
2024-06-27 16:00:00,61590.1,62019.2,61536.0,61838.6,478.47107021
2024-06-27 18:00:00,61837.1,61929.9,61411.2,61454.1,297.89335022
2024-06-27 20:00:00,61456.1,61593.4,61360.0,61543.4,186.59900292
2024-06-27 22:00:00,61543.5,61709.6,61516.3,61706.6,156.06087455
2024-06-28 00:00:00,61706.5,62233.9,61500.0,62080.0,548.91908199
2024-06-28 02:00:00,62080.0,62136.8,61580.1,61825.0,397.52241242
2024-06-28 04:00:00,61825.1,61836.4,61500.0,61604.0,293.33085123
2024-06-28 06:00:00,61604.0,61675.9,61234.4,61336.0,750.85761111
2024-06-28 08:00:00,61336.0,61588.3,61207.5,61547.7,354.22758839
2024-06-28 10:00:00,61547.8,61800.0,61447.3,61692.0,324.46422661
2024-06-28 12:00:00,61695.9,61880.0,61233.6,61294.5,1033.03531621
2024-06-28 14:00:00,61294.6,61509.9,60730.0,61060.0,969.9361929
2024-06-28 16:00:00,61060.0,61116.6,60642.0,60819.1,713.60540026
2024-06-28 18:00:00,60819.2,60880.1,60090.0,60137.7,1394.32231846
2024-06-28 20:00:00,60134.0,60409.4,60055.5,60363.6,580.90624881
2024-06-28 22:00:00,60363.6,60461.7,60291.1,60436.0,227.4960572
2024-06-29 00:00:00,60436.1,61000.0,60398.0,60897.1,865.88581894
2024-06-29 02:00:00,60897.1,60977.4,60698.0,60761.2,184.99926148
2024-06-29 04:00:00,60761.1,60802.0,60700.3,60749.9,152.84659319
2024-06-29 06:00:00,60749.9,61136.0,60729.9,61050.0,395.72887915
2024-06-29 08:00:00,61050.0,61075.1,60891.1,60979.9,179.47742637
2024-06-29 10:00:00,60978.6,61218.2,60904.9,61104.1,334.87397117
2024-06-29 12:00:00,61104.1,61179.2,60984.4,61098.9,149.87818634
2024-06-29 14:00:00,61096.2,61170.0,60950.0,61115.1,197.29288969
2024-06-29 16:00:00,61115.2,61133.3,60916.6,61026.6,116.54767908
2024-06-29 18:00:00,61026.7,61078.3,60924.0,61048.2,116.87959064
2024-06-29 20:00:00,61048.3,61099.9,60940.4,61049.4,98.64044573
2024-06-29 22:00:00,61049.4,61063.2,60835.5,60986.7,91.55844957
2024-06-30 00:00:00,60986.7,61082.0,60914.8,60960.0,94.86006628
2024-06-30 02:00:00,60960.0,60964.6,60758.4,60899.5,235.92962616
2024-06-30 04:00:00,60899.5,60900.0,60710.1,60791.8,99.08959043
2024-06-30 06:00:00,60791.9,61799.9,60766.0,61529.9,912.55808069
2024-06-30 08:00:00,61529.9,61708.0,61386.4,61524.1,350.82644434
2024-06-30 10:00:00,61522.0,61674.5,61492.1,61553.2,196.0020245
2024-06-30 12:00:00,61553.3,61742.5,61329.4,61720.5,251.69955469
2024-06-30 14:00:00,61718.4,61865.0,61524.0,61719.8,304.87466036
2024-06-30 16:00:00,61720.0,61866.6,61579.4,61708.7,202.12518437
2024-06-30 18:00:00,61708.8,62108.0,61671.9,62026.4,354.72020399
2024-06-30 20:00:00,62024.0,62394.2,61822.0,61929.8,387.27637095
2024-06-30 22:00:00,61928.7,63066.7,61928.7,62774.2,622.1474216
2024-07-01 00:00:00,62774.3,63732.0,62571.0,63642.0,953.71006457
2024-07-01 02:00:00,63642.1,63822.3,63283.3,63431.2,818.56366013
2024-07-01 04:00:00,63431.2,63470.4,63217.6,63424.9,235.07081957
2024-07-01 06:00:00,63423.0,63468.0,63240.0,63276.7,382.50417986
2024-07-01 08:00:00,63276.8,63320.0,62780.3,62939.9,558.4742806
2024-07-01 10:00:00,62940.0,62981.2,62600.0,62667.8,304.4868016
2024-07-01 12:00:00,62667.8,63084.0,62531.4,62688.1,517.47004202
2024-07-01 14:00:00,62688.1,63159.2,62608.6,63142.1,582.90351872
2024-07-01 16:00:00,63142.1,63699.6,62962.2,63693.8,915.65292802
2024-07-01 18:00:00,63693.9,63860.2,63069.7,63226.1,753.7012043
2024-07-01 20:00:00,63224.9,63426.5,63032.8,63130.0,187.07934282
2024-07-01 22:00:00,63130.1,63167.7,62807.7,62906.3,433.13105927
2024-07-02 00:00:00,62906.2,62999.1,62785.8,62934.2,188.92442147
2024-07-02 02:00:00,62934.3,63294.0,62921.7,63130.8,262.06238542
2024-07-02 04:00:00,63130.8,63248.0,63000.0,63023.3,131.44556648
2024-07-02 06:00:00,63023.2,63049.8,62583.4,62628.3,436.36923163
2024-07-02 08:00:00,62628.3,62790.7,62430.4,62652.8,341.81676704
2024-07-02 10:00:00,62652.9,62860.0,62505.6,62826.8,246.37003636
2024-07-02 12:00:00,62826.9,63181.4,62538.0,62635.9,469.20161403
2024-07-02 14:00:00,62626.5,62730.0,61835.1,61949.9,1369.29690754
2024-07-02 16:00:00,61950.0,62161.9,61820.0,62155.0,361.42399837
2024-07-02 18:00:00,62156.0,62374.7,61882.1,61942.1,343.44107679
2024-07-02 20:00:00,61942.2,62101.4,61876.4,61956.3,262.5040183
2024-07-02 22:00:00,61956.2,62188.7,61946.5,62145.0,251.26108292
2024-07-03 00:00:00,62145.1,62290.0,61294.0,61593.4,818.34776011
2024-07-03 02:00:00,61618.1,61622.0,60608.7,60992.9,1055.09743293
2024-07-03 04:00:00,60993.0,61119.4,60814.5,61119.4,325.81205934
2024-07-03 06:00:00,61119.4,61186.2,60846.7,60869.4,472.714212
2024-07-03 08:00:00,60863.4,60984.9,60333.3,60607.2,1065.80639183
2024-07-03 10:00:00,60607.2,60620.2,59571.1,60378.5,1987.26868285
2024-07-03 12:00:00,60378.6,60642.7,59755.1,60593.7,908.8375554
2024-07-03 14:00:00,60593.8,60750.0,59972.0,60183.0,743.64573884
2024-07-03 16:00:00,60181.4,60659.9,60100.0,60370.7,463.33891866
2024-07-03 18:00:00,60370.6,60441.9,59654.1,59668.0,590.0404652
2024-07-03 20:00:00,59664.1,60339.3,59375.1,60247.1,563.90265689
2024-07-03 22:00:00,60247.0,60377.1,60126.6,60217.7,199.26916475
2024-07-04 00:00:00,60217.6,60493.1,58428.2,58580.1,1573.47311098
2024-07-04 02:00:00,58582.5,59154.6,57800.9,59106.0,1637.00605314
2024-07-04 04:00:00,59106.1,59154.1,58720.0,58899.3,425.95395424
2024-07-04 06:00:00,58899.5,59087.5,58100.1,58230.1,973.24823685
2024-07-04 08:00:00,58230.1,58496.7,56957.4,57745.1,2940.23707664
2024-07-04 10:00:00,57742.5,58106.0,57435.7,57765.2,918.24067038
2024-07-04 12:00:00,57765.2,57765.2,56759.5,57422.9,1903.20268059
2024-07-04 14:00:00,57422.9,58346.9,56852.5,58143.3,1286.60411132
2024-07-04 16:00:00,58143.3,58393.3,57752.1,58242.2,679.18681529
2024-07-04 18:00:00,58245.6,58663.8,57936.4,58282.1,629.96388169
2024-07-04 20:00:00,58282.1,58651.0,58133.4,58499.9,167.16910523
2024-07-04 22:00:00,58499.9,58822.0,56867.0,57050.0,1161.72732683
2024-07-05 00:00:00,57050.0,57548.4,56680.0,57171.1,1347.86702766
2024-07-05 02:00:00,57170.1,57256.3,54893.7,55233.9,3906.11412478
2024-07-05 04:00:00,55233.9,55371.2,53269.0,54799.9,4654.36588409
2024-07-05 06:00:00,54800.0,54805.7,53883.2,54402.4,1825.5553387
2024-07-05 08:00:00,54402.4,54735.4,53888.8,54526.0,1416.588506
2024-07-05 10:00:00,54526.0,55656.8,54403.6,55490.9,1565.82486137
2024-07-05 12:00:00,55491.0,55988.0,54843.9,55832.0,2175.49939475
2024-07-05 14:00:00,55836.4,56687.6,55346.4,56670.1,1809.54522787
2024-07-05 16:00:00,56675.9,57069.7,56159.2,56461.0,1327.73674425
2024-07-05 18:00:00,56461.1,56758.3,55823.4,56472.0,1425.7131641
2024-07-05 20:00:00,56468.0,56800.0,56318.2,56533.5,204.48863733
2024-07-05 22:00:00,56520.1,56870.1,56402.6,56633.5,229.55056312
2024-07-06 00:00:00,56630.1,57013.8,56206.0,56216.3,567.01540784
2024-07-06 02:00:00,56216.3,56523.4,56182.2,56407.2,200.8313884
2024-07-06 04:00:00,56407.3,56491.9,56025.7,56363.5,354.70637627
2024-07-06 06:00:00,56361.2,56679.7,56344.1,56602.4,409.56934235
2024-07-06 08:00:00,56600.1,56781.2,56438.6,56768.0,191.2400523
2024-07-06 10:00:00,56768.0,56888.0,56644.6,56734.4,219.3861796
2024-07-06 12:00:00,56734.5,57352.4,56510.2,56996.9,476.0557669
2024-07-06 14:00:00,57000.0,57454.5,56677.8,57320.2,687.94384184
2024-07-06 16:00:00,57322.7,58120.1,57182.1,57962.5,850.73299973
2024-07-06 18:00:00,57962.5,58032.0,57733.3,57863.8,201.06640457
2024-07-06 20:00:00,57863.8,58273.7,57820.6,57871.8,209.68685036
2024-07-06 22:00:00,57868.2,58479.8,57868.2,58236.4,329.50735273
2024-07-07 00:00:00,58236.5,58311.0,57835.1,58118.0,342.54815007
2024-07-07 02:00:00,58116.0,58448.0,57860.0,57964.0,366.05692344
2024-07-07 04:00:00,57964.0,58012.5,57413.4,57647.0,528.65167554
2024-07-07 06:00:00,57647.1,57799.9,57073.8,57370.0,375.30664973
2024-07-07 08:00:00,57373.7,57745.6,57363.0,57731.4,248.17679534
2024-07-07 10:00:00,57731.0,57918.8,57354.0,57454.0,434.05276209
2024-07-07 12:00:00,57448.8,57638.9,56780.7,56872.0,635.67628705
2024-07-07 14:00:00,56875.2,57079.7,56573.4,56826.0,618.02921362
2024-07-07 16:00:00,56828.0,57299.8,56750.2,57235.9,211.8663095
2024-07-07 18:00:00,57235.9,57399.9,57024.5,57159.9,246.43787034
2024-07-07 20:00:00,57156.7,57321.6,56202.0,56590.0,332.90992264
2024-07-07 22:00:00,56584.2,56796.0,55730.7,55862.0,609.14329804
2024-07-08 00:00:00,55867.9,56026.0,54289.4,54956.0,1908.5378436
2024-07-08 02:00:00,54956.5,55482.9,54609.3,55157.6,829.06112923
2024-07-08 04:00:00,55156.0,55720.5,54962.1,55484.6,525.50870744
2024-07-08 06:00:00,55482.1,55901.4,55209.8,55853.8,728.99420076
2024-07-08 08:00:00,55853.8,58214.7,55735.5,57518.0,2327.35782877
2024-07-08 10:00:00,57515.7,57722.7,56700.0,57158.1,1051.28877229
2024-07-08 12:00:00,57154.1,57630.7,56791.0,57230.2,1022.72877345
2024-07-08 14:00:00,57232.7,57300.0,54918.8,55760.9,2601.43757266
2024-07-08 16:00:00,55764.4,56386.7,55416.9,56295.3,758.35992049
2024-07-08 18:00:00,56290.7,56569.3,56151.2,56476.1,367.95704701
2024-07-08 20:00:00,56472.2,56859.9,56196.1,56646.2,449.52157619
2024-07-08 22:00:00,56646.2,56965.2,56550.0,56720.5,327.90639116
2024-07-09 00:00:00,56716.1,57292.0,56291.7,56560.6,713.96334826
2024-07-09 02:00:00,56560.6,57370.8,56335.4,57154.6,607.55575071
2024-07-09 04:00:00,57168.0,57431.0,57102.9,57295.6,628.48630367
2024-07-09 06:00:00,57295.5,57764.2,57000.0,57113.4,799.63569793
2024-07-09 08:00:00,57119.2,57907.4,57019.8,57587.1,786.259849
2024-07-09 10:00:00,57581.3,57665.8,57220.2,57438.4,281.40397346
2024-07-09 12:00:00,57429.2,57558.6,56962.4,57331.5,914.89979765
2024-07-09 14:00:00,57331.8,58131.3,56900.0,57476.9,1290.04236631
2024-07-09 16:00:00,57476.9,57867.2,57363.3,57526.0,556.28389755
2024-07-09 18:00:00,57523.2,58303.0,57446.0,57862.1,923.35706284
2024-07-09 20:00:00,57862.1,58100.1,57701.9,57802.0,285.1246799
2024-07-09 22:00:00,57800.1,58263.9,57716.6,58043.1,297.26871303
2024-07-10 00:00:00,58043.1,58043.1,57332.1,57794.3,440.79603131
2024-07-10 02:00:00,57788.1,58205.9,57632.1,58186.0,336.85920925
2024-07-10 04:00:00,58177.8,59476.3,58177.8,58972.1,2237.25036535
2024-07-10 06:00:00,58976.0,59309.9,58841.9,58977.8,369.64885304
2024-07-10 08:00:00,58976.0,59039.9,58400.0,58487.9,517.84486982
2024-07-10 10:00:00,58487.9,58726.5,58312.1,58490.1,394.05700662
2024-07-10 12:00:00,58490.1,58571.8,57510.5,57767.9,1792.89515701
2024-07-10 14:00:00,57766.0,58038.4,57486.6,57700.1,579.06319124
2024-07-10 16:00:00,57705.8,58012.1,57442.1,57634.0,422.608369
2024-07-10 18:00:00,57638.8,57787.9,57350.0,57390.0,362.703043
2024-07-10 20:00:00,57395.9,57563.1,57159.7,57431.2,364.68251509
2024-07-10 22:00:00,57431.1,57874.5,57405.4,57720.2,355.79301856
2024-07-11 00:00:00,57720.2,58386.2,57364.8,58280.0,585.78983529
2024-07-11 02:00:00,58279.7,58374.0,57029.2,57564.7,820.48850527
2024-07-11 04:00:00,57564.8,58087.7,57482.2,57994.6,373.28736397
2024-07-11 06:00:00,57992.1,58300.0,57865.0,58181.6,380.83595118
2024-07-11 08:00:00,58186.0,58380.9,58052.0,58281.9,318.86175988
2024-07-11 10:00:00,58282.0,58888.0,58174.1,58769.8,591.27391783
2024-07-11 12:00:00,58769.8,59579.9,58252.2,58568.1,2222.96803948
2024-07-11 14:00:00,58568.2,58679.1,57260.8,57405.8,1541.68900906
2024-07-11 16:00:00,57403.0,57936.4,57168.3,57802.6,509.62612821
2024-07-11 18:00:00,57804.0,57993.9,57341.8,57378.1,282.49119911
2024-07-11 20:00:00,57375.0,57621.8,57209.4,57466.1,172.04865713
2024-07-11 22:00:00,57464.0,57542.6,57150.0,57342.6,336.3006202
2024-07-12 00:00:00,57338.7,57571.2,56537.3,56944.1,924.90425439
2024-07-12 02:00:00,56941.8,57417.8,56860.1,56916.2,484.74773958
2024-07-12 04:00:00,56916.1,57116.5,56707.0,57027.9,324.64294653
2024-07-12 06:00:00,57029.1,57413.2,56838.0,57105.2,401.11623255
2024-07-12 08:00:00,57104.6,57335.4,56864.7,56961.9,462.97773726
2024-07-12 10:00:00,56960.0,57275.2,56764.8,57208.9,335.79236225
2024-07-12 12:00:00,57205.7,57998.4,57092.2,57849.1,1214.32245602
2024-07-12 14:00:00,57849.1,58277.2,57684.2,58211.9,886.00991752
2024-07-12 16:00:00,58212.5,58433.3,57933.4,58165.8,438.91097915
2024-07-12 18:00:00,58165.8,58527.6,57500.8,57580.1,1305.87211632
2024-07-12 20:00:00,57578.1,57692.0,57144.1,57598.1,550.14885762
2024-07-12 22:00:00,57592.2,57913.9,57573.3,57898.1,215.27694404
2024-07-13 00:00:00,57898.7,57972.0,57757.2,57891.2,159.39233154
2024-07-13 02:00:00,57891.2,57989.6,57764.3,57821.3,143.68681153
2024-07-13 04:00:00,57819.9,58167.2,57757.3,58072.1,222.39487492
2024-07-13 06:00:00,58072.1,58233.9,58005.0,58163.2,255.74349264
2024-07-13 08:00:00,58163.1,58849.8,57914.7,58671.0,682.83176775
2024-07-13 10:00:00,58671.0,58759.0,58342.2,58542.0,434.22052071
2024-07-13 12:00:00,58542.0,58902.5,58430.8,58604.2,481.62561609
2024-07-13 14:00:00,58604.2,58895.7,58463.6,58838.1,731.39869758
2024-07-13 16:00:00,58838.1,58972.9,58566.6,58709.9,213.89084451
2024-07-13 18:00:00,58709.9,58805.8,58565.0,58622.6,71.36807126
2024-07-13 20:00:00,58626.3,58705.0,58568.2,58690.0,120.46108538
2024-07-13 22:00:00,58692.6,59866.0,58259.6,59209.9,1176.6900877
2024-07-14 00:00:00,59203.6,59840.0,59195.1,59709.9,623.74343708
2024-07-14 02:00:00,59710.0,59758.0,59282.8,59466.0,220.21021914
2024-07-14 04:00:00,59460.5,60304.7,59421.8,60273.9,1272.66328097
2024-07-14 06:00:00,60270.6,60329.8,59800.2,60062.1,473.1179508
2024-07-14 08:00:00,60062.1,60407.5,60060.0,60194.0,429.5711997
2024-07-14 10:00:00,60194.1,60241.9,59901.8,60105.3,305.46704159
2024-07-14 12:00:00,60107.5,60115.2,59571.3,59698.5,402.50111123
2024-07-14 14:00:00,59698.6,60238.4,59468.1,60088.2,480.61977956
2024-07-14 16:00:00,60088.2,60187.9,59888.0,60002.0,176.15130458
2024-07-14 18:00:00,60000.7,60077.8,59891.1,59908.2,57.22697461
2024-07-14 20:00:00,59908.2,61444.8,59875.0,61289.7,1098.70747122
2024-07-14 22:00:00,61289.6,61398.3,60702.0,60784.1,833.32545418
2024-07-15 00:00:00,60784.1,61803.3,60650.0,61397.5,1037.07359492
2024-07-15 02:00:00,61397.4,62803.3,61302.2,62650.0,1855.52657434
2024-07-15 04:00:00,62649.9,62969.0,62433.3,62800.0,683.18949981
2024-07-15 06:00:00,62803.9,63095.7,62710.0,62847.9,925.09691962
2024-07-15 08:00:00,62847.9,63271.4,62548.1,62647.1,776.27026113
2024-07-15 10:00:00,62642.0,62814.1,62279.3,62455.9,525.76006679
2024-07-15 12:00:00,62454.1,62981.9,62435.4,62913.9,740.59872634
2024-07-15 14:00:00,62922.2,63329.6,62736.6,63031.4,853.00154166
2024-07-15 16:00:00,63031.4,63744.0,62855.6,63080.0,1051.77054481
2024-07-15 18:00:00,63080.0,63810.2,62990.9,63353.0,1117.46485559
2024-07-15 20:00:00,63355.0,63788.8,63251.2,63534.0,403.24769464
2024-07-15 22:00:00,63534.5,64915.2,63504.0,64726.7,2235.51064419
2024-07-16 00:00:00,64725.7,64972.5,64444.9,64846.1,753.31743202
2024-07-16 02:00:00,64846.0,64863.9,64547.9,64753.3,500.55135963
2024-07-16 04:00:00,64753.2,65000.0,63455.3,63662.0,1432.88928291
2024-07-16 06:00:00,63660.0,63888.0,62719.2,62914.9,1422.41221798
2024-07-16 08:00:00,62913.4,63250.0,62369.8,63185.7,1101.56863722
2024-07-16 10:00:00,63183.9,63856.5,63085.1,63750.0,863.00570647
2024-07-16 12:00:00,63750.0,64275.0,63402.3,63414.1,868.12447217
2024-07-16 14:00:00,63416.0,64963.1,63071.4,64888.2,1506.70495279
2024-07-16 16:00:00,64874.7,65214.1,64111.0,64545.9,1325.33234062
2024-07-16 18:00:00,64546.0,65195.6,64407.5,65173.6,699.61833439
2024-07-16 20:00:00,65169.9,65195.3,64461.0,64494.6,609.74422577
2024-07-16 22:00:00,64494.6,65400.0,64153.8,65046.5,757.02621802
2024-07-17 00:00:00,65046.6,66117.5,64931.8,65667.9,1134.66673616
2024-07-17 02:00:00,65665.9,65913.7,65380.9,65692.2,548.54403683
2024-07-17 04:00:00,65694.0,65996.0,65540.1,65625.9,481.32310249
2024-07-17 06:00:00,65625.9,65798.9,65200.4,65264.2,643.84954097
2024-07-17 08:00:00,65260.1,65510.0,64814.0,65334.6,496.90953119
2024-07-17 10:00:00,65334.6,65355.0,64558.5,64726.0,649.39072684
2024-07-17 12:00:00,64725.7,65315.6,64533.3,65138.1,665.44911002
2024-07-17 14:00:00,65139.2,65403.2,64628.4,64728.9,703.98517147
2024-07-17 16:00:00,64729.0,64775.3,63849.4,64289.6,1500.92104678
2024-07-17 18:00:00,64289.6,64759.0,64213.1,64586.2,331.0660296
2024-07-17 20:00:00,64589.1,64678.0,64063.0,64316.1,286.43794692
2024-07-17 22:00:00,64316.0,64454.3,64060.0,64086.0,200.94690737
2024-07-18 00:00:00,64086.1,64673.1,63905.4,64673.1,431.64968915
2024-07-18 02:00:00,64673.2,65142.5,64234.2,64859.8,762.55280709
2024-07-18 04:00:00,64859.9,64878.6,64391.6,64754.6,307.11284412
2024-07-18 06:00:00,64754.6,65059.9,64651.2,64671.6,331.33311209
2024-07-18 08:00:00,64671.6,64955.8,64631.8,64858.8,309.13881644
2024-07-18 10:00:00,64858.8,64858.9,64444.0,64758.7,295.72252358
2024-07-18 12:00:00,64758.6,65110.8,64501.0,64601.4,625.50639275
2024-07-18 14:00:00,64599.1,64713.4,63400.0,63537.4,1577.37232399
2024-07-18 16:00:00,63537.3,63961.1,63309.0,63560.9,565.42139516
2024-07-18 18:00:00,63566.0,63756.2,63230.9,63555.4,437.90440961
2024-07-18 20:00:00,63558.0,63913.8,63440.1,63854.6,174.06055785
2024-07-18 22:00:00,63848.1,64132.7,63713.1,63991.2,338.18541116
2024-07-19 00:00:00,63991.3,64034.6,63300.1,63821.8,411.31327011
2024-07-19 02:00:00,63821.7,64370.6,63641.6,64324.9,707.60932034
2024-07-19 04:00:00,64325.0,64388.0,64094.9,64173.5,332.94504868
2024-07-19 06:00:00,64173.4,64493.7,63610.1,63701.4,583.78014332
2024-07-19 08:00:00,63701.3,64133.8,63410.8,63699.0,811.60656407
2024-07-19 10:00:00,63698.0,64184.8,63642.8,64113.9,398.59511448
2024-07-19 12:00:00,64113.9,65350.4,64028.4,65140.6,1341.35682051
2024-07-19 14:00:00,65140.6,65899.2,65003.1,65836.7,1485.24085061
2024-07-19 16:00:00,65836.6,66835.4,65826.4,66754.1,2058.01920991
2024-07-19 18:00:00,66752.1,67395.4,66422.6,67163.8,1129.20141722
2024-07-19 20:00:00,67157.7,67354.0,66862.0,66889.4,523.15130571
2024-07-19 22:00:00,66889.4,66996.7,66615.4,66659.9,176.30924279
2024-07-20 00:00:00,66660.0,66824.9,66225.5,66372.8,537.38228555
2024-07-20 02:00:00,66372.8,66752.3,66322.0,66602.7,282.99962107
2024-07-20 04:00:00,66601.1,66705.6,66438.4,66532.1,126.30236027
2024-07-20 06:00:00,66529.7,66762.9,66501.1,66558.3,184.96875262
2024-07-20 08:00:00,66558.3,66737.0,66457.0,66580.0,167.93683133
2024-07-20 10:00:00,66580.0,66656.3,66468.3,66480.1,119.08253011
2024-07-20 12:00:00,66480.2,66647.0,66278.3,66544.0,230.2325093
2024-07-20 14:00:00,66544.7,66838.5,66510.8,66827.1,236.28041682
2024-07-20 16:00:00,66825.9,67619.6,66668.0,67405.7,890.00717465
2024-07-20 18:00:00,67405.8,67578.9,67127.9,67223.8,275.32080325
2024-07-20 20:00:00,67223.7,67432.8,66770.1,67095.1,349.56579631
2024-07-20 22:00:00,67095.2,67300.0,66850.6,67137.7,288.9564827
2024-07-21 00:00:00,67136.1,67413.9,66949.1,67280.2,229.9406488
2024-07-21 02:00:00,67276.0,67392.4,67152.7,67175.9,110.14535951
2024-07-21 04:00:00,67176.0,67226.0,66885.7,67050.3,300.96083273
2024-07-21 06:00:00,67050.4,67094.0,66592.0,66713.0,389.92310172
2024-07-21 08:00:00,66710.2,67028.0,66680.2,66985.5,173.52892398
2024-07-21 10:00:00,66985.5,67069.0,66756.2,66874.6,140.78650279
2024-07-21 12:00:00,66874.7,66990.0,66617.8,66764.0,147.69800077
2024-07-21 14:00:00,66767.1,67500.0,66684.8,67167.5,612.78659784
2024-07-21 16:00:00,67167.6,67724.3,66416.0,66642.0,995.13409422
2024-07-21 18:00:00,66638.0,67750.0,65764.5,67417.9,1524.32633074
2024-07-21 20:00:00,67422.0,68300.0,67262.2,68188.1,910.69390527
2024-07-21 22:00:00,68188.0,68372.1,67882.6,68163.9,464.44369905
2024-07-22 00:00:00,68162.7,68482.1,67757.6,67850.0,609.62566988
2024-07-22 02:00:00,67845.9,68220.3,67751.9,67881.5,459.90126977
2024-07-22 04:00:00,67881.5,68006.9,67518.8,67635.0,489.05080143
2024-07-22 06:00:00,67635.1,67800.0,67128.0,67237.9,526.72984513
2024-07-22 08:00:00,67236.0,67431.8,66944.1,67422.6,416.90690528
2024-07-22 10:00:00,67422.7,67600.0,67285.7,67516.0,221.52137697
2024-07-22 12:00:00,67514.8,67958.4,66982.1,67095.6,605.80364596
2024-07-22 14:00:00,67098.1,67324.0,66576.0,67065.3,883.99707939
2024-07-22 16:00:00,67065.4,67465.8,66814.4,67465.1,440.20021991
2024-07-22 18:00:00,67462.9,68260.0,67324.5,68227.9,610.93344914
2024-07-22 20:00:00,68230.2,68254.3,67655.9,67841.7,469.97263837
2024-07-22 22:00:00,67848.7,67860.1,67228.3,67524.6,305.94607989
2024-07-23 00:00:00,67524.7,67751.7,67214.7,67410.6,287.17652287
2024-07-23 02:00:00,67410.6,67704.9,67245.1,67469.7,239.77759344
2024-07-23 04:00:00,67469.7,67524.0,66323.1,66428.0,897.19964428
2024-07-23 06:00:00,66432.4,66777.2,66256.3,66584.0,541.27746131
2024-07-23 08:00:00,66584.0,67163.9,66517.8,66936.0,436.23673367
2024-07-23 10:00:00,66933.4,67028.0,66450.0,66675.9,281.94661487
2024-07-23 12:00:00,66675.4,66760.0,65956.0,66095.6,775.14134044
2024-07-23 14:00:00,66097.3,67342.0,65976.0,66583.0,1694.52043796
2024-07-23 16:00:00,66575.9,66764.6,65699.2,65935.8,869.25538242
2024-07-23 18:00:00,65933.7,66110.9,65420.0,65527.8,553.36510693
2024-07-23 20:00:00,65524.1,66046.3,65472.0,65872.1,430.73781603
2024-07-23 22:00:00,65872.0,66060.2,65779.1,65938.4,457.4388677
2024-07-24 00:00:00,65938.5,66144.9,65606.6,65665.1,329.93309771
2024-07-24 02:00:00,65665.1,66110.7,65471.4,66050.6,410.10465092
2024-07-24 04:00:00,66050.6,66072.0,65604.7,65810.1,336.16258196
2024-07-24 06:00:00,65813.6,66079.9,65758.8,66075.8,396.40732915
2024-07-24 08:00:00,66075.9,66477.2,65997.9,66399.1,542.54285821
2024-07-24 10:00:00,66399.2,66600.0,66330.0,66367.4,447.19901174
2024-07-24 12:00:00,66367.4,66908.3,66176.0,66351.9,659.27699303
2024-07-24 14:00:00,66351.8,67102.0,66096.0,66177.5,829.72408114
2024-07-24 16:00:00,66179.5,66711.8,65976.0,66595.1,401.45352652
2024-07-24 18:00:00,66595.2,66659.6,65568.0,65652.4,742.89623478
2024-07-24 20:00:00,65654.0,66079.4,65100.0,65638.5,677.85998116
2024-07-24 22:00:00,65645.2,65675.8,65106.8,65373.6,457.8512016
2024-07-25 00:00:00,65372.1,65627.9,64209.9,64477.5,1807.93859255
2024-07-25 02:00:00,64477.5,64483.8,63855.0,64091.4,1290.22087194
2024-07-25 04:00:00,64091.4,64329.2,63771.8,64260.4,605.79906845
2024-07-25 06:00:00,64260.4,64391.4,64051.0,64125.1,504.06435048
2024-07-25 08:00:00,64125.0,64480.0,63852.3,64304.9,765.44164174
2024-07-25 10:00:00,64306.4,64314.0,63970.0,64093.8,529.90479192
2024-07-25 12:00:00,64093.8,64391.0,63736.0,64036.6,864.7059159
2024-07-25 14:00:00,64039.9,65000.0,63450.1,64778.0,1643.00745381
2024-07-25 16:00:00,64778.0,65163.5,64615.4,65038.0,828.25572632
2024-07-25 18:00:00,65040.1,65174.5,64384.0,64683.7,766.05410691
2024-07-25 20:00:00,64680.0,66022.7,64412.1,65834.0,872.27696497
2024-07-25 22:00:00,65835.9,66173.2,65625.6,65801.9,490.76485452
2024-07-26 00:00:00,65802.0,66563.0,65718.0,66430.0,665.37202051
2024-07-26 02:00:00,66430.0,67482.6,66386.7,67039.9,1701.81882909
2024-07-26 04:00:00,67040.0,67111.1,66874.0,66930.0,396.89595252
2024-07-26 06:00:00,66930.0,67185.0,66878.6,66904.8,675.09565897
2024-07-26 08:00:00,66904.8,67500.0,66904.8,67302.0,917.73776779
2024-07-26 10:00:00,67302.0,67413.1,67126.1,67331.2,412.05588902
2024-07-26 12:00:00,67332.2,67987.8,67081.0,67890.9,985.98318435
2024-07-26 14:00:00,67890.8,67995.6,66880.2,67562.9,1274.83225411
2024-07-26 16:00:00,67562.0,67684.6,67306.5,67369.9,254.71956985
2024-07-26 18:00:00,67369.9,68158.7,67330.2,67994.1,711.36224776
2024-07-26 20:00:00,67994.2,68218.0,67400.1,67944.1,557.77627176
2024-07-26 22:00:00,67944.1,68088.9,67846.1,67908.9,122.99578448
2024-07-27 00:00:00,67909.0,67951.0,67629.9,67663.1,193.01468258
2024-07-27 02:00:00,67663.1,68076.9,67658.0,67797.8,297.548729
2024-07-27 04:00:00,67797.8,68000.0,67774.8,67900.1,146.17536175
2024-07-27 06:00:00,67900.1,68300.0,67892.9,68040.2,315.81011522
2024-07-27 08:00:00,68040.1,68217.9,67900.0,68215.8,235.71358155
2024-07-27 10:00:00,68215.9,68268.0,68018.3,68215.2,177.98753791
2024-07-27 12:00:00,68215.2,69397.3,68199.0,69230.0,1116.89547896
2024-07-27 14:00:00,69234.4,69409.5,68600.1,68862.5,793.69751272
2024-07-27 16:00:00,68862.6,68994.8,68371.2,68542.0,508.7886716
2024-07-27 18:00:00,68543.9,68998.0,67671.9,68254.5,883.51062162
2024-07-27 20:00:00,68254.6,69200.0,66646.6,68864.1,3761.77451868
2024-07-27 22:00:00,68864.0,68864.0,67769.8,67897.1,513.31925026
2024-07-28 00:00:00,67898.6,68288.6,67255.2,68086.0,507.93108636
2024-07-28 02:00:00,68086.1,68166.2,67915.7,67930.8,203.70833836
2024-07-28 04:00:00,67930.9,68025.2,67051.1,67412.1,1264.31291503
2024-07-28 06:00:00,67412.1,67576.7,67294.1,67541.4,235.496912
2024-07-28 08:00:00,67541.4,67554.9,67202.1,67427.2,208.46539716
2024-07-28 10:00:00,67427.3,67992.8,67374.7,67836.1,340.47437051
2024-07-28 12:00:00,67836.1,68115.3,67740.2,67981.0,242.32729817
2024-07-28 14:00:00,67981.0,68028.2,67572.7,67645.8,330.44199123
2024-07-28 16:00:00,67650.0,67997.8,67604.3,67987.9,194.02747015
2024-07-28 18:00:00,67993.2,68328.4,67935.0,68113.9,176.58134949
2024-07-28 20:00:00,68113.8,68175.8,67809.3,68030.0,145.70535159
2024-07-28 22:00:00,68030.0,68273.7,67942.0,68239.5,223.60473251
2024-07-29 00:00:00,68239.5,68998.0,68166.0,68546.6,933.74310994
2024-07-29 02:00:00,68546.7,69800.0,68528.3,69354.1,1642.48926423
2024-07-29 04:00:00,69354.6,69836.6,69270.4,69667.8,767.16827244
2024-07-29 06:00:00,69667.9,69888.0,69454.5,69540.4,782.15124735
2024-07-29 08:00:00,69542.0,69718.6,69355.8,69528.0,393.47157887
2024-07-29 10:00:00,69528.0,69852.0,69390.6,69576.1,593.00984329
2024-07-29 12:00:00,69576.1,70050.0,69082.7,69270.9,1840.09640352
2024-07-29 14:00:00,69270.9,69298.0,67673.3,68100.0,2320.03368538
2024-07-29 16:00:00,68100.1,68118.5,66428.0,67016.0,2858.05593348
2024-07-29 18:00:00,67016.0,67585.4,66938.9,67307.9,944.02751338
2024-07-29 20:00:00,67308.0,67510.2,67019.6,67488.1,328.76352413
2024-07-29 22:00:00,67492.0,67552.0,66600.0,66786.1,543.75403714
2024-07-30 00:00:00,66783.8,66885.5,65868.0,66209.6,1145.72500106
2024-07-30 02:00:00,66209.5,66678.1,65950.0,66614.5,598.16527135
2024-07-30 04:00:00,66614.5,66813.3,66319.3,66480.4,346.88892211
2024-07-30 06:00:00,66482.2,67012.0,66461.6,66955.6,669.30298719
2024-07-30 08:00:00,66951.7,66998.3,66434.3,66602.1,551.83009926
2024-07-30 10:00:00,66600.1,66714.2,66400.6,66562.1,276.49636766
2024-07-30 12:00:00,66562.1,66945.1,66227.5,66383.7,822.60937608
2024-07-30 14:00:00,66383.6,66450.7,65550.0,66217.9,1367.15589476
2024-07-30 16:00:00,66218.0,66555.1,65692.8,65866.2,663.95374472
2024-07-30 18:00:00,65866.2,66072.3,65550.0,65920.9,620.52018062
2024-07-30 20:00:00,65923.9,66331.7,65300.0,66317.1,603.4197164
2024-07-30 22:00:00,66317.1,66359.7,66082.3,66190.1,249.18970001
2024-07-31 00:00:00,66188.1,66412.5,65883.4,66300.1,251.65514027
2024-07-31 02:00:00,66300.1,66412.0,66037.8,66056.3,254.09230946
2024-07-31 04:00:00,66056.3,66228.5,65500.0,66172.1,413.025087
2024-07-31 06:00:00,66166.8,66555.5,66110.4,66227.9,598.29165275
2024-07-31 08:00:00,66228.0,66379.2,66038.0,66262.8,310.86000018
2024-07-31 10:00:00,66262.8,66262.8,65952.1,66098.0,282.04444484
2024-07-31 12:00:00,66098.1,66849.5,65994.0,66517.9,592.19037009
2024-07-31 14:00:00,66514.8,66740.0,65978.0,66385.9,666.03310745
2024-07-31 16:00:00,66386.0,66838.0,66285.7,66685.5,474.21961699
2024-07-31 18:00:00,66685.6,66736.4,64888.0,65258.1,1339.16046267
2024-07-31 20:00:00,65254.1,65431.9,64516.4,64975.9,1479.93294013
2024-07-31 22:00:00,64976.0,65056.2,64617.6,64630.0,452.61338883
2024-08-01 00:00:00,64630.0,64846.1,64123.0,64202.0,1083.03771495
2024-08-01 02:00:00,64202.0,64258.8,63751.5,63936.1,1217.89795395
2024-08-01 04:00:00,63936.0,64350.0,63580.0,64303.1,835.36944352
2024-08-01 06:00:00,64303.1,64491.5,64116.9,64322.0,550.60254792
2024-08-01 08:00:00,64323.2,64700.0,64306.0,64463.3,328.1409724
2024-08-01 10:00:00,64463.4,64692.5,64312.0,64682.2,364.47341993
2024-08-01 12:00:00,64683.3,64948.8,64448.2,64749.8,785.90104876
2024-08-01 14:00:00,64749.7,64776.4,62661.5,62902.0,2761.58676116
2024-08-01 16:00:00,62903.5,63260.6,62280.0,63217.1,1648.28675798
2024-08-01 18:00:00,63219.0,63493.2,62800.0,63414.1,1249.84138812
2024-08-01 20:00:00,63412.3,65349.9,63331.8,64885.3,1386.75649612
2024-08-01 22:00:00,64888.9,65654.0,64866.2,65356.0,956.24638109
2024-08-02 00:00:00,65356.0,65598.9,64559.5,64649.6,765.16481302
2024-08-02 02:00:00,64656.2,64830.0,63666.6,64605.5,924.71179623
2024-08-02 04:00:00,64604.1,64680.0,64068.7,64178.5,378.0715824
2024-08-02 06:00:00,64179.9,64631.5,63804.0,64156.0,618.97339349
2024-08-02 08:00:00,64155.9,64621.9,64041.6,64512.1,500.83707329
2024-08-02 10:00:00,64510.6,64978.3,64371.5,64662.1,653.16881237
2024-08-02 12:00:00,64662.0,65547.4,64100.0,65222.0,1742.76981399
2024-08-02 14:00:00,65229.9,65371.6,62440.0,63418.6,3228.00363058
2024-08-02 16:00:00,63419.4,63615.3,62960.4,63100.0,880.14655573
2024-08-02 18:00:00,63100.0,63225.0,62514.1,62640.0,998.44439135
2024-08-02 20:00:00,62641.1,63194.0,61250.4,61990.0,2424.01252077
2024-08-02 22:00:00,61982.4,62243.0,61230.0,61489.9,988.32958989
2024-08-03 00:00:00,61490.0,61723.3,60504.1,61335.2,1268.79653879
2024-08-03 02:00:00,61333.2,61970.0,61216.6,61885.8,826.60128547
2024-08-03 04:00:00,61889.3,61971.0,61393.5,61700.3,353.39644508
2024-08-03 06:00:00,61700.3,61907.2,61615.8,61666.0,427.40292932
2024-08-03 08:00:00,61663.7,61742.6,61452.1,61739.1,416.26773805
2024-08-03 10:00:00,61739.1,61999.3,61666.6,61910.8,368.3835384
2024-08-03 12:00:00,61910.8,62197.7,61825.5,62009.9,431.10391096
2024-08-03 14:00:00,62010.0,62179.1,60827.3,60878.3,874.91814337
2024-08-03 16:00:00,60878.3,61297.1,60378.0,60576.0,1649.55434675
2024-08-03 18:00:00,60574.0,60862.3,59925.8,60250.1,1071.87623698
2024-08-03 20:00:00,60248.7,60858.2,59837.5,60650.1,1220.86496987
2024-08-03 22:00:00,60656.3,60856.7,60375.7,60710.0,598.05117521
2024-08-04 00:00:00,60712.0,60822.9,60328.3,60739.1,385.31747007
2024-08-04 02:00:00,60735.4,61143.6,60673.2,60741.7,383.67340282
2024-08-04 04:00:00,60738.1,60933.4,60551.9,60791.7,190.33640033
2024-08-04 06:00:00,60790.1,60866.5,60254.4,60371.1,417.12749496
2024-08-04 08:00:00,60366.1,60735.9,60102.6,60708.1,368.24741872
2024-08-04 10:00:00,60708.1,61009.6,60530.7,60898.0,355.70359058
2024-08-04 12:00:00,60898.0,61098.4,60791.0,60822.2,210.73224783
2024-08-04 14:00:00,60822.2,60875.9,58947.2,59087.7,2269.12732316
2024-08-04 16:00:00,59088.0,59317.9,57123.4,57871.3,2838.45792361
2024-08-04 18:00:00,57870.0,59494.9,57743.0,59252.8,1320.70986941
2024-08-04 20:00:00,59250.1,59588.0,58360.0,58463.5,457.61326376
2024-08-04 22:00:00,58467.5,59146.1,58007.0,58160.1,565.19712854
2024-08-05 00:00:00,58161.3,58310.0,52199.0,54424.0,10489.8692482
2024-08-05 02:00:00,54419.9,54709.9,53586.9,53887.8,3284.68056858
2024-08-05 04:00:00,53882.1,54567.0,52280.0,52708.8,4159.92273601
2024-08-05 06:00:00,52718.6,53089.1,48934.8,52672.1,10745.81520359
2024-08-05 08:00:00,52672.2,53223.5,51755.0,52659.9,2799.22700556
2024-08-05 10:00:00,52656.6,52656.6,50638.4,51340.1,3588.89108161
2024-08-05 12:00:00,51343.6,52526.1,49555.1,51966.1,7953.48198616
2024-08-05 14:00:00,51960.9,54978.9,51950.8,54318.0,8135.91657964
2024-08-05 16:00:00,54307.2,55573.4,53774.9,54705.9,3189.49770964
2024-08-05 18:00:00,54712.0,54723.8,52552.0,53470.1,2536.20250965
2024-08-05 20:00:00,53463.8,55201.9,53451.7,54376.0,1370.24807297
2024-08-05 22:00:00,54372.1,55088.0,53869.6,54018.0,1072.40393547
2024-08-06 00:00:00,54014.0,56330.9,53938.3,55727.9,2601.36917383
2024-08-06 02:00:00,55727.9,56058.4,55478.8,55668.8,1259.96981325
2024-08-06 04:00:00,55668.8,55994.0,55255.0,55933.9,1080.00111022
2024-08-06 06:00:00,55933.9,56160.0,55447.9,56007.4,1048.766214
2024-08-06 08:00:00,56004.1,56114.3,54605.8,55210.0,1839.62134676
2024-08-06 10:00:00,55206.5,55435.1,54867.9,55208.2,894.14825002
2024-08-06 12:00:00,55210.9,55462.2,54379.5,55206.1,1687.29900726
2024-08-06 14:00:00,55198.7,56615.4,55142.0,56412.6,2840.11067647
2024-08-06 16:00:00,56409.7,56969.6,56237.3,56496.1,1263.93152904
2024-08-06 18:00:00,56492.0,57073.6,56305.7,56761.0,1016.81052113
2024-08-06 20:00:00,56763.7,56857.0,56105.5,56452.1,653.48892288
2024-08-06 22:00:00,56452.1,56935.6,55799.0,56022.0,881.63119073
2024-08-07 00:00:00,56019.3,57010.0,55570.0,56968.0,1233.0411768
2024-08-07 02:00:00,56958.1,57280.0,56500.0,56863.8,1119.98373122
2024-08-07 04:00:00,56863.9,57246.0,56706.0,56798.0,918.34159162
2024-08-07 06:00:00,56798.0,57100.0,56546.5,56925.8,666.40083627
2024-08-07 08:00:00,56927.0,57736.3,56872.7,57354.0,1950.25736039
2024-08-07 10:00:00,57354.2,57736.1,56868.5,56968.6,1138.66060746
2024-08-07 12:00:00,56966.0,57481.4,56717.4,56837.9,1067.80371723
2024-08-07 14:00:00,56835.7,56996.7,55653.7,56092.7,1678.15725739
2024-08-07 16:00:00,56092.7,56325.7,55393.2,55573.6,859.14646968
2024-08-07 18:00:00,55573.6,55627.3,54671.0,54756.1,1275.94595948
2024-08-07 20:00:00,54763.2,55613.6,54649.0,55427.9,1005.92916413
2024-08-07 22:00:00,55422.2,55470.5,54563.6,55142.7,692.21943691
2024-08-08 00:00:00,55137.6,57416.1,54727.6,56867.9,2221.81676744
2024-08-08 02:00:00,56870.1,57649.6,56819.3,57055.8,1232.46513473
2024-08-08 04:00:00,57055.9,57241.2,56668.0,56956.0,734.48312683
2024-08-08 06:00:00,56957.9,57421.7,56790.2,57192.0,783.32549808
2024-08-08 08:00:00,57193.9,57498.9,56976.8,57347.9,480.74082716
2024-08-08 10:00:00,57346.2,57688.0,57200.0,57321.5,598.40695
2024-08-08 12:00:00,57321.6,58489.0,56691.2,57268.9,2881.67741923
2024-08-08 14:00:00,57272.2,59516.0,57173.6,59429.9,2815.4089815
2024-08-08 16:00:00,59434.1,59876.0,59272.0,59464.1,1123.25188792
2024-08-08 18:00:00,59468.0,59822.0,59240.8,59415.3,1005.88321008
2024-08-08 20:00:00,59420.0,61386.0,59300.0,61168.4,963.84270437
2024-08-08 22:00:00,61174.4,62750.0,60622.8,61686.1,2128.05058847
2024-08-09 00:00:00,61692.0,61752.6,60771.3,61403.0,1183.23941484
2024-08-09 02:00:00,61403.1,61572.0,61149.5,61360.1,486.49294026
2024-08-09 04:00:00,61360.1,61396.0,60589.1,60986.8,542.41408151
2024-08-09 06:00:00,60986.8,61304.7,60736.0,60862.1,660.74468263
2024-08-09 08:00:00,60862.0,61210.0,60613.7,60759.9,722.31690913
2024-08-09 10:00:00,60759.9,60858.2,60180.0,60662.0,682.57750857
2024-08-09 12:00:00,60658.1,60806.1,59800.9,60456.5,1197.64563607
2024-08-09 14:00:00,60466.3,61126.1,59532.7,59812.9,1810.78528254
2024-08-09 16:00:00,59812.9,60738.8,59730.0,60202.0,624.19466453
2024-08-09 18:00:00,60200.1,60774.1,59831.8,60687.0,470.40577744
2024-08-09 20:00:00,60686.0,60981.8,59922.8,60733.9,737.49309956
2024-08-09 22:00:00,60733.9,60985.5,60290.6,60838.2,618.62166349
2024-08-10 00:00:00,60837.9,61476.0,60461.4,60467.9,727.44195114
2024-08-10 02:00:00,60468.0,60727.4,60278.0,60438.2,205.56689992
2024-08-10 04:00:00,60440.5,60478.1,60250.0,60366.0,142.25416791
2024-08-10 06:00:00,60366.0,60855.0,60330.1,60847.4,178.53744716
2024-08-10 08:00:00,60847.5,61114.2,60626.4,60901.9,421.4904942
2024-08-10 10:00:00,60904.5,61013.8,60639.9,60923.8,358.26146888
2024-08-10 12:00:00,60923.8,60945.2,60427.4,60439.9,259.40790393
2024-08-10 14:00:00,60439.5,60773.0,60411.5,60523.9,274.99338029
2024-08-10 16:00:00,60523.9,60874.0,60408.0,60774.3,202.8316824
2024-08-10 18:00:00,60774.4,61210.6,60732.3,61013.7,295.7075132
2024-08-10 20:00:00,61013.7,61164.4,60900.4,61076.0,126.82924594
2024-08-10 22:00:00,61076.1,61082.0,60757.7,60921.3,165.9993779
2024-08-11 00:00:00,60921.2,61235.9,60892.0,61115.3,453.49334961
2024-08-11 02:00:00,61115.4,61400.0,60954.5,61090.0,348.13511182
2024-08-11 04:00:00,61090.0,61156.7,60880.4,61116.1,247.69681136
2024-08-11 06:00:00,61118.6,61273.4,61010.1,61262.6,185.8427839
2024-08-11 08:00:00,61264.5,61885.7,61000.0,61108.1,630.74370937
2024-08-11 10:00:00,61110.1,61270.0,60431.0,60668.0,581.03570169
2024-08-11 12:00:00,60666.1,60704.4,60170.0,60463.9,602.96065747
2024-08-11 14:00:00,60463.9,60765.4,59936.3,60127.9,631.95708222
2024-08-11 16:00:00,60128.0,60358.4,59976.4,60272.1,325.65198121
2024-08-11 18:00:00,60272.0,60347.9,59550.9,59629.9,294.280875
2024-08-11 20:00:00,59630.0,59678.0,58300.4,59018.0,1344.9296112
2024-08-11 22:00:00,59012.0,59349.9,58530.6,58711.7,666.13200907
2024-08-12 00:00:00,58711.6,59080.0,58073.6,58580.2,1093.80981295
2024-08-12 02:00:00,58580.1,58813.8,58310.6,58515.9,544.3483955
2024-08-12 04:00:00,58515.8,58696.9,58359.9,58568.0,293.89826919
2024-08-12 06:00:00,58567.9,59000.0,57592.9,58674.1,1548.30485164
2024-08-12 08:00:00,58670.1,59022.0,58170.1,58302.1,648.45012075
2024-08-12 10:00:00,58298.4,59973.9,58120.1,59851.9,1299.65471476
2024-08-12 12:00:00,59850.1,59931.6,57985.5,58154.8,1403.72385239
2024-08-12 14:00:00,58164.0,60692.8,57784.8,60207.2,2740.50579349
2024-08-12 16:00:00,60204.0,60409.1,59260.1,59295.2,739.25180958
2024-08-12 18:00:00,59300.0,59492.7,58440.3,59044.0,1222.63378603
2024-08-12 20:00:00,59048.0,59387.6,58536.3,58971.9,680.27676043
2024-08-12 22:00:00,58972.0,59750.8,58858.1,59348.0,663.06633849
2024-08-13 00:00:00,59348.0,59931.7,59264.9,59734.1,430.93433239
2024-08-13 02:00:00,59734.2,59779.8,58873.8,59048.0,581.11060376
2024-08-13 04:00:00,59048.0,59369.3,58831.3,59219.4,208.24742695
2024-08-13 06:00:00,59219.4,59482.7,58978.1,59243.9,277.20003196
2024-08-13 08:00:00,59243.9,59340.0,58709.0,58945.9,438.97286097
2024-08-13 10:00:00,58944.0,58972.0,58398.1,58832.0,645.26121371
2024-08-13 12:00:00,58832.0,59429.7,58706.3,59388.0,745.04953651
2024-08-13 14:00:00,59395.8,59776.2,59016.2,59480.1,806.91624604
2024-08-13 16:00:00,59480.1,61575.9,59460.0,61166.0,2407.75067884
2024-08-13 18:00:00,61166.9,61217.3,60237.0,60827.4,1016.84482848
2024-08-13 20:00:00,60827.4,61140.0,60504.4,61034.0,329.94045469
2024-08-13 22:00:00,61035.8,61060.0,60388.0,60584.6,427.75213332
2024-08-14 00:00:00,60584.6,60851.0,60429.1,60520.2,333.23699387
2024-08-14 02:00:00,60525.5,61300.0,60500.0,60944.1,450.42692957
2024-08-14 04:00:00,60950.3,61158.0,60797.0,60828.1,242.4080793
2024-08-14 06:00:00,60828.0,60941.9,60635.7,60919.8,370.65867207
2024-08-14 08:00:00,60919.9,60970.7,60643.7,60858.9,349.27087783
2024-08-14 10:00:00,60856.0,61454.7,60838.2,61293.9,561.47249828
2024-08-14 12:00:00,61294.1,61839.8,59475.1,59612.0,2022.69176492
2024-08-14 14:00:00,59624.0,59837.9,58817.2,59443.8,1827.30037968
2024-08-14 16:00:00,59443.8,59469.8,58613.3,59170.1,787.82156302
2024-08-14 18:00:00,59170.0,59478.0,58714.6,58899.8,466.21674434
2024-08-14 20:00:00,58892.0,59194.0,58878.0,58917.5,288.72481802
2024-08-14 22:00:00,58921.9,59033.2,58441.2,58686.9,491.26471233
2024-08-15 00:00:00,58684.0,59048.3,58150.1,58206.4,601.50686492
2024-08-15 02:00:00,58210.8,58562.9,58010.6,58445.5,793.93074604
2024-08-15 04:00:00,58445.5,58642.1,58158.1,58323.0,461.76373875
2024-08-15 06:00:00,58320.1,58396.0,57718.1,58063.9,805.60912562
2024-08-15 08:00:00,58064.0,58555.0,57966.1,58408.8,482.95042843
2024-08-15 10:00:00,58412.0,58872.4,58292.9,58742.0,527.53106847
2024-08-15 12:00:00,58741.9,59480.0,58543.2,59460.0,1375.2569989
2024-08-15 14:00:00,59460.1,59774.0,59208.1,59675.8,1080.46453674
2024-08-15 16:00:00,59676.0,59850.0,58788.1,58870.0,726.0669037
2024-08-15 18:00:00,58876.0,58876.1,56678.0,57046.6,2323.33503622
2024-08-15 20:00:00,57044.1,57652.2,56093.7,57625.9,1225.88336828
2024-08-15 22:00:00,57625.9,57888.0,57383.2,57544.0,601.20872896
2024-08-16 00:00:00,57542.1,57668.9,57094.1,57548.1,482.95899099
2024-08-16 02:00:00,57551.0,58508.0,57339.4,57892.0,651.61779936
2024-08-16 04:00:00,57892.0,58333.0,57804.9,58191.1,301.00873185
2024-08-16 06:00:00,58191.1,58634.3,58060.0,58464.0,750.31215813
2024-08-16 08:00:00,58463.9,58682.2,58259.2,58671.9,839.19730523
2024-08-16 10:00:00,58667.6,58674.0,58218.7,58410.1,678.85957835
2024-08-16 12:00:00,58407.5,58910.0,57515.0,58348.2,1987.30130265
2024-08-16 14:00:00,58347.1,58484.9,57641.3,58074.1,776.63949273
2024-08-16 16:00:00,58068.1,59362.8,57994.0,59214.8,1062.74184376
2024-08-16 18:00:00,59214.8,59821.0,59080.0,59681.6,1094.86907219
2024-08-16 20:00:00,59683.3,59717.6,58950.0,59029.4,413.1900555
2024-08-16 22:00:00,59024.9,59195.1,58726.1,58880.4,404.44342449
2024-08-17 00:00:00,58880.5,59384.2,58804.9,59249.9,352.40344076
2024-08-17 02:00:00,59250.5,59343.7,59000.0,59161.0,171.78527863
2024-08-17 04:00:00,59161.0,59266.2,59077.9,59157.3,158.2090317
2024-08-17 06:00:00,59157.5,59275.3,59046.7,59251.9,187.63163026
2024-08-17 08:00:00,59248.7,59479.9,59161.0,59317.8,217.03519487
2024-08-17 10:00:00,59317.9,59344.8,59057.0,59137.1,222.05779594
2024-08-17 12:00:00,59137.1,59449.7,59102.1,59326.9,343.36818973
2024-08-17 14:00:00,59326.9,59656.0,59255.8,59394.3,378.06061555
2024-08-17 16:00:00,59394.3,59716.8,59394.2,59435.1,240.71450411
2024-08-17 18:00:00,59435.1,59547.6,59300.0,59478.9,92.07003302
2024-08-17 20:00:00,59478.8,59503.4,59147.8,59306.0,82.01609552
2024-08-17 22:00:00,59310.3,59499.8,59252.6,59499.7,58.78567119
2024-08-18 00:00:00,59499.8,59748.9,59390.8,59432.0,250.45716875
2024-08-18 02:00:00,59434.3,60270.9,59300.0,59340.9,1080.65147228
2024-08-18 04:00:00,59340.9,59702.0,59257.0,59488.1,371.14190803
2024-08-18 06:00:00,59488.1,59660.4,59476.0,59575.3,148.2772172
2024-08-18 08:00:00,59575.3,60123.0,59427.0,59881.9,397.30769335
2024-08-18 10:00:00,59882.0,60196.0,59767.0,60020.7,605.62189501
2024-08-18 12:00:00,60020.8,60288.4,59826.0,59831.7,485.44341935
2024-08-18 14:00:00,59831.7,59978.1,59676.3,59863.4,222.27004439
2024-08-18 16:00:00,59867.7,59950.0,59352.5,59530.0,254.26931797
2024-08-18 18:00:00,59528.1,59757.9,59468.0,59702.0,107.04140624
2024-08-18 20:00:00,59708.0,59874.0,59312.1,59446.0,154.40652108
2024-08-18 22:00:00,59444.1,59599.5,58400.3,58434.7,676.3540431
2024-08-19 00:00:00,58433.8,58748.9,58218.7,58564.1,967.01125606
2024-08-19 02:00:00,58564.1,58766.8,58429.4,58736.8,297.84581548
2024-08-19 04:00:00,58736.7,58753.7,58378.1,58489.0,283.69898612
2024-08-19 06:00:00,58489.1,58748.7,58391.0,58509.9,289.76829217
2024-08-19 08:00:00,58511.2,58674.0,57968.0,58006.1,598.3732167
2024-08-19 10:00:00,58006.2,58512.4,57800.0,58395.6,633.78533149
2024-08-19 12:00:00,58392.0,58969.9,58058.0,58198.7,692.50925088
2024-08-19 14:00:00,58207.8,58776.3,58076.8,58540.0,321.91271327
2024-08-19 16:00:00,58538.5,59292.0,58373.9,59021.9,491.46189765
2024-08-19 18:00:00,59022.0,59245.6,58730.2,58972.0,333.03143144
2024-08-19 20:00:00,58965.9,59345.0,58911.2,58968.1,271.56568039
2024-08-19 22:00:00,58968.1,59610.7,58957.8,59443.8,359.36359535
2024-08-20 00:00:00,59438.5,60922.0,59348.7,60444.5,1934.96381911
2024-08-20 02:00:00,60446.0,60627.5,60340.3,60627.5,422.27847634
2024-08-20 04:00:00,60624.5,61419.6,60586.0,61119.5,1435.96625723
2024-08-20 06:00:00,61119.5,61146.0,60805.0,60930.6,467.20536331
2024-08-20 08:00:00,60930.6,60978.0,60688.0,60858.6,555.50336595
2024-08-20 10:00:00,60858.7,60882.0,60428.4,60521.0,395.54611671
2024-08-20 12:00:00,60521.0,60958.9,60344.1,60889.8,793.19273154
2024-08-20 14:00:00,60889.9,60909.9,58697.0,58831.4,2840.12897979
2024-08-20 16:00:00,58823.4,59059.2,58541.2,59039.9,638.92494886
2024-08-20 18:00:00,59040.0,59596.0,58984.8,59514.0,513.86961908
2024-08-20 20:00:00,59508.1,59716.0,58819.1,59292.1,447.99269888
2024-08-20 22:00:00,59292.0,59564.0,58960.6,59006.5,317.51432639
2024-08-21 00:00:00,59004.3,59299.3,58781.7,59282.5,445.30214191
2024-08-21 02:00:00,59282.5,59513.7,59220.0,59320.9,360.52285856
2024-08-21 04:00:00,59320.9,59400.0,59187.6,59377.1,121.09238509
2024-08-21 06:00:00,59377.0,59736.7,59356.1,59713.0,428.56901649
2024-08-21 08:00:00,59712.9,59923.9,59100.0,59287.4,634.02870688
2024-08-21 10:00:00,59287.4,59508.0,59199.0,59358.8,159.46163218
2024-08-21 12:00:00,59358.8,60117.5,58815.9,59934.0,1002.2838467
2024-08-21 14:00:00,59931.4,60200.0,59199.9,59518.7,1223.33961968
2024-08-21 16:00:00,59522.0,60048.7,59372.0,59938.1,356.35038678
2024-08-21 18:00:00,59935.5,61651.9,59850.0,61572.0,1901.91243496
2024-08-21 20:00:00,61572.1,61832.3,60912.8,61235.9,1195.7958915
2024-08-21 22:00:00,61235.9,61500.0,61001.1,61156.0,449.52586398
2024-08-22 00:00:00,61156.0,61227.4,60727.3,60968.1,461.30336396
2024-08-22 02:00:00,60968.0,60972.0,59667.6,60550.5,1121.42501296
2024-08-22 04:00:00,60550.5,60854.0,60455.5,60720.0,358.74157602
2024-08-22 06:00:00,60718.7,61111.5,60678.1,60985.0,354.67436251
2024-08-22 08:00:00,60985.0,61115.3,60800.0,60882.6,467.61033762
2024-08-22 10:00:00,60883.5,61401.2,60814.5,61333.3,586.0141385
2024-08-22 12:00:00,61332.0,61393.1,60408.3,60814.9,1318.91311982
2024-08-22 14:00:00,60815.0,60852.2,60101.0,60407.1,835.39789833
2024-08-22 16:00:00,60404.0,60590.7,60139.9,60158.3,430.78790367
2024-08-22 18:00:00,60156.0,60569.0,60128.1,60307.6,513.94273452
2024-08-22 20:00:00,60308.0,60700.0,60283.3,60551.2,355.61606709
2024-08-22 22:00:00,60552.0,60595.9,60305.0,60380.0,171.62060351
2024-08-23 00:00:00,60381.4,60970.5,60340.0,60760.9,451.1132783
2024-08-23 02:00:00,60764.7,60815.4,60575.0,60594.2,196.50760814
2024-08-23 04:00:00,60594.2,61090.0,60585.2,60859.8,304.36622336
2024-08-23 06:00:00,60859.9,61362.5,60832.0,61074.1,475.31848541
2024-08-23 08:00:00,61072.6,61340.0,60952.6,61022.4,457.07075745
2024-08-23 10:00:00,61023.4,61160.2,60683.3,60738.1,377.82709867
2024-08-23 12:00:00,60738.1,61220.0,60738.1,61115.3,489.71713114
2024-08-23 14:00:00,61120.0,62325.6,60800.0,61534.0,3293.66947039
2024-08-23 16:00:00,61535.2,63024.2,61343.1,63005.4,1701.39667372
2024-08-23 18:00:00,63005.4,63828.8,62631.3,63622.5,3456.24324411
2024-08-23 20:00:00,63624.8,64999.0,63490.6,64389.4,1767.74400815
2024-08-23 22:00:00,64389.4,65000.0,63845.0,64048.1,1590.43033762
2024-08-24 00:00:00,64048.2,64200.0,63631.8,63841.5,485.78313838
2024-08-24 02:00:00,63843.4,64000.0,63782.0,63840.1,360.20664218
2024-08-24 04:00:00,63838.1,64040.0,63834.0,63991.4,282.17971085
2024-08-24 06:00:00,63992.0,64345.9,63930.0,64312.9,508.07955032
2024-08-24 08:00:00,64312.8,64508.9,64148.0,64332.3,348.05276425
2024-08-24 10:00:00,64332.2,64388.0,63895.1,63912.0,372.72733102
2024-08-24 12:00:00,63910.9,64259.2,63910.7,64225.9,375.88203907
2024-08-24 14:00:00,64225.9,64247.3,63878.0,63984.1,385.54062744
2024-08-24 16:00:00,63987.8,64444.0,63888.8,64050.0,544.26058837
2024-08-24 18:00:00,64052.1,64490.6,63940.0,64205.4,484.82711958
2024-08-24 20:00:00,64205.4,64339.0,63513.7,63608.0,478.58049611
2024-08-24 22:00:00,63604.8,64164.0,63572.8,64160.0,309.20185051
2024-08-25 00:00:00,64154.1,64660.0,64050.0,64151.9,857.03017658
2024-08-25 02:00:00,64152.0,64280.0,64000.0,64106.9,233.18036817
2024-08-25 04:00:00,64106.9,64209.8,64000.0,64151.9,155.17716203
2024-08-25 06:00:00,64152.0,64176.7,63788.0,63872.1,468.73271344
2024-08-25 08:00:00,63872.1,64015.0,63800.0,63860.2,178.83425229
2024-08-25 10:00:00,63860.1,64021.9,63780.1,63884.4,166.59591272
2024-08-25 12:00:00,63884.4,64179.8,63800.0,64082.9,240.74739745
2024-08-25 14:00:00,64083.0,64296.6,64082.9,64133.5,232.94329174
2024-08-25 16:00:00,64132.1,64203.9,64000.0,64145.2,140.18426291
2024-08-25 18:00:00,64143.2,64258.0,64072.0,64184.5,101.7992857
2024-08-25 20:00:00,64184.5,64588.0,64131.1,64388.3,319.21422486
2024-08-25 22:00:00,64394.9,65010.2,64208.0,64227.5,1135.64760653
2024-08-26 00:00:00,64227.5,64482.8,63880.0,63923.6,617.54670123
2024-08-26 02:00:00,63923.6,64129.9,63767.0,64116.9,289.45083881
2024-08-26 04:00:00,64116.2,64212.0,63888.8,63959.0,174.36085222
2024-08-26 06:00:00,63958.9,64050.0,63581.3,63624.9,658.01938136
2024-08-26 08:00:00,63625.0,63874.0,63229.9,63860.9,555.78467036
2024-08-26 10:00:00,63860.0,64049.5,63730.9,63851.4,473.51455232
2024-08-26 12:00:00,63851.5,63972.0,63467.4,63763.9,486.40377524
2024-08-26 14:00:00,63767.5,63873.6,63065.5,63534.0,911.00821517
2024-08-26 16:00:00,63532.6,63890.8,63205.9,63381.9,735.99872842
2024-08-26 18:00:00,63382.0,63709.9,63188.0,63345.6,580.65243622
2024-08-26 20:00:00,63338.7,63559.6,62850.4,63152.0,458.16868481
2024-08-26 22:00:00,63152.1,63278.5,62800.0,62818.3,311.93113591
2024-08-27 00:00:00,62830.4,63213.9,62654.4,62996.0,888.58887301
2024-08-27 02:00:00,62996.1,63194.0,62724.1,62971.9,438.3356824
2024-08-27 04:00:00,62972.0,63200.0,62904.1,63159.9,328.3387692
2024-08-27 06:00:00,63159.9,63161.5,62736.0,62907.9,376.05847537
2024-08-27 08:00:00,62907.9,63005.6,62557.4,62684.1,469.73024944
2024-08-27 10:00:00,62684.0,62684.0,62230.0,62428.7,773.66666839
2024-08-27 12:00:00,62422.3,62500.0,62126.0,62230.0,523.85982994
2024-08-27 14:00:00,62230.1,62293.0,61445.1,61704.0,1632.70517096
2024-08-27 16:00:00,61699.1,61994.4,61513.5,61933.4,511.8299651
2024-08-27 18:00:00,61933.3,62199.9,61880.1,62108.5,255.76845118
2024-08-27 20:00:00,62106.5,62108.6,59710.2,60415.3,1673.60512293
2024-08-27 22:00:00,60415.3,60418.0,58000.0,59404.8,3061.6588496
2024-08-28 00:00:00,59406.9,59447.0,58911.5,59367.8,1159.3873822
2024-08-28 02:00:00,59367.8,59651.9,59194.9,59624.2,488.01203807
2024-08-28 04:00:00,59624.2,59660.0,59255.8,59294.0,372.65949614
2024-08-28 06:00:00,59294.1,59361.9,58509.8,58588.7,972.88539018
2024-08-28 08:00:00,58588.7,60235.3,58528.2,60196.9,1211.95912088
2024-08-28 10:00:00,60196.8,60222.0,59677.5,59936.0,479.53070185
2024-08-28 12:00:00,59936.0,60160.1,59314.2,59336.7,582.39511422
2024-08-28 14:00:00,59336.8,59945.6,58418.4,59002.4,1375.96280753
2024-08-28 16:00:00,59003.6,59254.0,57825.1,58644.0,1359.45370133
2024-08-28 18:00:00,58645.3,59831.4,58588.0,58898.8,1265.41112278
2024-08-28 20:00:00,58898.0,59608.1,58616.5,59117.9,623.67312058
2024-08-28 22:00:00,59117.9,59253.9,58842.2,59034.0,315.49872754
2024-08-29 00:00:00,59036.9,59321.9,58872.4,58997.1,666.3343863
2024-08-29 02:00:00,58997.1,59190.9,58925.0,59151.7,294.51495593
2024-08-29 04:00:00,59152.0,59466.6,59064.2,59434.5,293.25658424
2024-08-29 06:00:00,59436.0,59760.7,59367.6,59577.9,406.56914156
2024-08-29 08:00:00,59576.0,59770.9,59363.2,59583.1,325.67749782
2024-08-29 10:00:00,59583.1,60480.3,59573.8,60062.0,871.60092777
2024-08-29 12:00:00,60062.1,60670.2,59984.4,60625.9,930.74294275
2024-08-29 14:00:00,60628.0,61186.4,60448.0,60777.4,1029.7797286
2024-08-29 16:00:00,60776.3,60959.2,60172.2,60531.1,536.31463969
2024-08-29 18:00:00,60532.0,60551.1,58914.5,59256.1,1077.83173701
2024-08-29 20:00:00,59260.0,59636.3,59231.2,59492.1,235.19808753
2024-08-29 22:00:00,59490.9,59490.9,58700.5,59352.1,445.59284743
2024-08-30 00:00:00,59352.0,59490.8,58959.4,59221.4,342.82410442
2024-08-30 02:00:00,59220.1,59341.6,58912.1,59033.7,361.93108606
2024-08-30 04:00:00,59033.8,59158.9,58665.7,58791.0,416.88856066
2024-08-30 06:00:00,58792.0,59584.0,58704.2,59266.7,652.84415853
2024-08-30 08:00:00,59266.7,59660.0,59266.1,59583.0,405.69798304
2024-08-30 10:00:00,59583.0,59677.3,59301.8,59397.3,389.85061683
2024-08-30 12:00:00,59397.3,59948.1,58889.1,59652.5,1008.50128761
2024-08-30 14:00:00,59654.3,59836.0,57936.5,58088.0,2407.33943818
2024-08-30 16:00:00,58093.1,58818.7,57650.0,58633.9,895.05810856
2024-08-30 18:00:00,58634.0,59374.9,58624.1,58690.0,501.23842607
2024-08-30 20:00:00,58690.1,59156.6,58690.1,59061.9,245.93275534
2024-08-30 22:00:00,59062.4,59304.6,59050.5,59135.6,221.9730691
2024-08-31 00:00:00,59134.1,59461.5,59064.1,59281.9,242.41549072
2024-08-31 02:00:00,59283.9,59294.0,59129.4,59237.5,150.48420883
2024-08-31 04:00:00,59237.5,59352.6,59204.4,59212.1,88.22359128
2024-08-31 06:00:00,59212.1,59267.9,59064.5,59089.1,130.20803408
2024-08-31 08:00:00,59091.8,59133.7,58831.3,58906.2,206.84101986
2024-08-31 10:00:00,58906.1,59185.0,58868.0,59125.0,94.10217196
2024-08-31 12:00:00,59128.3,59242.9,58910.8,58954.0,166.41304367
2024-08-31 14:00:00,58952.7,59164.8,58890.0,59013.8,191.69187258
2024-08-31 16:00:00,59013.8,59043.4,58725.4,59006.0,240.06540156
2024-08-31 18:00:00,59007.0,59142.6,58828.2,58865.1,123.48743307
2024-08-31 20:00:00,58865.2,59144.5,58787.9,59057.3,129.40929762
2024-08-31 22:00:00,59053.9,59136.0,58927.6,58974.5,153.54006567
2024-09-01 00:00:00,58974.2,59083.4,58823.5,58827.2,111.90054418
2024-09-01 02:00:00,58827.3,58861.3,58271.3,58527.4,476.93625245
2024-09-01 04:00:00,58527.4,58600.0,57772.3,57977.1,745.02286535
2024-09-01 06:00:00,57983.0,58497.2,57940.5,58472.6,366.35765853
2024-09-01 08:00:00,58477.6,58508.0,58141.1,58196.4,225.57113697
2024-09-01 10:00:00,58196.4,58237.9,57829.2,58236.7,479.62388418
2024-09-01 12:00:00,58236.0,58310.4,57712.6,58165.8,700.35351936
2024-09-01 14:00:00,58168.0,58371.2,57168.5,58214.1,1185.42484432
2024-09-01 16:00:00,58214.1,58354.2,57872.2,58124.0,264.93093742
2024-09-01 18:00:00,58120.1,58799.9,58118.1,58518.0,540.10233675
2024-09-01 20:00:00,58518.0,58664.1,58091.8,58350.1,216.09927192
2024-09-01 22:00:00,58355.3,58423.9,57193.9,57296.1,1039.17097659
2024-09-02 00:00:00,57294.9,57651.1,57116.2,57414.9,648.27899108
2024-09-02 02:00:00,57414.8,57766.1,57288.3,57740.1,573.38165404
2024-09-02 04:00:00,57740.0,57986.9,57448.7,57784.0,286.13372081
2024-09-02 06:00:00,57781.2,57884.7,57356.0,57550.0,364.92866876
2024-09-02 08:00:00,57550.0,58461.9,57512.1,58406.1,1028.97697953
2024-09-02 10:00:00,58406.0,58666.6,58289.0,58427.1,645.06888705
2024-09-02 12:00:00,58427.1,58511.9,58139.1,58177.9,419.15011617
2024-09-02 14:00:00,58178.0,58817.4,58100.3,58535.7,650.05789779
2024-09-02 16:00:00,58536.0,58658.0,58294.1,58517.9,247.62485396
2024-09-02 18:00:00,58518.0,58666.6,58322.0,58449.0,113.26457293
2024-09-02 20:00:00,58448.9,59289.4,58379.9,59042.0,500.73789324
2024-09-02 22:00:00,59042.1,59433.8,59000.0,59143.2,371.60284149
2024-09-03 00:00:00,59142.2,59413.9,59025.1,59388.7,232.46113395
2024-09-03 02:00:00,59388.1,59817.0,59082.9,59121.4,631.94814208
2024-09-03 04:00:00,59121.4,59263.2,59000.0,59194.5,290.5555193
2024-09-03 06:00:00,59194.2,59194.2,58873.9,59104.2,400.62754864
2024-09-03 08:00:00,59104.2,59138.0,58716.0,58872.4,277.92815878
2024-09-03 10:00:00,58872.5,59195.3,58832.0,59066.6,171.97210505
2024-09-03 12:00:00,59066.6,59360.3,58194.7,58403.9,751.9344593
2024-09-03 14:00:00,58402.8,58402.8,57562.1,57724.0,1202.88392276
2024-09-03 16:00:00,57721.5,58104.3,57658.7,57694.5,469.00811708
2024-09-03 18:00:00,57697.5,58251.4,57590.9,58047.6,409.00203586
2024-09-03 20:00:00,58050.0,58246.2,57963.5,58126.2,208.09412235
2024-09-03 22:00:00,58126.3,58187.0,57401.0,57484.0,360.5061447
2024-09-04 00:00:00,57480.1,57947.9,55568.0,56779.1,2841.94280464
2024-09-04 02:00:00,56778.4,56847.9,56520.3,56661.9,479.47372141
2024-09-04 04:00:00,56662.0,56728.9,56168.0,56240.3,529.38630079
2024-09-04 06:00:00,56240.3,56883.7,56228.0,56748.9,745.56726111
2024-09-04 08:00:00,56748.0,56899.8,56575.5,56596.0,348.02742978
2024-09-04 10:00:00,56596.1,56701.7,56438.0,56565.9,284.61619879
2024-09-04 12:00:00,56564.0,56765.6,56316.8,56493.0,464.4370304
2024-09-04 14:00:00,56494.2,58165.1,56179.6,58128.7,2208.95381913
2024-09-04 16:00:00,58128.2,58522.1,57814.4,57874.7,1021.59588264
2024-09-04 18:00:00,57874.8,58171.3,57640.1,58056.4,400.3237054
2024-09-04 20:00:00,58060.3,58183.5,57822.3,58101.8,246.70611574
2024-09-04 22:00:00,58101.9,58408.1,57891.4,57970.0,282.58798939
2024-09-05 00:00:00,57970.0,58329.9,57949.7,58025.0,426.89587419
2024-09-05 02:00:00,58024.0,58074.4,56900.0,57127.1,1582.58250849
2024-09-05 04:00:00,57127.4,57286.4,57030.0,57192.1,345.82101936
2024-09-05 06:00:00,57192.1,57252.0,56534.8,57151.9,774.56317496
2024-09-05 08:00:00,57150.6,57237.9,56611.1,56799.9,468.58436964
2024-09-05 10:00:00,56799.9,56875.3,56637.2,56693.5,353.68836428
2024-09-05 12:00:00,56692.0,57160.0,56321.9,57033.3,937.48513559
2024-09-05 14:00:00,57033.5,57370.5,55809.6,55976.1,2106.59498197
2024-09-05 16:00:00,55979.5,56618.0,55956.0,56603.4,499.84134233
2024-09-05 18:00:00,56603.4,56719.2,55787.2,56051.2,688.22629098
2024-09-05 20:00:00,56049.2,56272.0,55631.0,56149.0,381.81550541
2024-09-05 22:00:00,56145.4,56229.9,55781.7,56176.0,341.22810211
2024-09-06 00:00:00,56176.0,56619.9,55980.1,56563.4,557.24586691
2024-09-06 02:00:00,56560.1,56863.5,56500.1,56586.0,586.98151306
2024-09-06 04:00:00,56586.0,56748.0,56303.3,56490.0,269.87060778
2024-09-06 06:00:00,56489.2,56518.2,55273.4,55796.6,1145.40215628
2024-09-06 08:00:00,55796.6,55933.0,55633.9,55891.7,445.92743861
2024-09-06 10:00:00,55892.0,56269.7,55831.3,56000.0,511.97211625
2024-09-06 12:00:00,56000.0,57054.8,55666.4,55892.9,1987.88774157
2024-09-06 14:00:00,55894.3,55936.0,53805.4,54044.0,4251.82285471
2024-09-06 16:00:00,54044.1,54434.1,53620.0,53934.2,2018.26309032
2024-09-06 18:00:00,53934.4,53999.7,53260.1,53535.9,1851.85404645
2024-09-06 20:00:00,53536.0,53804.0,52528.6,53769.5,2140.77515291
2024-09-06 22:00:00,53771.8,53972.0,53604.1,53958.8,382.42448163
2024-09-07 00:00:00,53958.8,54097.4,53734.1,53815.4,477.75528705
2024-09-07 02:00:00,53815.2,53945.8,53748.2,53813.8,427.26248082
2024-09-07 04:00:00,53815.9,54388.1,53799.9,54180.1,639.05780943
2024-09-07 06:00:00,54185.4,54397.6,54033.0,54289.0,536.70393133
2024-09-07 08:00:00,54288.9,54418.0,54172.5,54248.9,388.33338476
2024-09-07 10:00:00,54248.9,54492.1,54242.1,54327.9,338.66188724
2024-09-07 12:00:00,54328.0,54676.0,54328.0,54547.8,744.66966007
2024-09-07 14:00:00,54547.8,54832.0,54488.1,54784.1,329.27178844
2024-09-07 16:00:00,54784.1,54853.0,53979.4,54129.6,457.13056757
2024-09-07 18:00:00,54128.8,54461.0,54036.0,54400.1,211.15764048
2024-09-07 20:00:00,54400.2,54437.8,53863.5,53928.4,349.59891112
2024-09-07 22:00:00,53929.2,54219.2,53803.8,54155.8,217.82810344
2024-09-08 00:00:00,54161.2,54369.5,53966.6,54276.8,176.45974074
2024-09-08 02:00:00,54276.9,54517.7,54259.4,54399.4,236.21219949
2024-09-08 04:00:00,54399.4,54581.5,54335.7,54351.9,260.19681235
2024-09-08 06:00:00,54348.3,54532.9,54265.1,54440.5,207.75342023
2024-09-08 08:00:00,54441.9,54746.7,54355.0,54450.1,379.62143057
2024-09-08 10:00:00,54450.1,54678.0,54443.7,54560.0,371.72564269
2024-09-08 12:00:00,54560.0,54573.9,54068.9,54397.3,598.59634406
2024-09-08 14:00:00,54397.2,54458.0,53646.1,53687.9,659.14837407
2024-09-08 16:00:00,53686.9,54519.2,53626.2,54502.3,483.0026734
2024-09-08 18:00:00,54502.3,54530.0,54272.0,54333.0,124.71716508
2024-09-08 20:00:00,54333.0,54635.8,54135.7,54458.6,193.11684978
2024-09-08 22:00:00,54458.5,55320.1,54366.0,54875.9,1160.68508467
2024-09-09 00:00:00,54876.0,55368.6,54690.6,55100.2,898.21818206
2024-09-09 02:00:00,55100.2,55220.0,54790.0,55117.9,492.63845274
2024-09-09 04:00:00,55118.0,55155.3,54588.7,54672.0,503.5860552
2024-09-09 06:00:00,54672.9,55000.0,54644.4,54966.7,322.19002717
2024-09-09 08:00:00,54966.7,55555.0,54952.1,55152.4,784.60065912
2024-09-09 10:00:00,55152.5,55456.0,55090.8,55263.9,646.31248349
2024-09-09 12:00:00,55263.9,55805.2,54972.0,55696.0,1223.80350579
2024-09-09 14:00:00,55696.7,55755.7,54805.1,55383.9,1326.5527205
2024-09-09 16:00:00,55384.0,56775.6,55344.0,56513.9,2752.3839968
2024-09-09 18:00:00,56513.4,57187.4,56263.2,57096.1,1180.42634995
2024-09-09 20:00:00,57090.3,58135.0,56812.1,57452.7,1277.43014039
2024-09-09 22:00:00,57457.9,57631.4,56975.5,57030.8,436.20460013
2024-09-10 00:00:00,57030.9,57066.0,56624.1,56900.4,546.09170398
2024-09-10 02:00:00,56900.4,56920.9,56527.1,56527.1,405.70941148
2024-09-10 04:00:00,56527.1,56974.0,56387.1,56943.7,447.95238936
2024-09-10 06:00:00,56941.2,57301.6,56750.0,57220.3,1016.04279828
2024-09-10 08:00:00,57218.1,57385.5,56897.5,57091.6,854.36366456
2024-09-10 10:00:00,57096.0,57257.6,56953.3,57220.4,351.33335972
2024-09-10 12:00:00,57220.5,57470.6,56638.3,56741.2,976.76268432
2024-09-10 14:00:00,56738.0,57208.3,56527.8,56592.2,823.68663992
2024-09-10 16:00:00,56592.2,57381.6,56560.0,57174.0,946.48076322
2024-09-10 18:00:00,57174.3,58045.8,57174.3,57951.7,926.88802763
2024-09-10 20:00:00,57952.1,57980.6,57460.2,57516.0,254.60291887
2024-09-10 22:00:00,57518.1,57870.9,57450.0,57639.7,249.07691853
2024-09-11 00:00:00,57639.8,57750.0,56679.0,56721.9,753.42313171
2024-09-11 02:00:00,56722.0,57174.0,56679.2,56827.6,586.66845536
2024-09-11 04:00:00,56822.0,56822.0,56075.2,56248.0,858.56176008
2024-09-11 06:00:00,56245.4,56783.2,56172.6,56716.0,419.03081666
2024-09-11 08:00:00,56715.9,56740.4,56353.0,56680.6,502.56094826
2024-09-11 10:00:00,56680.5,56875.3,56346.4,56795.8,506.64781681
2024-09-11 12:00:00,56795.9,57173.9,55709.9,55737.3,1781.09929162
2024-09-11 14:00:00,55739.8,57030.5,55555.0,56700.4,1501.64805398
2024-09-11 16:00:00,56700.0,57869.2,56645.5,57695.9,1233.17952433
2024-09-11 18:00:00,57693.3,57988.0,57325.3,57588.0,844.34801926
2024-09-11 20:00:00,57585.2,57678.0,57252.0,57355.0,180.74056194
2024-09-11 22:00:00,57355.1,57506.0,57214.0,57338.3,169.74842796
2024-09-12 00:00:00,57335.3,58285.7,57328.2,58130.0,862.89059339
2024-09-12 02:00:00,58135.8,58483.5,57813.9,58229.8,941.25364221
2024-09-12 04:00:00,58231.2,58430.0,57927.1,57970.2,412.32140578
2024-09-12 06:00:00,57970.1,58149.7,57840.1,58138.1,366.33384468
2024-09-12 08:00:00,58138.1,58349.8,57937.0,58022.0,370.0002659
2024-09-12 10:00:00,58022.1,58150.6,57892.3,58064.1,267.44542229
2024-09-12 12:00:00,58064.2,58165.6,57335.0,57625.7,1162.77752525
2024-09-12 14:00:00,57626.0,58588.8,57400.9,57514.2,1705.14340379
2024-09-12 16:00:00,57512.0,58414.6,57494.2,58393.9,384.38536483
2024-09-12 18:00:00,58394.0,58457.2,57970.1,58395.9,428.08449834
2024-09-12 20:00:00,58393.9,58396.0,57770.8,57927.6,381.69542814
2024-09-12 22:00:00,57927.4,58257.0,57902.0,58132.5,183.6647872
2024-09-13 00:00:00,58132.5,58252.6,57881.6,58130.0,392.26344826
2024-09-13 02:00:00,58130.0,58169.9,57828.1,57849.9,224.72120081
2024-09-13 04:00:00,57850.0,58032.0,57821.2,57943.0,198.83877387
2024-09-13 06:00:00,57943.1,58143.9,57744.0,58115.7,264.21583829
2024-09-13 08:00:00,58115.8,58153.6,57902.0,58056.2,264.20310328
2024-09-13 10:00:00,58056.1,58349.5,57821.9,57876.0,432.07163687
2024-09-13 12:00:00,57876.0,58160.0,57635.4,58048.0,770.22331372
2024-09-13 14:00:00,58050.4,59717.0,57834.9,59660.1,2002.39954713
2024-09-13 16:00:00,59658.1,59982.4,59312.1,59588.4,1341.32844483
2024-09-13 18:00:00,59588.3,59999.3,59480.1,59737.6,1126.9958422
2024-09-13 20:00:00,59740.9,60365.0,59627.6,60280.6,653.56542038
2024-09-13 22:00:00,60280.2,60644.7,60240.8,60500.1,931.39964104
2024-09-14 00:00:00,60500.0,60612.2,60371.7,60402.6,390.23783503
2024-09-14 02:00:00,60402.6,60500.0,60288.8,60328.9,255.53982555
2024-09-14 04:00:00,60324.4,60350.0,59922.7,59935.9,468.49679563
2024-09-14 06:00:00,59935.8,60185.0,59900.4,60145.0,476.71229059
2024-09-14 08:00:00,60143.4,60165.8,59880.3,60076.6,371.18555917
2024-09-14 10:00:00,60076.5,60076.6,59600.0,59705.9,393.65354771
2024-09-14 12:00:00,59705.9,59861.8,59632.0,59770.0,314.21532606
2024-09-14 14:00:00,59770.0,60028.0,59683.0,59875.3,347.72848668
2024-09-14 16:00:00,59875.3,59988.0,59834.3,59889.9,205.96880031
2024-09-14 18:00:00,59888.0,59905.4,59355.9,59812.3,558.29414046
2024-09-14 20:00:00,59812.3,60145.1,59776.0,60035.4,203.43647596
2024-09-14 22:00:00,60035.3,60129.9,59927.5,59991.8,169.19729483
2024-09-15 00:00:00,59991.9,60270.9,59985.0,60229.6,196.58774424
2024-09-15 02:00:00,60229.6,60261.8,60110.0,60157.7,134.36222767
2024-09-15 04:00:00,60155.8,60219.0,60068.8,60150.1,154.11200204
2024-09-15 06:00:00,60150.1,60218.7,60122.3,60193.8,97.26424589
2024-09-15 08:00:00,60193.7,60205.3,60008.1,60017.4,180.86141423
2024-09-15 10:00:00,60017.4,60056.0,59876.1,60008.2,146.55299308
2024-09-15 12:00:00,60008.2,60367.1,59953.1,60184.6,233.55181019
2024-09-15 14:00:00,60184.6,60407.3,59868.1,60334.2,296.59889722
2024-09-15 16:00:00,60334.2,60354.0,59701.6,59823.3,329.5990667
2024-09-15 18:00:00,59823.3,60185.7,59746.0,59879.7,393.89185206
2024-09-15 20:00:00,59879.7,59941.9,59477.5,59658.0,394.13413252
2024-09-15 22:00:00,59660.5,59678.3,58692.8,59126.2,1155.15741273
2024-09-16 00:00:00,59126.3,59209.9,58400.2,58604.6,816.33327859
2024-09-16 02:00:00,58605.9,58672.0,58120.0,58573.6,761.7436133
2024-09-16 04:00:00,58573.6,58673.9,58318.3,58668.1,361.69923628
2024-09-16 06:00:00,58668.1,58967.3,58622.3,58901.5,407.24877719
2024-09-16 08:00:00,58907.4,59179.9,58588.0,58628.6,360.67654436
2024-09-16 10:00:00,58628.6,58841.6,58506.4,58661.6,487.58186959
2024-09-16 12:00:00,58659.9,58790.7,58016.7,58488.5,729.46683204
2024-09-16 14:00:00,58495.9,58564.5,57565.3,57881.8,1366.31317498
2024-09-16 16:00:00,57881.6,58268.3,57431.1,58169.4,1189.03735355
2024-09-16 18:00:00,58170.1,58195.7,57692.8,57951.9,777.35678618
2024-09-16 20:00:00,57942.1,58176.7,57602.1,57999.5,438.91404392
2024-09-16 22:00:00,57999.6,58428.4,57837.6,58211.9,385.00671096
2024-09-17 00:00:00,58212.0,58346.5,57615.7,57895.7,472.62318262
2024-09-17 02:00:00,57894.4,58220.8,57828.7,58066.1,326.3944347
2024-09-17 04:00:00,58066.1,58786.6,58028.1,58649.5,481.51421952
2024-09-17 06:00:00,58649.4,58726.1,58442.1,58700.0,276.92331133
2024-09-17 08:00:00,58700.1,59083.0,58634.1,58970.6,516.53752788
2024-09-17 10:00:00,58967.3,59300.0,58908.1,59090.7,789.93197479
2024-09-17 12:00:00,59090.7,59447.9,58872.1,58956.1,702.78062152
2024-09-17 14:00:00,58963.9,61343.1,58940.0,61134.0,3532.85638792
2024-09-17 16:00:00,61133.4,61268.0,60683.1,60954.5,1104.69350788
2024-09-17 18:00:00,60954.5,61071.0,59627.3,59971.9,1076.43306828
2024-09-17 20:00:00,59972.0,60454.5,59742.5,60331.9,578.18865461
2024-09-17 22:00:00,60332.0,60348.0,60006.1,60314.6,246.77429413
2024-09-18 00:00:00,60314.7,60337.8,59877.7,60112.0,508.54155142
2024-09-18 02:00:00,60112.1,60771.0,60071.2,60517.9,530.14963099
2024-09-18 04:00:00,60518.0,60698.0,60202.0,60233.2,327.20537301
2024-09-18 06:00:00,60233.2,60550.0,60200.0,60427.0,398.83318203
2024-09-18 08:00:00,60427.0,60428.0,59654.0,59656.7,611.82897881
2024-09-18 10:00:00,59654.0,60012.3,59379.9,59851.2,717.53176633
2024-09-18 12:00:00,59851.9,60160.1,59312.1,59509.9,780.55468442
2024-09-18 14:00:00,59509.8,59791.1,59329.9,59430.0,595.37541685
2024-09-18 16:00:00,59430.0,60249.9,59179.7,60007.8,725.74932704
2024-09-18 18:00:00,60006.1,61355.6,59777.0,60061.5,4245.16474631
2024-09-18 20:00:00,60066.0,60487.3,59468.3,60201.4,715.03923022
2024-09-18 22:00:00,60201.4,61807.8,60199.9,61767.7,1423.51697834
2024-09-19 00:00:00,61770.7,62588.8,61558.0,62014.4,2302.90835881
2024-09-19 02:00:00,62014.5,62326.2,61787.9,62112.1,694.00093227
2024-09-19 04:00:00,62112.1,62173.8,61892.2,61991.3,552.98087603
2024-09-19 06:00:00,61991.4,62167.9,61817.0,62099.5,548.75146955
2024-09-19 08:00:00,62099.8,62350.1,61889.3,62269.9,546.2442087
2024-09-19 10:00:00,62270.0,62734.8,62232.5,62644.6,795.35858742
2024-09-19 12:00:00,62643.4,63368.5,62556.9,63038.0,1723.86716375
2024-09-19 14:00:00,63041.4,63509.1,62834.6,63156.2,1147.28772163
2024-09-19 16:00:00,63157.6,63858.1,62923.0,63714.6,1429.7225312
2024-09-19 18:00:00,63714.7,63790.7,63200.0,63253.8,710.19563208
2024-09-19 20:00:00,63254.3,63260.0,62882.6,62882.6,439.83465906
2024-09-19 22:00:00,62882.3,63103.4,62654.4,62956.3,572.86143947
2024-09-20 00:00:00,62956.4,63182.9,62614.0,63039.6,629.38983757
2024-09-20 02:00:00,63039.7,63750.0,62818.0,63738.0,801.52804096
2024-09-20 04:00:00,63741.4,64142.8,63602.1,63809.9,1495.73512067
2024-09-20 06:00:00,63809.9,63925.5,63390.5,63516.0,849.12860397
2024-09-20 08:00:00,63516.1,63554.9,63100.1,63460.7,663.83874379
2024-09-20 10:00:00,63460.8,63704.1,63349.9,63441.2,526.54725296
2024-09-20 12:00:00,63441.1,63548.0,62680.0,62842.9,951.58904776
2024-09-20 14:00:00,62843.0,63511.6,62574.5,63160.0,1257.23726367
2024-09-20 16:00:00,63159.9,63285.9,62616.0,62700.0,444.41863021
2024-09-20 18:00:00,62699.4,63027.1,62338.0,62806.1,722.03287407
2024-09-20 20:00:00,62806.2,63300.5,62702.0,63118.4,695.4057318
2024-09-20 22:00:00,63118.5,63283.3,63070.7,63200.0,154.83952218
2024-09-21 00:00:00,63199.9,63300.0,62835.6,62840.8,267.56087596
2024-09-21 02:00:00,62840.9,63000.0,62812.3,62888.0,139.68306162
2024-09-21 04:00:00,62888.0,62950.4,62750.6,62913.9,266.29510008
2024-09-21 06:00:00,62914.0,63128.0,62888.2,63082.5,204.08134217
2024-09-21 08:00:00,63082.5,63139.0,63001.4,63118.0,104.69742888
2024-09-21 10:00:00,63118.1,63122.8,62958.0,63084.2,101.94137063
2024-09-21 12:00:00,63084.3,63222.8,63029.3,63185.3,197.11097089
2024-09-21 14:00:00,63185.2,63305.0,63053.4,63170.1,294.00763839
2024-09-21 16:00:00,63170.2,63399.0,63084.4,63281.1,225.76950061
2024-09-21 18:00:00,63281.2,63340.9,63164.0,63204.0,167.05035947
2024-09-21 20:00:00,63204.1,63218.0,63046.4,63088.9,107.92951677
2024-09-21 22:00:00,63089.0,63569.1,63052.0,63348.0,301.33841711
2024-09-22 00:00:00,63348.1,63450.0,63010.1,63038.0,301.70512215
2024-09-22 02:00:00,63038.0,63210.0,62800.0,63114.8,354.79148551
2024-09-22 04:00:00,63114.9,63205.9,62908.0,62933.7,190.13446553
2024-09-22 06:00:00,62933.8,63045.7,62837.4,62944.1,198.10672897
2024-09-22 08:00:00,62944.2,63035.0,62649.7,62705.1,386.30167516
2024-09-22 10:00:00,62705.1,62864.2,62551.0,62779.3,320.9257315
2024-09-22 12:00:00,62779.4,62940.0,62566.0,62592.2,326.72156073
2024-09-22 14:00:00,62592.2,62814.0,62466.5,62656.1,222.81560926
2024-09-22 16:00:00,62656.0,63138.6,62470.2,63063.1,337.04317954
2024-09-22 18:00:00,63063.1,63229.8,62803.7,63164.1,249.61355195
2024-09-22 20:00:00,63164.1,63326.3,62780.0,62791.0,383.98577835
2024-09-22 22:00:00,62791.0,64019.0,62364.8,63574.2,1288.54403284
2024-09-23 00:00:00,63577.5,63961.5,62560.0,63824.1,1054.44226989
2024-09-23 02:00:00,63824.0,64750.0,63678.5,64358.7,1233.08170153
2024-09-23 04:00:00,64358.7,64467.8,63658.2,63761.9,646.87102706
2024-09-23 06:00:00,63760.2,63781.0,63382.1,63551.9,601.08626574
2024-09-23 08:00:00,63551.9,63695.9,63305.2,63627.5,425.58507841
2024-09-23 10:00:00,63627.6,63642.8,63368.0,63428.6,265.87992887
2024-09-23 12:00:00,63429.8,63531.9,63060.2,63183.1,754.97093601
2024-09-23 14:00:00,63183.1,63807.5,63066.0,63616.1,1104.46506155
2024-09-23 16:00:00,63616.0,63823.0,63102.0,63320.5,513.55599445
2024-09-23 18:00:00,63320.6,63559.9,63258.0,63300.0,295.84230361
2024-09-23 20:00:00,63305.8,63504.0,63092.2,63380.0,363.41695522
2024-09-23 22:00:00,63380.0,63420.4,63191.5,63336.1,206.91039946
2024-09-24 00:00:00,63334.1,63404.0,62806.0,62938.0,822.53535821
2024-09-24 02:00:00,62938.0,63183.8,62702.3,63122.0,538.27325377
2024-09-24 04:00:00,63122.1,63236.1,62941.1,63222.9,380.12940369
2024-09-24 06:00:00,63222.9,63576.0,63222.9,63565.9,413.65962672
2024-09-24 08:00:00,63565.9,63950.0,63484.0,63526.8,774.20281345
2024-09-24 10:00:00,63526.9,63725.9,63379.1,63475.9,350.99581724
2024-09-24 12:00:00,63476.0,63776.6,63402.0,63521.8,488.12872531
2024-09-24 14:00:00,63521.8,63557.1,62728.1,63160.0,1618.10397382
2024-09-24 16:00:00,63161.0,64007.4,63093.1,63781.3,831.0112736
2024-09-24 18:00:00,63779.5,64384.2,63540.6,64297.2,698.33409367
2024-09-24 20:00:00,64297.2,64620.0,63976.9,64036.6,909.81462699
2024-09-24 22:00:00,64036.7,64698.0,64036.6,64275.8,530.86523585
2024-09-25 00:00:00,64275.8,64822.2,63993.1,64389.0,828.90436201
2024-09-25 02:00:00,64389.1,64573.2,64230.0,64456.0,411.43997575
2024-09-25 04:00:00,64456.0,64462.9,64146.6,64173.1,263.84845271
2024-09-25 06:00:00,64173.0,64173.0,63643.0,63850.9,724.16286006
2024-09-25 08:00:00,63850.9,63914.0,63606.0,63614.0,324.4686707
2024-09-25 10:00:00,63614.1,63844.0,63406.0,63837.9,655.86884289
2024-09-25 12:00:00,63838.0,63840.0,63320.0,63758.0,732.59220114
2024-09-25 14:00:00,63758.0,64000.0,63444.5,63499.0,1125.65034501
2024-09-25 16:00:00,63499.3,63669.9,63000.0,63167.6,780.83524047
2024-09-25 18:00:00,63167.7,63472.5,63124.0,63187.7,461.16454348
2024-09-25 20:00:00,63183.6,63569.4,63182.4,63439.9,169.71024357
2024-09-25 22:00:00,63439.9,63518.1,62950.0,63154.9,425.25738086
2024-09-26 00:00:00,63154.9,63288.0,62671.0,63153.7,603.91530165
2024-09-26 02:00:00,63153.6,63545.3,63096.0,63509.9,595.21913358
2024-09-26 04:00:00,63510.0,63730.2,63329.7,63597.9,416.80847544
2024-09-26 06:00:00,63597.9,63874.0,63584.5,63852.4,471.53165225
2024-09-26 08:00:00,63852.5,63970.0,63590.0,63797.9,622.86076608
2024-09-26 10:00:00,63798.0,64500.0,63762.0,64400.5,909.7045602
2024-09-26 12:00:00,64400.0,64735.6,64154.1,64434.4,918.38719911
2024-09-26 14:00:00,64434.5,65556.6,64318.8,65233.0,2547.34990914
2024-09-26 16:00:00,65234.0,65831.9,65104.1,65125.1,881.64156672
2024-09-26 18:00:00,65128.0,65305.0,64679.6,64698.2,798.28072977
2024-09-26 20:00:00,64699.9,65199.9,64625.8,65043.9,588.74148175
2024-09-26 22:00:00,65043.9,65246.0,64728.4,65163.4,278.99847583
2024-09-27 00:00:00,65163.4,65346.0,64988.5,65113.8,483.0403152
2024-09-27 02:00:00,65113.9,65420.0,64820.0,65366.0,539.2442031
2024-09-27 04:00:00,65366.1,65456.0,65070.9,65353.6,625.25456064
2024-09-27 06:00:00,65353.7,65546.5,65216.2,65464.7,992.25482508
2024-09-27 08:00:00,65464.7,65997.2,65417.0,65746.8,815.76137814
2024-09-27 10:00:00,65746.3,65781.1,65342.0,65436.4,468.18884433
2024-09-27 12:00:00,65436.5,65883.4,65316.1,65672.1,546.39854112
2024-09-27 14:00:00,65672.5,66500.0,65562.0,66000.1,1955.33335992
2024-09-27 16:00:00,66000.0,66364.0,65676.7,65919.9,876.73220986
2024-09-27 18:00:00,65920.0,65977.6,65520.1,65651.3,584.33682586
2024-09-27 20:00:00,65650.3,65917.7,65620.0,65814.0,186.6418699
2024-09-27 22:00:00,65816.1,65969.8,65678.0,65774.1,141.6484662
2024-09-28 00:00:00,65774.0,66005.5,65718.0,65991.1,156.20437817
2024-09-28 02:00:00,65991.1,66269.7,65900.0,66071.9,343.86499298
2024-09-28 04:00:00,66072.0,66097.9,65911.3,65956.4,217.87432841
2024-09-28 06:00:00,65956.4,65966.1,65729.9,65816.6,353.76006242
2024-09-28 08:00:00,65816.6,65816.7,65446.1,65629.8,381.89663064
2024-09-28 10:00:00,65629.9,65807.8,65580.0,65799.9,192.88968581
2024-09-28 12:00:00,65800.0,65800.0,65414.6,65536.1,316.24496869
2024-09-28 14:00:00,65536.1,65814.8,65536.1,65619.0,281.33316351
2024-09-28 16:00:00,65619.1,65719.3,65490.0,65635.5,154.35401867
2024-09-28 18:00:00,65637.6,65820.0,65633.3,65730.3,91.66521924
2024-09-28 20:00:00,65730.4,65777.2,65420.0,65698.9,182.91125026
2024-09-28 22:00:00,65698.9,66000.0,65579.7,65853.3,227.35063046
2024-09-29 00:00:00,65853.4,65982.0,65650.0,65869.1,209.0588233
2024-09-29 02:00:00,65869.2,65942.2,65720.0,65820.6,195.5102362
2024-09-29 04:00:00,65820.7,65820.7,65516.0,65600.4,206.09143779
2024-09-29 06:00:00,65600.4,65652.8,65440.0,65474.0,280.46571337
2024-09-29 08:00:00,65474.0,65690.0,65440.0,65582.6,207.2570906
2024-09-29 10:00:00,65582.0,65735.4,65460.0,65699.1,216.34282505
2024-09-29 12:00:00,65699.1,65857.8,65578.0,65816.0,308.66322602
2024-09-29 14:00:00,65816.0,65828.3,65555.0,65756.2,314.03234948
2024-09-29 16:00:00,65756.2,65938.1,65648.1,65816.6,166.73273921
2024-09-29 18:00:00,65816.7,65970.0,65745.6,65953.9,95.83777967
2024-09-29 20:00:00,65954.0,66079.6,65797.5,65874.4,155.1400034
2024-09-29 22:00:00,65874.4,65955.9,65526.1,65603.5,222.23848737
2024-09-30 00:00:00,65603.6,65623.7,64727.2,64767.5,1084.26244183
2024-09-30 02:00:00,64764.7,64817.9,64194.6,64551.1,1644.86361214
2024-09-30 04:00:00,64551.2,64551.2,64320.0,64525.8,416.30250346
2024-09-30 06:00:00,64525.8,64712.0,64340.0,64563.9,694.18452726
2024-09-30 08:00:00,64564.0,64580.0,63542.0,63542.0,1297.74584286
2024-09-30 10:00:00,63541.9,63871.4,63250.0,63822.0,1353.25338051
2024-09-30 12:00:00,63822.0,64153.6,63750.0,63878.4,953.051247
2024-09-30 14:00:00,63879.6,64012.0,63537.9,63558.8,803.4458951
2024-09-30 16:00:00,63558.8,63733.7,63376.0,63693.9,500.26329503
2024-09-30 18:00:00,63699.1,63733.5,63055.6,63485.4,844.08591403
2024-09-30 20:00:00,63486.6,63854.4,63440.0,63704.4,360.49539552
2024-09-30 22:00:00,63704.5,63775.8,62850.0,63327.5,603.01541944
2024-10-01 00:00:00,63327.6,63639.9,63000.0,63461.9,740.70903566
2024-10-01 02:00:00,63461.9,63744.0,63180.0,63718.3,388.87215523
2024-10-01 04:00:00,63718.3,63890.0,63644.0,63747.9,319.74187134
2024-10-01 06:00:00,63748.0,64128.0,63744.0,64044.9,537.25191709
2024-10-01 08:00:00,64045.0,64102.2,63824.1,63863.9,428.30666108
2024-10-01 10:00:00,63864.0,63985.9,63722.0,63725.0,248.01063253
2024-10-01 12:00:00,63725.1,63811.9,62513.6,62860.3,1222.29447445
2024-10-01 14:00:00,62860.4,63080.0,61798.1,62629.6,4078.41269369
2024-10-01 16:00:00,62629.6,62777.0,61070.0,62151.0,3218.81822935
2024-10-01 18:00:00,62151.5,62441.9,61606.1,61754.5,1101.30903734
2024-10-01 20:00:00,61754.6,61769.6,60160.1,61140.0,1842.25950856
2024-10-01 22:00:00,61140.0,61149.9,60630.1,60814.5,700.77280291
2024-10-02 00:00:00,60814.5,61540.3,60733.7,61527.8,603.5606149
2024-10-02 02:00:00,61527.9,61876.3,61432.5,61742.0,687.92614578
2024-10-02 04:00:00,61742.1,61744.9,61350.0,61485.7,402.57382606
2024-10-02 06:00:00,61485.8,61942.7,61353.2,61726.4,542.75485298
2024-10-02 08:00:00,61726.4,61920.7,61134.7,61274.1,485.62560975
2024-10-02 10:00:00,61272.4,61557.7,60888.0,61163.6,676.55940829
2024-10-02 12:00:00,61163.7,61476.0,60526.9,61354.1,1363.75722434
2024-10-02 14:00:00,61352.9,61925.9,61050.4,61875.5,934.78345665
2024-10-02 16:00:00,61875.5,62375.6,61240.1,61625.4,820.11996996
2024-10-02 18:00:00,61625.4,61688.0,60000.0,60186.1,1600.81910495
2024-10-02 20:00:00,60186.1,60991.8,60130.0,60827.4,803.46063201
2024-10-02 22:00:00,60826.0,60865.8,60438.1,60642.1,539.39530895
2024-10-03 00:00:00,60642.1,61184.1,60530.0,61029.2,509.17714859
2024-10-03 02:00:00,61029.7,61471.3,60983.5,61460.8,372.31412611
2024-10-03 04:00:00,61460.8,61479.0,61103.4,61171.5,272.15464979
2024-10-03 06:00:00,61171.4,61419.6,60815.7,60927.0,564.3435333
2024-10-03 08:00:00,60926.2,60980.1,60125.9,60716.7,1208.43308103
2024-10-03 10:00:00,60716.8,61070.5,60600.0,60768.0,463.23020194
2024-10-03 12:00:00,60765.5,60779.1,59800.0,60377.7,1244.54571268
2024-10-03 14:00:00,60379.6,60898.2,60022.0,60636.3,1373.59844968
2024-10-03 16:00:00,60636.4,60781.3,59910.0,60628.4,2195.22461514
2024-10-03 18:00:00,60628.5,61056.0,60536.0,61031.4,527.11121791
2024-10-03 20:00:00,61029.9,61100.0,60610.2,60812.0,317.34542469
2024-10-03 22:00:00,60812.1,60986.6,60703.0,60753.8,139.53910975
2024-10-04 00:00:00,60752.8,61256.0,60462.0,61219.2,518.46450521
2024-10-04 02:00:00,61220.2,61272.0,60871.3,60956.2,403.5960653
2024-10-04 04:00:00,60956.3,61241.2,60934.0,61221.0,438.57856926
2024-10-04 06:00:00,61222.0,61500.0,61067.4,61439.9,509.85412646
2024-10-04 08:00:00,61439.9,61644.0,61285.9,61334.1,491.1891187
2024-10-04 10:00:00,61334.0,61476.0,61260.2,61446.0,285.95360177
2024-10-04 12:00:00,61446.0,62010.4,61210.6,61583.9,1479.46790864
2024-10-04 14:00:00,61583.9,61899.9,60784.5,61884.0,1150.0267222
2024-10-04 16:00:00,61884.1,62340.9,61643.4,61983.4,559.1113773
2024-10-04 18:00:00,61985.0,62471.3,61905.6,62369.9,613.95913091
2024-10-04 20:00:00,62371.6,62480.8,62167.5,62276.0,184.3595516
2024-10-04 22:00:00,62278.1,62360.5,61970.1,62094.1,297.42095142
2024-10-05 00:00:00,62093.4,62205.8,61990.0,62076.0,245.41119874
2024-10-05 02:00:00,62076.0,62076.6,61687.0,61872.3,271.77862713
2024-10-05 04:00:00,61874.7,62165.4,61810.6,62141.6,187.7789549
2024-10-05 06:00:00,62141.7,62270.0,62063.4,62067.3,199.9608084
2024-10-05 08:00:00,62067.3,62331.6,62067.3,62254.1,114.9543788
2024-10-05 10:00:00,62254.2,62279.0,62180.0,62188.5,104.25978566
2024-10-05 12:00:00,62188.6,62382.9,62096.1,62148.1,286.91028673
2024-10-05 14:00:00,62148.2,62248.6,62100.0,62167.2,183.63974854
2024-10-05 16:00:00,62167.3,62189.0,61900.0,62019.5,169.07430571
2024-10-05 18:00:00,62019.5,62054.9,61788.0,61854.8,173.70692862
2024-10-05 20:00:00,61854.9,61952.7,61706.0,61861.7,90.79794315
2024-10-05 22:00:00,61861.8,62111.1,61849.1,62058.6,120.1197869
2024-10-06 00:00:00,62058.6,62159.9,61890.0,62088.7,136.38649025
2024-10-06 02:00:00,62092.2,62125.0,61886.0,61886.1,97.49626705
2024-10-06 04:00:00,61886.1,61985.8,61820.0,61949.9,101.92156689
2024-10-06 06:00:00,61949.9,62023.8,61890.5,61950.5,67.60558713
2024-10-06 08:00:00,61950.4,62168.3,61922.5,62074.5,177.66542212
2024-10-06 10:00:00,62074.5,62153.8,62000.8,62099.9,236.00880967
2024-10-06 12:00:00,62099.9,62358.3,62064.4,62251.8,244.01971198
2024-10-06 14:00:00,62251.7,62797.1,62188.7,62724.8,543.27704597
2024-10-06 16:00:00,62724.9,62932.0,62550.0,62589.8,270.84909748
2024-10-06 18:00:00,62589.5,62986.9,62588.0,62634.0,246.13660607
2024-10-06 20:00:00,62634.0,62760.8,62305.6,62306.1,132.69514229
2024-10-06 22:00:00,62306.2,62919.9,62306.2,62825.3,372.61093517
2024-10-07 00:00:00,62825.4,63980.0,62660.9,63824.2,1265.97920215
2024-10-07 02:00:00,63827.9,63954.8,63346.0,63533.0,595.49331343
2024-10-07 04:00:00,63533.0,63683.3,63352.8,63390.0,285.76393699
2024-10-07 06:00:00,63390.1,63726.9,63322.0,63542.1,346.35363457
2024-10-07 08:00:00,63542.2,63713.5,63086.0,63216.0,660.43672059
2024-10-07 10:00:00,63214.1,63228.1,62658.0,63139.9,903.62165269
2024-10-07 12:00:00,63140.0,63571.4,62824.0,63457.4,770.0767764
2024-10-07 14:00:00,63457.9,64466.9,63457.9,63658.0,2493.04777824
2024-10-07 16:00:00,63658.0,63916.5,63432.5,63831.2,400.22056001
2024-10-07 18:00:00,63830.1,63831.3,62738.0,63385.3,766.05410255
2024-10-07 20:00:00,63384.2,63414.6,62989.9,63379.6,176.77124607
2024-10-07 22:00:00,63379.7,63379.7,62126.0,62222.1,1033.3107718
2024-10-08 00:00:00,62222.0,62724.3,62158.0,62634.5,427.89100479
2024-10-08 02:00:00,62636.0,62818.0,62422.2,62626.4,287.67919647
2024-10-08 04:00:00,62626.9,62780.0,62306.2,62513.3,417.56758654
2024-10-08 06:00:00,62513.4,62530.3,62002.9,62315.5,418.68293761
2024-10-08 08:00:00,62315.6,62587.9,62188.0,62534.1,244.50062931
2024-10-08 10:00:00,62534.2,62663.4,62402.5,62624.6,192.93746853
2024-10-08 12:00:00,62624.5,63046.0,62323.0,63031.9,717.33981337
2024-10-08 14:00:00,63032.5,63200.0,61866.0,62287.5,1710.0247689
2024-10-08 16:00:00,62287.5,62596.0,62027.2,62389.9,494.77357122
2024-10-08 18:00:00,62390.0,62517.5,61870.0,62245.5,789.65471134
2024-10-08 20:00:00,62245.9,62571.9,62144.7,62434.0,143.72068225
2024-10-08 22:00:00,62434.1,62452.0,62018.3,62155.9,229.31727471
2024-10-09 00:00:00,62156.0,62494.0,61994.9,62406.0,329.55985821
2024-10-09 02:00:00,62406.1,62459.9,62150.1,62388.1,206.15047867
2024-10-09 04:00:00,62388.1,62545.6,62296.0,62530.2,168.0989931
2024-10-09 06:00:00,62530.2,62549.2,62200.0,62273.6,144.11407581
2024-10-09 08:00:00,62273.5,62290.0,62040.0,62263.4,674.3812911
2024-10-09 10:00:00,62263.4,62263.4,62050.0,62196.1,317.52610779
2024-10-09 12:00:00,62196.2,62224.0,61750.0,61800.0,929.90352525
2024-10-09 14:00:00,61800.1,62411.4,61634.0,62309.9,828.43183331
2024-10-09 16:00:00,62310.0,62346.5,61666.7,61749.2,510.8949072
2024-10-09 18:00:00,61749.1,61824.5,60832.5,61028.5,1278.84615067
2024-10-09 20:00:00,61029.5,61120.0,60302.0,60903.7,656.98415328
2024-10-09 22:00:00,60903.7,60916.5,60606.0,60637.5,232.47145191
2024-10-10 00:00:00,60637.5,60857.1,60365.7,60804.4,360.49015276
2024-10-10 02:00:00,60804.5,60954.8,60708.0,60864.7,284.29155314
2024-10-10 04:00:00,60864.8,61052.0,60812.6,60938.4,340.64616487
2024-10-10 06:00:00,60938.5,61154.0,60890.0,60892.9,304.04363716
2024-10-10 08:00:00,60892.9,61070.6,60625.0,60929.1,550.82818541
2024-10-10 10:00:00,60929.0,61315.8,60926.0,61258.2,333.77310045
2024-10-10 12:00:00,61258.1,61315.9,60614.0,60940.1,1019.4564743
2024-10-10 14:00:00,60940.0,61058.0,60450.0,60795.2,597.31547067
2024-10-10 16:00:00,60796.0,61035.1,59560.0,59604.0,1266.24336539
2024-10-10 18:00:00,59604.2,59764.0,58935.6,59725.9,1512.52239332
2024-10-10 20:00:00,59725.8,60190.1,59583.6,60190.0,618.65233506
2024-10-10 22:00:00,60190.0,60322.4,59944.1,60322.4,262.4047448
2024-10-11 00:00:00,60322.5,60774.3,60088.0,60580.2,446.64050814
2024-10-11 02:00:00,60580.5,60722.1,60365.0,60610.0,242.84453497
2024-10-11 04:00:00,60610.1,60769.8,60572.3,60596.8,230.4174546
2024-10-11 06:00:00,60596.8,60923.0,60591.0,60672.0,459.87584885
2024-10-11 08:00:00,60672.0,61111.0,60650.0,61076.9,309.75754199
2024-10-11 10:00:00,61077.0,61264.0,60991.5,61172.2,512.62607246
2024-10-11 12:00:00,61172.3,61869.2,61127.5,61685.7,1103.28745358
2024-10-11 14:00:00,61685.9,62466.0,61632.0,62267.1,1888.37462294
2024-10-11 16:00:00,62267.2,62946.2,62130.0,62918.3,1240.19124383
2024-10-11 18:00:00,62918.3,63419.5,62721.9,63088.0,1365.5984807
2024-10-11 20:00:00,63086.8,63171.9,62802.0,62845.8,421.0186075
2024-10-11 22:00:00,62845.9,62922.8,62349.2,62546.0,435.52328477
2024-10-12 00:00:00,62546.1,63098.8,62500.0,62733.9,407.01463219
2024-10-12 02:00:00,62734.0,62766.0,62477.4,62572.6,208.6713583
2024-10-12 04:00:00,62572.7,62827.2,62570.0,62768.3,273.08030136
2024-10-12 06:00:00,62778.1,62790.0,62642.0,62755.6,277.40549891
2024-10-12 08:00:00,62755.6,62839.9,62669.0,62839.8,195.95986157
2024-10-12 10:00:00,62839.9,63269.4,62807.0,62948.0,341.12202349
2024-10-12 12:00:00,62948.0,63160.0,62821.3,63074.0,340.19595143
2024-10-12 14:00:00,63074.1,63488.0,63008.0,63166.1,1190.15778201
2024-10-12 16:00:00,63166.2,63400.0,63050.9,63101.7,191.27341931
2024-10-12 18:00:00,63101.7,63181.8,62912.0,63000.0,139.8314114
2024-10-12 20:00:00,63000.1,63229.7,63000.0,63220.0,98.06487667
2024-10-12 22:00:00,63219.8,63389.8,63132.0,63209.9,185.93443517
2024-10-13 00:00:00,63209.4,63294.5,62828.0,62879.5,381.25253058
2024-10-13 02:00:00,62879.6,62922.0,62659.2,62713.9,226.55546671
2024-10-13 04:00:00,62715.5,62973.4,62711.0,62859.1,139.92426997
2024-10-13 06:00:00,62859.1,63000.0,62722.0,62853.9,250.47347729
2024-10-13 08:00:00,62850.8,62971.3,62770.1,62834.2,161.42978888
2024-10-13 10:00:00,62834.2,62838.4,62521.7,62567.0,215.35835391
2024-10-13 12:00:00,62567.1,62834.9,62552.1,62659.4,191.50523618
2024-10-13 14:00:00,62659.3,62667.1,62050.0,62230.1,962.76345484
2024-10-13 16:00:00,62230.0,62884.9,62169.4,62511.9,359.25627539
2024-10-13 18:00:00,62511.9,62744.6,62309.2,62735.9,146.62276461
2024-10-13 20:00:00,62737.5,63036.1,62604.3,62889.5,123.86154194
2024-10-13 22:00:00,62889.5,63141.7,62630.0,62872.0,185.26607845
2024-10-14 00:00:00,62872.1,62900.9,62453.4,62632.9,166.95722209
2024-10-14 02:00:00,62633.0,64400.0,62476.0,64309.9,1864.63924991
2024-10-14 04:00:00,64309.9,64531.9,63779.4,63934.0,1717.07074989
2024-10-14 06:00:00,63934.1,64682.5,63796.0,64620.0,1081.66900304
2024-10-14 08:00:00,64619.9,64899.9,64344.0,64822.1,882.38973411
2024-10-14 10:00:00,64822.2,65171.2,64708.0,64922.6,1172.14809997
2024-10-14 12:00:00,64922.7,65294.6,64653.9,65143.8,1506.05404561
2024-10-14 14:00:00,65144.6,66294.0,65108.0,65878.1,2506.597924
2024-10-14 16:00:00,65878.0,66024.2,65530.9,65640.5,941.77837437
2024-10-14 18:00:00,65640.0,66087.9,65578.0,65948.0,1143.83643932
2024-10-14 20:00:00,65948.0,66087.6,65733.5,65787.5,468.5251472
2024-10-14 22:00:00,65787.4,66577.1,65773.6,66089.8,1113.51109176
2024-10-15 00:00:00,66089.9,66332.6,65749.9,65874.1,422.25848498
2024-10-15 02:00:00,65872.1,65934.0,65333.7,65406.0,512.38052434
2024-10-15 04:00:00,65406.1,65706.4,65228.3,65372.8,437.53013629
2024-10-15 06:00:00,65372.9,65855.9,65290.1,65661.3,554.18101113
2024-10-15 08:00:00,65662.5,65860.7,65592.3,65640.5,327.48310685
2024-10-15 10:00:00,65640.6,65750.0,65280.1,65403.0,552.93370692
2024-10-15 12:00:00,65403.1,67777.0,65390.1,67669.9,1755.42136485
2024-10-15 14:00:00,67669.9,67963.6,64781.5,66023.1,5256.52574421
2024-10-15 16:00:00,66023.1,67221.6,65982.7,66808.5,1995.9574868
2024-10-15 18:00:00,66808.6,67388.0,66577.5,66974.1,1510.888301
2024-10-15 20:00:00,66974.1,67015.9,66136.6,66431.2,603.95079523
2024-10-15 22:00:00,66431.2,67178.8,66412.0,67072.1,469.30236073
2024-10-16 00:00:00,67072.1,67500.0,66755.1,67374.1,779.79796272
2024-10-16 02:00:00,67374.0,67564.5,67080.0,67094.1,464.22457954
2024-10-16 04:00:00,67093.5,67356.1,66888.8,67212.7,303.09533536
2024-10-16 06:00:00,67215.9,67303.9,66770.1,66984.6,540.97326692
2024-10-16 08:00:00,66984.7,67470.0,66918.0,67427.9,715.96653536
2024-10-16 10:00:00,67428.0,68422.6,67327.2,67913.9,2351.43887247
2024-10-16 12:00:00,67914.0,68080.0,67128.4,67394.2,1280.87884703
2024-10-16 14:00:00,67396.0,68318.2,67348.4,67759.3,1288.18993434
2024-10-16 16:00:00,67759.5,68107.9,67480.2,67942.9,643.54790309
2024-10-16 18:00:00,67942.1,68067.9,67634.1,67728.7,502.98919143
2024-10-16 20:00:00,67725.3,67963.9,67500.1,67573.1,396.91636675
2024-10-16 22:00:00,67573.2,67870.0,67573.2,67614.3,178.96938786
2024-10-17 00:00:00,67614.4,67941.0,67407.6,67895.9,288.13172913
2024-10-17 02:00:00,67896.0,67900.0,67410.0,67598.0,370.15211747
2024-10-17 04:00:00,67598.0,67598.0,67250.5,67340.0,400.10102674
2024-10-17 06:00:00,67340.0,67507.3,67079.9,67299.9,759.04285242
2024-10-17 08:00:00,67300.0,67526.0,67182.0,67193.7,348.46174007
2024-10-17 10:00:00,67193.7,67312.7,66813.1,66874.6,854.64405233
2024-10-17 12:00:00,66874.5,67350.1,66670.0,67025.9,905.14707222
2024-10-17 14:00:00,67026.0,67681.7,66680.0,67590.5,1304.14299886
2024-10-17 16:00:00,67590.5,67595.5,67118.3,67290.1,520.96013524
2024-10-17 18:00:00,67290.2,67313.2,66720.0,66845.7,932.51373976
2024-10-17 20:00:00,66845.9,67148.0,66824.2,67080.4,191.28145186
2024-10-17 22:00:00,67080.5,67497.7,67080.5,67426.5,425.76969812
2024-10-18 00:00:00,67426.5,68265.6,67188.5,68086.0,710.23323119
2024-10-18 02:00:00,68086.5,68146.1,67512.0,67550.1,626.03487092
2024-10-18 04:00:00,67550.2,68055.2,67536.1,68002.4,396.81137877
2024-10-18 06:00:00,68002.5,68387.0,67864.5,67967.6,917.08406782
2024-10-18 08:00:00,67967.6,68056.7,67744.7,67800.0,472.70914194
2024-10-18 10:00:00,67800.1,68033.9,67674.0,67699.9,391.94213135
2024-10-18 12:00:00,67700.0,68200.0,67642.0,68197.1,545.91893123
2024-10-18 14:00:00,68197.1,68880.0,67932.0,68744.2,2545.93829964
2024-10-18 16:00:00,68744.5,68900.0,68358.0,68707.7,776.79515121
2024-10-18 18:00:00,68707.7,69000.0,68554.1,68603.0,929.29460739
2024-10-18 20:00:00,68604.5,68696.0,68240.0,68416.0,246.52941394
2024-10-18 22:00:00,68416.0,68478.2,68211.0,68431.4,309.95738299
2024-10-19 00:00:00,68431.4,68486.9,68300.1,68339.8,168.74868909
2024-10-19 02:00:00,68339.9,68700.0,68328.9,68452.0,239.71617253
2024-10-19 04:00:00,68452.1,68572.0,68328.5,68400.0,144.67535845
2024-10-19 06:00:00,68400.0,68449.4,68301.8,68350.7,166.30187315
2024-10-19 08:00:00,68350.7,68474.3,68340.1,68344.1,164.64376161
2024-10-19 10:00:00,68344.2,68382.5,68080.0,68083.3,235.48898326
2024-10-19 12:00:00,68083.4,68270.0,68080.0,68109.8,239.0013874
2024-10-19 14:00:00,68109.9,68351.9,68109.9,68227.7,180.17328128
2024-10-19 16:00:00,68227.8,68235.4,68006.0,68127.9,205.25531941
2024-10-19 18:00:00,68128.0,68245.9,68090.0,68176.8,98.78835393
2024-10-19 20:00:00,68176.9,68342.8,68162.6,68220.5,82.7719289
2024-10-19 22:00:00,68220.6,68425.2,68197.1,68366.2,211.66687551
2024-10-20 00:00:00,68366.3,68445.9,68150.0,68156.1,132.23325218
2024-10-20 02:00:00,68157.1,68232.0,68100.0,68190.4,138.18728002
2024-10-20 04:00:00,68190.5,68322.0,68163.7,68214.2,142.15018127
2024-10-20 06:00:00,68214.3,68434.1,68172.6,68366.1,200.77098337
2024-10-20 08:00:00,68366.1,68494.6,68341.0,68428.6,159.75875587
2024-10-20 10:00:00,68428.7,68462.1,68366.5,68413.8,74.56464026
2024-10-20 12:00:00,68413.9,68488.0,68208.0,68457.9,244.59833116
2024-10-20 14:00:00,68458.0,68765.2,68357.8,68631.9,676.28807347
2024-10-20 16:00:00,68632.0,68664.8,68418.0,68560.3,336.13937376
2024-10-20 18:00:00,68560.4,68663.9,68489.0,68509.6,80.70043466
2024-10-20 20:00:00,68509.7,68921.9,68462.0,68770.0,252.76007403
2024-10-20 22:00:00,68770.1,69425.0,68600.0,69035.6,1104.30243769
2024-10-21 00:00:00,69035.7,69546.0,68972.6,69211.8,903.16945021
2024-10-21 02:00:00,69211.9,69272.0,68604.3,68940.0,688.43404493
2024-10-21 04:00:00,68940.0,69192.7,68792.0,68988.0,253.85237645
2024-10-21 06:00:00,68988.1,69150.0,68467.2,68512.4,713.94453492
2024-10-21 08:00:00,68512.4,68664.9,68140.9,68385.4,594.10547095
2024-10-21 10:00:00,68386.9,68494.0,68200.0,68241.4,502.38246897
2024-10-21 12:00:00,68241.4,68339.8,67149.3,67314.8,2067.15299731
2024-10-21 14:00:00,67314.8,67616.4,66842.8,67331.5,1973.10353282
2024-10-21 16:00:00,67331.5,67656.0,66889.3,67516.4,1054.21222031
2024-10-21 18:00:00,67518.1,67925.9,67029.9,67755.9,887.20747789
2024-10-21 20:00:00,67756.0,67922.0,67616.4,67792.7,315.50163291
2024-10-21 22:00:00,67792.8,67872.3,67344.0,67371.7,671.3815748
2024-10-22 00:00:00,67371.8,67537.9,66555.0,67507.8,1325.83799953
2024-10-22 02:00:00,67507.8,67688.0,67266.0,67393.9,404.12791773
2024-10-22 04:00:00,67394.0,67652.0,67282.0,67583.9,340.21236386
2024-10-22 06:00:00,67584.0,67790.5,67376.0,67400.7,622.13635282
2024-10-22 08:00:00,67400.7,67400.8,66746.0,66956.0,773.3938147
2024-10-22 10:00:00,66956.0,67523.9,66860.0,67300.0,851.5635692
2024-10-22 12:00:00,67300.1,67473.4,66640.0,66996.0,935.91110225
2024-10-22 14:00:00,66996.0,67697.2,66825.0,67283.5,1536.50620615
2024-10-22 16:00:00,67283.6,67428.0,66917.4,67325.8,784.47093758
2024-10-22 18:00:00,67325.9,67639.8,67238.0,67481.0,667.10008417
2024-10-22 20:00:00,67480.0,67579.4,67408.0,67528.0,174.48311864
2024-10-22 22:00:00,67528.0,67838.0,67285.7,67421.2,387.44124547
2024-10-23 00:00:00,67421.3,67470.3,67089.0,67349.6,446.35832725
2024-10-23 02:00:00,67349.6,67390.0,66888.8,67079.8,368.82202912
2024-10-23 04:00:00,67079.9,67237.9,66996.0,67086.4,183.99741655
2024-10-23 06:00:00,67086.5,67299.9,66800.0,66856.1,412.82162937
2024-10-23 08:00:00,66856.2,67048.8,66199.8,66509.3,1151.2854689
2024-10-23 10:00:00,66509.3,66643.5,66312.4,66422.0,402.64993997
2024-10-23 12:00:00,66422.5,66898.3,66106.0,66798.4,765.91928124
2024-10-23 14:00:00,66798.3,66878.3,65923.1,66220.0,959.85577287
2024-10-23 16:00:00,66220.1,66299.8,65638.0,65718.9,903.65626411
2024-10-23 18:00:00,65719.0,66566.0,65251.0,66474.8,1500.5749106
2024-10-23 20:00:00,66477.2,66685.5,66338.0,66418.1,345.16266961
2024-10-23 22:00:00,66418.2,66812.0,66354.0,66666.0,339.04674939
2024-10-24 00:00:00,66666.1,67616.4,66514.0,67266.2,1054.3272818
2024-10-24 02:00:00,67266.3,67514.9,67152.0,67215.1,530.87100374
2024-10-24 04:00:00,67215.1,67475.4,67212.0,67358.6,341.10882328
2024-10-24 06:00:00,67358.1,67475.5,67074.3,67124.8,537.07788086
2024-10-24 08:00:00,67124.1,67250.0,66728.0,66879.0,453.27190175
2024-10-24 10:00:00,66879.0,67328.8,66866.0,67293.9,339.27985803
2024-10-24 12:00:00,67294.0,67984.0,67261.0,67906.2,900.6339841
2024-10-24 14:00:00,67906.2,67979.0,67532.0,67697.7,1000.12301033
2024-10-24 16:00:00,67697.8,67855.0,67350.7,67653.1,507.55046128
2024-10-24 18:00:00,67653.8,68330.0,67626.0,68298.0,695.1782753
2024-10-24 20:00:00,68297.9,68850.3,67951.6,68347.0,613.48710185
2024-10-24 22:00:00,68347.0,68557.4,68044.2,68198.5,342.74591492
2024-10-25 00:00:00,68198.6,68278.0,67840.2,67977.3,376.84322715
2024-10-25 02:00:00,67977.4,68240.0,67833.0,68006.8,298.66843471
2024-10-25 04:00:00,68006.8,68048.9,67589.5,67757.4,457.18931394
2024-10-25 06:00:00,67757.5,67860.7,67250.0,67529.9,702.34299597
2024-10-25 08:00:00,67529.9,67876.7,67312.9,67837.8,489.0784549
2024-10-25 10:00:00,67837.9,68173.9,67670.0,68108.3,422.23296042
2024-10-25 12:00:00,68108.7,68437.3,67708.0,68339.9,586.72980562
2024-10-25 14:00:00,68340.0,68771.9,67445.5,67687.5,1589.05220799
2024-10-25 16:00:00,67687.5,67870.2,66768.8,66834.0,1361.89085476
2024-10-25 18:00:00,66834.1,67580.6,66000.0,66847.3,2678.62583781
2024-10-25 20:00:00,66847.3,67304.0,66623.4,67294.0,493.52139683
2024-10-25 22:00:00,67294.1,67391.3,65588.7,66710.0,1865.27332747
2024-10-26 00:00:00,66710.0,66850.0,66517.8,66704.6,725.50636732
2024-10-26 02:00:00,66704.7,67041.6,66442.0,66912.0,452.64978171
2024-10-26 04:00:00,66912.8,67228.5,66781.9,67135.3,402.99726729
2024-10-26 06:00:00,67135.3,67239.9,66990.1,67008.0,287.49022686
2024-10-26 08:00:00,67008.0,67263.9,66990.0,67052.0,206.46738078
2024-10-26 10:00:00,67052.1,67178.5,66954.1,67132.2,174.17644727
2024-10-26 12:00:00,67132.2,67178.5,66885.9,66896.0,242.0245399
2024-10-26 14:00:00,66896.0,67012.0,66744.3,66886.2,313.7283956
2024-10-26 16:00:00,66886.1,67146.0,66788.9,67068.2,270.73425957
2024-10-26 18:00:00,67068.2,67195.9,67024.9,67187.4,177.51070128
2024-10-26 20:00:00,67187.5,67482.7,67076.9,67176.3,260.63144896
2024-10-26 22:00:00,67176.2,67243.9,67085.0,67095.9,101.65052419
2024-10-27 00:00:00,67095.8,67129.9,66936.9,67076.1,121.28896548
2024-10-27 02:00:00,67076.2,67324.4,67001.0,67290.8,110.00488141
2024-10-27 04:00:00,67290.9,67322.0,67119.3,67178.5,73.80827039
2024-10-27 06:00:00,67178.5,67238.0,67125.2,67203.4,61.17556785
2024-10-27 08:00:00,67203.4,67270.0,67107.0,67146.6,135.23046328
2024-10-27 10:00:00,67146.6,67199.9,67042.0,67125.8,84.77134154
2024-10-27 12:00:00,67125.9,67762.9,67122.0,67616.0,403.65556603
2024-10-27 14:00:00,67615.9,67852.1,67604.0,67786.0,308.16553956
2024-10-27 16:00:00,67785.9,68000.0,67658.3,67760.1,319.78360893
2024-10-27 18:00:00,67760.2,67854.9,67544.4,67845.3,233.39038156
2024-10-27 20:00:00,67845.4,68199.8,67722.5,67930.7,266.99394026
2024-10-27 22:00:00,67930.7,68344.0,67930.6,68022.9,590.02254825
2024-10-28 00:00:00,68022.2,68119.9,67735.3,67744.0,318.82624112
2024-10-28 02:00:00,67744.0,67990.0,67678.0,67726.0,256.1257861
2024-10-28 04:00:00,67726.1,67964.1,67618.0,67911.0,277.75646636
2024-10-28 06:00:00,67911.1,68678.5,67804.0,68420.0,760.30154954
2024-10-28 08:00:00,68420.0,68616.0,68235.4,68574.2,465.53432816
2024-10-28 10:00:00,68574.1,68838.0,68487.7,68761.7,488.80645933
2024-10-28 12:00:00,68761.8,69285.0,68584.0,68823.9,1277.36880565
2024-10-28 14:00:00,68824.0,69100.0,68431.2,68491.5,1341.1890407
2024-10-28 16:00:00,68490.8,69214.7,68450.0,68983.8,830.41459767
2024-10-28 18:00:00,68983.9,69910.0,68843.3,69632.4,1656.59850249
2024-10-28 20:00:00,69632.1,69796.7,69426.1,69793.9,332.88709342
2024-10-28 22:00:00,69794.0,70332.9,69738.1,69961.2,1555.44717271
2024-10-29 00:00:00,69961.3,70382.0,69754.6,70302.4,474.70883682
2024-10-29 02:00:00,70302.5,71600.0,70218.0,70945.2,2741.66304134
2024-10-29 04:00:00,70945.1,71140.0,70899.1,71036.0,553.70154133
2024-10-29 06:00:00,71036.0,71360.6,70835.9,71018.0,597.88468143
2024-10-29 08:00:00,71017.9,71354.3,70977.6,71299.0,545.64133618
2024-10-29 10:00:00,71300.0,71585.0,71076.0,71457.9,730.01309535
2024-10-29 12:00:00,71457.9,71833.9,70927.7,71799.9,1056.14272227
2024-10-29 14:00:00,71799.9,72440.3,71310.1,72398.3,2611.11776648
2024-10-29 16:00:00,72398.1,72980.0,72350.4,72717.1,1929.49322588
2024-10-29 18:00:00,72717.1,73650.0,72501.2,72538.9,2822.96683529
2024-10-29 20:00:00,72538.9,72679.9,71886.7,72309.0,996.96515363
2024-10-29 22:00:00,72308.9,73000.0,72207.3,72746.0,606.5671827
2024-10-30 00:00:00,72746.0,72799.9,72014.4,72429.9,982.35464
2024-10-30 02:00:00,72429.9,72659.9,72166.1,72245.7,608.46861426
2024-10-30 04:00:00,72245.8,72525.7,72190.1,72513.8,393.43421629
2024-10-30 06:00:00,72513.8,72628.6,72100.0,72232.0,632.88547364
2024-10-30 08:00:00,72232.1,72600.0,72219.7,72572.4,513.64570048
2024-10-30 10:00:00,72572.5,72600.0,71928.4,71987.6,510.7057499
2024-10-30 12:00:00,71988.0,72149.9,71440.0,71961.1,1359.3077853
2024-10-30 14:00:00,71961.1,72466.0,71700.0,72060.2,973.89259318
2024-10-30 16:00:00,72060.2,72200.0,71650.0,71894.5,563.11396878
2024-10-30 18:00:00,71894.6,72144.0,71777.7,71815.5,488.88331561
2024-10-30 20:00:00,71814.2,72962.0,71640.2,72387.4,1296.43583826
2024-10-30 22:00:00,72387.5,72695.9,72248.1,72345.2,254.45414684
2024-10-31 00:00:00,72345.2,72464.4,72023.6,72365.5,370.07542119
2024-10-31 02:00:00,72365.6,72596.0,72182.0,72349.8,443.69089214
2024-10-31 04:00:00,72349.9,72393.9,72209.0,72285.6,238.8479875
2024-10-31 06:00:00,72285.6,72477.9,72142.0,72414.9,390.32314766
2024-10-31 08:00:00,72415.0,72451.5,72138.1,72300.0,538.75598439
2024-10-31 10:00:00,72300.1,72696.0,72210.1,72218.0,606.58102135
2024-10-31 12:00:00,72218.1,72278.0,71111.0,71312.0,1757.37676955
2024-10-31 14:00:00,71312.1,71388.0,70444.0,70628.0,3474.97810328
2024-10-31 16:00:00,70627.9,70907.9,70356.9,70794.8,839.49720588
2024-10-31 18:00:00,70794.8,70794.9,70033.5,70096.1,813.72469707
2024-10-31 20:00:00,70092.9,70542.0,69688.0,70447.6,1004.54667026
2024-10-31 22:00:00,70449.9,70648.6,70176.5,70302.2,287.61176554
2024-11-01 00:00:00,70302.3,70471.8,69304.1,69400.0,978.21903476
2024-11-01 02:00:00,69400.0,69710.0,68829.9,69364.0,1231.25522397
2024-11-01 04:00:00,69364.1,69673.6,69338.0,69607.8,190.51437723
2024-11-01 06:00:00,69607.9,69699.0,69082.8,69274.0,489.65315273
2024-11-01 08:00:00,69274.1,69583.9,69226.9,69528.1,382.83391227
2024-11-01 10:00:00,69528.2,70231.9,69510.4,70004.6,853.66731587
2024-11-01 12:00:00,70004.7,71220.1,69892.0,71202.0,1538.70303624
2024-11-01 14:00:00,71202.0,71629.9,69030.1,69391.0,3003.02136005
2024-11-01 16:00:00,69391.5,70514.5,69358.1,69585.9,1465.11671612
2024-11-01 18:00:00,69587.4,69644.0,68800.2,69265.9,1282.29699376
2024-11-01 20:00:00,69265.8,69462.0,68861.7,69268.3,441.0904891
2024-11-01 22:00:00,69268.3,69628.0,69239.5,69495.5,287.43908529
2024-11-02 00:00:00,69495.6,69700.0,69478.1,69674.1,231.35933306
2024-11-02 02:00:00,69674.1,69914.2,69558.5,69599.9,347.73081849
2024-11-02 04:00:00,69600.0,69733.3,69446.0,69711.0,139.23710792
2024-11-02 06:00:00,69712.0,69828.0,69573.0,69821.9,177.52951959
2024-11-02 08:00:00,69821.9,69848.0,69514.0,69563.7,166.14606558
2024-11-02 10:00:00,69563.8,69699.9,69414.0,69604.1,181.13907191
2024-11-02 12:00:00,69604.2,69707.9,69345.8,69363.3,281.60740156
2024-11-02 14:00:00,69363.3,69450.0,69017.8,69391.3,558.40245941
2024-11-02 16:00:00,69391.4,69607.1,69312.5,69397.8,234.26620973
2024-11-02 18:00:00,69398.0,69558.0,69223.4,69504.5,161.16150632
2024-11-02 20:00:00,69504.6,69568.0,69431.0,69434.0,140.53674261
2024-11-02 22:00:00,69434.1,69545.4,69155.1,69371.0,235.77452691
2024-11-03 00:00:00,69371.0,69386.0,69000.0,69009.0,283.45092053
2024-11-03 02:00:00,69009.1,69030.0,67825.2,68374.9,1693.3425747
2024-11-03 04:00:00,68375.0,68700.3,68300.0,68431.9,487.08662238
2024-11-03 06:00:00,68433.1,68787.4,68378.0,68398.0,293.61838301
2024-11-03 08:00:00,68398.0,68607.4,68200.5,68240.7,347.38773778
2024-11-03 10:00:00,68240.8,68577.9,68240.3,68347.8,175.20351877
2024-11-03 12:00:00,68347.9,68560.0,67974.9,68047.9,401.94932009
2024-11-03 14:00:00,68048.0,68230.6,67458.0,68100.0,1470.33844884
2024-11-03 16:00:00,68100.0,68560.0,68060.0,68355.9,704.29089357
2024-11-03 18:00:00,68356.0,68699.4,67682.6,68679.9,429.19185265
2024-11-03 20:00:00,68679.9,69350.0,68500.0,69138.8,610.26660949
2024-11-03 22:00:00,69138.8,69300.0,68506.0,68769.3,771.84081747
2024-11-04 00:00:00,68770.0,69027.2,68233.4,68968.6,554.35587575
2024-11-04 02:00:00,68969.1,69499.0,68876.2,69046.3,715.36496058
2024-11-04 04:00:00,69046.4,69400.0,68716.4,68815.9,414.68887304
2024-11-04 06:00:00,68816.0,69183.5,68617.9,68620.5,398.10961267
2024-11-04 08:00:00,68620.5,68933.2,68471.4,68652.1,450.35796778
2024-11-04 10:00:00,68652.2,69046.0,68613.7,68794.1,406.00967037
2024-11-04 12:00:00,68794.2,69260.0,68658.0,68668.6,513.3310401
2024-11-04 14:00:00,68668.6,68756.7,68206.1,68645.5,877.21754171
2024-11-04 16:00:00,68645.5,68809.0,67240.7,67829.7,1517.6243273
2024-11-04 18:00:00,67829.8,68066.3,67551.1,67849.4,677.08294782
2024-11-04 20:00:00,67849.4,67849.9,66822.5,67112.9,1278.03459989
2024-11-04 22:00:00,67113.0,68109.6,67058.0,67850.0,633.71451765
2024-11-05 00:00:00,67850.1,68181.9,67471.4,67996.0,670.66393565
2024-11-05 02:00:00,67995.9,68258.4,67818.6,68239.4,262.85492425
2024-11-05 04:00:00,68239.5,68799.2,68212.9,68741.1,494.97374958
2024-11-05 06:00:00,68741.5,68974.8,68564.5,68899.9,421.87180426
2024-11-05 08:00:00,68899.9,69102.1,68735.4,68776.0,574.17709119
2024-11-05 10:00:00,68776.1,68975.8,68616.0,68812.6,517.58825191
2024-11-05 12:00:00,68812.6,68944.0,68663.2,68822.1,807.84895595
2024-11-05 14:00:00,68822.0,70329.9,68764.0,69632.1,2772.13949111
2024-11-05 16:00:00,69632.7,70554.9,69524.0,69951.9,1281.64921258
2024-11-05 18:00:00,69952.0,70272.6,68709.0,68989.9,1232.75210375
2024-11-05 20:00:00,68990.0,69650.1,68830.0,69163.7,827.12533433
2024-11-05 22:00:00,69164.0,69908.6,68892.1,69372.7,661.91885576
2024-11-06 00:00:00,69372.8,71458.0,69289.9,71130.0,3062.38878773
2024-11-06 02:00:00,71130.1,75242.2,70945.0,74356.1,7688.70550554
2024-11-06 04:00:00,74356.0,74968.3,73616.0,74772.0,3949.99127869
2024-11-06 06:00:00,74771.9,75409.6,73089.0,73376.1,4199.45001931
2024-11-06 08:00:00,73376.1,74101.9,72700.0,73771.1,2660.60350246
2024-11-06 10:00:00,73771.2,74497.5,73364.8,74273.6,1394.02665142
2024-11-06 12:00:00,74277.2,74777.1,73598.0,73992.4,1248.80296609
2024-11-06 14:00:00,73992.4,74732.8,73486.0,74296.4,2161.62814223
2024-11-06 16:00:00,74299.6,74680.0,74116.5,74448.4,1247.11371352
2024-11-06 18:00:00,74448.3,75850.0,74396.0,75814.1,2194.02293909
2024-11-06 20:00:00,75814.2,76388.0,75502.1,75895.6,1683.39095336
2024-11-06 22:00:00,75897.7,76039.9,75527.2,75584.8,732.64233506
2024-11-07 00:00:00,75584.9,76031.7,75062.4,75394.5,1322.70748833
2024-11-07 02:00:00,75394.5,75468.0,75000.0,75040.0,943.99241237
2024-11-07 04:00:00,75040.1,75056.4,74623.3,74759.9,664.8399039
2024-11-07 06:00:00,74759.9,74968.6,74429.0,74768.6,713.91453075
2024-11-07 08:00:00,74768.6,75160.0,74672.0,74917.4,457.92290567
2024-11-07 10:00:00,74917.5,75037.5,74708.0,74752.0,348.19650089
2024-11-07 12:00:00,74751.9,75119.0,74605.0,74677.5,513.86329054
2024-11-07 14:00:00,74677.6,76071.4,74516.0,76056.3,1316.54029347
2024-11-07 16:00:00,76056.5,76462.4,75550.6,76258.6,989.30538255
2024-11-07 18:00:00,76258.7,76700.0,75750.0,76510.0,1524.6101145
2024-11-07 20:00:00,76510.0,76848.1,75860.0,75873.2,1311.31302159
2024-11-07 22:00:00,75873.2,76088.0,75484.3,75860.3,511.4165127
2024-11-08 00:00:00,75860.4,76364.0,75828.3,75980.0,806.13214058
2024-11-08 02:00:00,75980.1,76019.4,75583.4,75898.9,375.61289928
2024-11-08 04:00:00,75898.9,76156.0,75808.8,75988.0,400.60346301
2024-11-08 06:00:00,75987.9,76224.9,75683.5,76156.5,1467.44318068
2024-11-08 08:00:00,76156.5,76175.7,75759.0,75934.0,534.84792803
2024-11-08 10:00:00,75934.0,76320.0,75770.8,75936.7,470.92094408
2024-11-08 12:00:00,75937.1,76274.2,75850.0,76263.6,446.25003847
2024-11-08 14:00:00,76267.1,76588.0,75614.4,76418.8,1505.23308926
2024-11-08 16:00:00,76418.9,76518.0,75800.2,76374.2,968.74851126
2024-11-08 18:00:00,76374.2,77179.1,76330.9,76906.0,1187.57289826
2024-11-08 20:00:00,76906.0,77087.9,76371.1,76472.1,1008.38957296
2024-11-08 22:00:00,76472.1,76625.7,76279.5,76499.1,302.72494102
2024-11-09 00:00:00,76499.1,76625.7,76250.0,76312.2,359.92203286
2024-11-09 02:00:00,76312.2,76449.5,76132.9,76340.0,381.44938217
2024-11-09 04:00:00,76340.1,76680.0,76288.1,76559.8,381.48369354
2024-11-09 06:00:00,76554.5,76799.9,76350.0,76531.8,543.97959111
2024-11-09 08:00:00,76531.8,76735.9,76435.9,76553.9,291.94044602
2024-11-09 10:00:00,76553.9,76622.0,76378.0,76489.3,246.53272797
2024-11-09 12:00:00,76489.3,76543.3,76273.1,76421.4,291.23423187
2024-11-09 14:00:00,76421.3,76443.2,76272.1,76321.2,271.06470594
2024-11-09 16:00:00,76321.3,76332.0,75714.2,76235.9,601.1639694
2024-11-09 18:00:00,76236.0,76724.0,76107.3,76209.0,454.72986583
2024-11-09 20:00:00,76209.1,76490.0,76173.6,76454.3,173.76694897
2024-11-09 22:00:00,76454.3,76915.8,76364.1,76675.0,528.19849654
2024-11-10 00:00:00,76675.1,77099.0,76494.1,76696.2,571.21812832
2024-11-10 02:00:00,76696.3,77516.1,76650.2,77204.7,1432.47853353
2024-11-10 04:00:00,77204.8,79787.2,77136.1,79076.2,3838.64925106
2024-11-10 06:00:00,79076.2,79249.0,78600.2,78827.7,1144.73656338
2024-11-10 08:00:00,78827.7,79500.0,78827.7,79371.0,623.76678036
2024-11-10 10:00:00,79371.1,80045.0,79275.3,79841.6,1500.90545933
2024-11-10 12:00:00,79841.6,80100.0,79256.2,79717.5,1223.36122946
2024-11-10 14:00:00,79719.7,79980.0,79172.0,79687.3,989.61071153
2024-11-10 16:00:00,79687.2,80728.5,79484.1,80328.3,1312.78705272
2024-11-10 18:00:00,80328.0,81055.2,79317.8,79742.9,1664.7283608
2024-11-10 20:00:00,79743.0,80016.6,78500.0,79870.2,1309.2725333
2024-11-10 22:00:00,79870.1,81568.0,79783.8,80360.0,1383.73428709
2024-11-11 00:00:00,80358.8,81733.0,80212.1,81211.3,1364.76901802
2024-11-11 02:00:00,81212.0,81848.0,80950.0,81610.1,896.80990077
2024-11-11 04:00:00,81610.1,81730.6,80430.2,80724.1,834.61894586
2024-11-11 06:00:00,80724.1,81240.0,80580.3,81104.4,772.27672306
2024-11-11 08:00:00,81104.0,81760.0,81012.0,81684.2,798.10396788
2024-11-11 10:00:00,81684.2,82373.9,81652.5,82136.1,1199.20346465
2024-11-11 12:00:00,82136.0,82464.9,81460.4,81824.0,1171.21360997
2024-11-11 14:00:00,81824.0,84288.0,81488.4,84068.2,3468.14048963
2024-11-11 16:00:00,84068.1,84883.3,83825.6,84595.9,2614.60623716
2024-11-11 18:00:00,84595.9,86675.3,84189.0,86091.6,2804.54544075
2024-11-11 20:00:00,86091.7,88383.2,86038.2,87893.7,3168.24379537
2024-11-11 22:00:00,87895.1,89575.0,86322.4,88640.0,3635.42306973
2024-11-12 00:00:00,88640.1,89483.8,86557.2,88539.9,2971.52728508
2024-11-12 02:00:00,88539.9,88870.0,86971.2,88060.0,1976.06499417
2024-11-12 04:00:00,88056.1,88991.4,87714.4,88383.3,1318.78598154
2024-11-12 06:00:00,88381.1,89970.2,88176.0,89011.8,2802.39931122
2024-11-12 08:00:00,89011.8,89400.0,87643.2,87644.1,2102.93611437
2024-11-12 10:00:00,87644.1,88051.9,85323.0,87156.1,4484.42793441
2024-11-12 12:00:00,87156.0,87855.0,85091.8,86332.0,2859.9831288
2024-11-12 14:00:00,86328.1,87494.0,85210.5,86611.9,2846.94014873
2024-11-12 16:00:00,86611.8,87880.0,85725.7,86956.0,2141.53957816
2024-11-12 18:00:00,86959.5,89750.0,86900.0,88697.9,2069.34939818
2024-11-12 20:00:00,88698.0,89852.0,88144.5,88256.0,1824.34476123
2024-11-12 22:00:00,88255.9,88648.9,87400.0,87944.5,1417.09957152
2024-11-13 00:00:00,87944.6,88558.0,87588.1,88252.2,1169.79492971
2024-11-13 02:00:00,88252.1,88323.9,87028.0,87139.1,1161.24379591
2024-11-13 04:00:00,87139.1,87693.9,86200.0,86543.7,1517.01329746
2024-11-13 06:00:00,86543.7,87475.9,86126.1,87357.6,978.89305279
2024-11-13 08:00:00,87357.7,87680.0,87078.9,87392.7,580.68678099
2024-11-13 10:00:00,87392.6,88088.2,87120.0,87666.5,677.30718093
2024-11-13 12:00:00,87660.1,89700.0,87487.5,89147.6,1686.11072247
2024-11-13 14:00:00,89147.6,92666.0,88639.0,92525.6,5125.12966759
2024-11-13 16:00:00,92525.7,93263.0,91465.9,92231.9,2974.48507689
2024-11-13 18:00:00,92232.0,93123.5,89938.0,90176.9,2973.19295053
2024-11-13 20:00:00,90176.8,91157.3,87977.0,88543.2,2535.02956471
2024-11-13 22:00:00,88544.4,90549.0,88342.5,90378.4,1001.24758879
2024-11-14 00:00:00,90378.4,90515.9,89500.0,90369.1,971.72733098
2024-11-14 02:00:00,90366.6,90568.0,89527.1,89936.2,941.39374279
2024-11-14 04:00:00,89936.1,90195.9,89309.7,89955.0,940.34839343
2024-11-14 06:00:00,89955.3,90865.9,89106.2,90781.0,1123.6578062
2024-11-14 08:00:00,90780.0,91427.2,90332.1,90911.9,1514.9892966
2024-11-14 10:00:00,90911.9,91663.0,90462.5,91483.8,1135.318441
2024-11-14 12:00:00,91483.8,91600.0,90578.0,90749.5,898.67085258
2024-11-14 14:00:00,90749.5,91777.7,87837.7,87954.9,3377.6461089
2024-11-14 16:00:00,87954.9,89376.5,87526.2,89221.7,1709.55498705
2024-11-14 18:00:00,89221.7,89690.8,88910.0,89464.0,720.28856912
2024-11-14 20:00:00,89463.9,89463.9,87007.9,88216.6,1475.98969119
2024-11-14 22:00:00,88216.8,88367.9,86666.6,87330.0,1279.73602454
2024-11-15 00:00:00,87330.0,88400.0,87248.2,88094.0,855.25793499
2024-11-15 02:00:00,88098.1,88500.0,87727.3,88201.9,416.03117993
2024-11-15 04:00:00,88201.9,88259.6,87070.9,87710.0,778.23346598
2024-11-15 06:00:00,87710.1,88387.9,87588.0,87623.9,825.17264044
2024-11-15 08:00:00,87625.2,89340.6,87372.8,89195.9,1213.14154238
2024-11-15 10:00:00,89196.4,89766.6,88932.2,89731.9,725.00732246
2024-11-15 12:00:00,89732.0,90707.5,89281.5,90155.8,1594.52391763
2024-11-15 14:00:00,90155.8,90208.0,87763.3,88439.9,2202.48323317
2024-11-15 16:00:00,88439.9,89931.1,88376.1,89474.3,1161.03001951
2024-11-15 18:00:00,89474.5,90833.0,89208.0,90374.2,1150.92281902
2024-11-15 20:00:00,90374.8,91825.0,90327.5,91679.9,1429.87022041
2024-11-15 22:00:00,91679.9,91851.2,90866.5,91022.9,763.28087708
2024-11-16 00:00:00,91022.9,91469.7,90832.1,91238.8,465.73535367
2024-11-16 02:00:00,91238.9,91700.0,91000.0,91248.1,465.50670098
2024-11-16 04:00:00,91248.1,91784.6,91061.5,91344.2,304.40248301
2024-11-16 06:00:00,91344.1,91447.8,91059.1,91117.9,343.00364289
2024-11-16 08:00:00,91117.8,91428.7,91000.4,91228.1,305.73552815
2024-11-16 10:00:00,91227.7,91587.9,90972.4,91169.9,410.80473922
2024-11-16 12:00:00,91166.2,91316.0,90497.1,90750.0,749.13846958
2024-11-16 14:00:00,90757.1,91066.6,90060.1,90527.8,620.96222017
2024-11-16 16:00:00,90527.8,91009.9,90200.0,90913.5,363.59172418
2024-11-16 18:00:00,90913.5,91388.0,90836.7,91108.4,303.82496427
2024-11-16 20:00:00,91108.4,91185.1,90672.1,90992.7,250.15290402
2024-11-16 22:00:00,90992.7,90999.9,90273.8,90583.3,369.20498717
2024-11-17 00:00:00,90583.9,90899.9,90000.0,90260.7,570.11700081
2024-11-17 02:00:00,90263.5,90278.8,89354.3,90247.9,777.07574179
2024-11-17 04:00:00,90248.0,90887.9,90140.4,90466.5,541.25628084
2024-11-17 06:00:00,90466.5,90784.3,90369.0,90564.4,254.11998022
2024-11-17 08:00:00,90564.5,91489.9,90481.4,91301.3,816.94031483
2024-11-17 10:00:00,91300.0,91330.0,90531.2,90688.1,509.74846742
2024-11-17 12:00:00,90688.1,91190.8,90260.1,90501.6,471.7505847
2024-11-17 14:00:00,90501.6,90769.2,89912.8,90260.0,582.19588835
2024-11-17 16:00:00,90260.1,90644.0,90079.9,90582.6,430.53442254
2024-11-17 18:00:00,90582.6,90624.0,89690.3,90048.9,547.74183864
2024-11-17 20:00:00,90048.9,90222.7,89000.1,89132.8,602.43186682
2024-11-17 22:00:00,89132.8,89873.0,88714.2,89860.0,645.36317511
2024-11-18 00:00:00,89860.8,90936.3,89632.4,90751.9,560.85922509
2024-11-18 02:00:00,90752.0,90850.9,90294.3,90655.9,490.12273728
2024-11-18 04:00:00,90655.9,90811.9,90440.3,90609.2,395.69268224
2024-11-18 06:00:00,90609.2,92279.1,90609.1,91716.4,2068.00010658
2024-11-18 08:00:00,91721.4,92256.2,91555.1,91723.9,1236.20473083
2024-11-18 10:00:00,91723.9,92028.7,90040.8,90277.1,1695.91130723
2024-11-18 12:00:00,90280.2,90766.2,89375.0,89496.1,1633.38830408
2024-11-18 14:00:00,89496.2,92644.1,89428.3,92333.3,3108.25030779
2024-11-18 16:00:00,92339.1,92592.6,90890.0,91564.2,1981.59133895
2024-11-18 18:00:00,91564.4,91655.0,89675.2,90608.9,1063.89226924
2024-11-18 20:00:00,90608.9,91979.9,90405.5,91278.3,1442.95525292
2024-11-18 22:00:00,91276.7,91457.1,90220.9,90464.0,694.70570824
2024-11-19 00:00:00,90463.9,91241.2,90348.0,90710.1,626.13109522
2024-11-19 02:00:00,90710.1,91559.1,90697.1,91428.8,585.24762416
2024-11-19 04:00:00,91429.5,91888.0,91238.1,91875.8,582.80784638
2024-11-19 06:00:00,91875.8,92019.9,91596.0,91624.7,725.03587008
2024-11-19 08:00:00,91627.5,91950.0,91190.4,91692.2,826.31232251
2024-11-19 10:00:00,91692.0,91916.0,91484.1,91660.0,696.78526654
2024-11-19 12:00:00,91660.1,92800.0,91027.9,91127.9,2344.43927183
2024-11-19 14:00:00,91127.9,92437.1,90986.9,92380.7,1795.19871483
2024-11-19 16:00:00,92382.5,93250.0,92128.0,92838.4,1331.10116153
2024-11-19 18:00:00,92836.1,93888.0,92711.2,93225.7,1683.16232038
2024-11-19 20:00:00,93225.6,93569.0,91800.0,92196.0,1210.67851746
2024-11-19 22:00:00,92196.0,92419.0,91304.1,92307.9,839.64137276
2024-11-20 00:00:00,92307.9,92423.9,91720.0,91967.3,564.16629799
2024-11-20 02:00:00,91971.6,92099.9,91479.7,92043.9,712.80161486
2024-11-20 04:00:00,92043.9,92520.1,91857.2,92504.2,491.73677983
2024-11-20 06:00:00,92509.0,92848.0,92292.0,92842.4,487.83807798
2024-11-20 08:00:00,92842.3,93666.0,92719.0,93085.2,1020.56556719
2024-11-20 10:00:00,93085.2,93633.2,92801.9,93453.1,755.59022786
2024-11-20 12:00:00,93453.1,94589.5,93301.9,94380.0,1702.15715982
2024-11-20 14:00:00,94380.0,94800.0,93828.3,94724.9,2010.93647426
2024-11-20 16:00:00,94724.8,94818.0,93300.0,93904.1,1612.97267963
2024-11-20 18:00:00,93904.1,94271.2,93128.0,94015.7,961.19664046
2024-11-20 20:00:00,94015.7,94604.2,93827.9,94365.7,529.02468567
2024-11-20 22:00:00,94365.7,94480.0,93759.0,94286.8,500.31913607
2024-11-21 00:00:00,94287.0,94950.0,94187.3,94700.5,933.80767959
2024-11-21 02:00:00,94700.1,95910.2,94000.0,95792.6,2064.69384789
2024-11-21 04:00:00,95792.7,97850.0,95791.1,97324.7,3555.81137001
2024-11-21 06:00:00,97324.7,97407.2,96800.0,96908.2,1257.87508791
2024-11-21 08:00:00,96908.1,97684.0,96729.1,97607.1,1118.72437296
2024-11-21 10:00:00,97607.0,98400.0,97264.0,97975.9,1482.13902149
2024-11-21 12:00:00,97976.0,98255.6,97050.0,97518.9,1834.88024401
2024-11-21 14:00:00,97518.9,97690.9,95588.0,96659.9,2921.21670006
2024-11-21 16:00:00,96659.9,98040.1,96300.0,98036.0,1089.05017485
2024-11-21 18:00:00,98036.0,98960.0,97665.1,97815.7,1565.8286891
2024-11-21 20:00:00,97815.7,98666.6,97513.1,97967.2,1251.45229558
2024-11-21 22:00:00,97967.3,98727.5,97837.5,98317.2,513.38901232
2024-11-22 00:00:00,98317.2,98516.6,97827.0,98067.4,675.2670316
2024-11-22 02:00:00,98067.4,99300.0,98024.8,98841.4,1271.10971994
2024-11-22 04:00:00,98841.4,99100.0,98500.4,98793.1,509.27721414
2024-11-22 06:00:00,98792.0,99408.0,98634.1,99169.5,1256.82653299
2024-11-22 08:00:00,99169.4,99260.2,98396.0,98710.3,942.18124808
2024-11-22 10:00:00,98710.3,98917.0,98240.7,98876.0,667.41662697
2024-11-22 12:00:00,98876.0,98949.9,97336.8,97749.9,1414.26568978
2024-11-22 14:00:00,97749.9,98775.3,97152.5,98650.5,1692.59729434
2024-11-22 16:00:00,98648.1,99270.0,98200.0,98783.2,1342.09276808
2024-11-22 18:00:00,98778.1,99588.0,98665.4,99071.1,1173.893415
2024-11-22 20:00:00,99071.2,99456.7,98720.0,99278.1,924.68503792
2024-11-22 22:00:00,99276.2,99375.5,98550.0,98891.8,356.08145515
2024-11-23 00:00:00,98891.8,98908.0,98306.3,98580.5,516.43383304
2024-11-23 02:00:00,98580.5,98815.1,98293.9,98648.2,421.48109321
2024-11-23 04:00:00,98648.3,98779.6,98280.2,98746.4,415.75851396
2024-11-23 06:00:00,98746.3,98794.9,98380.1,98541.2,267.27443999
2024-11-23 08:00:00,98541.2,98625.0,98350.1,98450.8,414.91864881
2024-11-23 10:00:00,98450.7,98563.1,98300.0,98420.7,249.52602234
2024-11-23 12:00:00,98420.8,98828.0,98408.4,98499.7,698.52566854
2024-11-23 14:00:00,98499.8,98786.5,98377.0,98377.2,864.95636373
2024-11-23 16:00:00,98377.3,98457.0,97300.0,97902.1,1580.44252541
2024-11-23 18:00:00,97902.0,97984.1,97346.0,97500.1,312.74757957
2024-11-23 20:00:00,97500.1,98032.8,97135.3,97965.3,477.25356202
2024-11-23 22:00:00,97964.3,98027.7,97385.1,97666.5,258.82531394
2024-11-24 00:00:00,97666.5,98410.7,97617.3,98185.8,488.03801563
2024-11-24 02:00:00,98191.6,98569.3,98089.1,98192.1,397.56184935
2024-11-24 04:00:00,98192.1,98272.5,97880.8,98256.2,306.69405955
2024-11-24 06:00:00,98256.1,98411.7,98028.0,98397.9,257.33542535
2024-11-24 08:00:00,98398.0,98449.0,97800.3,97923.2,435.914316
2024-11-24 10:00:00,97923.2,97971.4,97232.1,97271.7,655.8142872
2024-11-24 12:00:00,97271.7,97600.0,96415.0,97227.6,1117.421294
2024-11-24 14:00:00,97227.7,97229.1,95920.4,95920.9,949.46832333
2024-11-24 16:00:00,95920.4,96758.5,95745.5,95903.9,826.78021263
2024-11-24 18:00:00,95904.0,96569.4,95836.0,96315.1,266.3912753
2024-11-24 20:00:00,96315.1,97000.0,96194.5,96975.7,209.74914922
2024-11-24 22:00:00,96981.8,98375.0,96976.0,97899.9,836.98555455
2024-11-25 00:00:00,97902.5,98049.0,96860.8,97200.6,474.75621654
2024-11-25 02:00:00,97200.6,97891.4,97196.8,97879.2,304.22937433
2024-11-25 04:00:00,97879.2,98234.6,97539.7,98077.3,593.33539796
2024-11-25 06:00:00,98077.0,98357.9,97714.0,98053.5,504.97387914
2024-11-25 08:00:00,98053.5,98876.0,97852.1,98491.9,954.39958433
2024-11-25 10:00:00,98491.8,98676.0,97999.9,98181.2,631.61732744
2024-11-25 12:00:00,98181.2,98312.9,97224.1,97480.0,1016.53119028
2024-11-25 14:00:00,97480.1,97666.9,94583.0,95995.1,3459.3971428
2024-11-25 16:00:00,95995.1,96498.4,94853.0,95233.4,1238.23835112
2024-11-25 18:00:00,95233.3,95914.5,94400.0,94645.6,991.59835175
2024-11-25 20:00:00,94651.9,95300.0,93566.1,93750.9,1333.34183979
2024-11-25 22:00:00,93750.9,94420.0,92601.6,93002.0,1657.97301022
2024-11-26 00:00:00,93002.0,94854.5,92752.0,94854.5,1077.25055488
2024-11-26 02:00:00,94854.5,94925.9,94178.1,94471.5,657.5210313
2024-11-26 04:00:00,94471.5,94679.8,94060.3,94648.2,289.70542344
2024-11-26 06:00:00,94648.2,94999.9,93478.3,93783.8,870.61388293
2024-11-26 08:00:00,93783.7,93783.8,92333.0,93520.0,1685.59089984
2024-11-26 10:00:00,93520.1,93750.0,91466.0,92360.4,1867.53431071
2024-11-26 12:00:00,92360.1,92914.2,91800.0,92176.5,1057.31082373
2024-11-26 14:00:00,92176.4,93568.9,91749.9,92815.1,1454.65952403
2024-11-26 16:00:00,92815.1,94666.6,92691.1,93558.2,1183.52004842
2024-11-26 18:00:00,93558.2,93630.6,91577.1,91687.2,969.5033175
2024-11-26 20:00:00,91687.1,92045.1,90800.0,91681.0,1378.20871549
2024-11-26 22:00:00,91683.9,92354.8,91535.0,91960.1,416.87719931
2024-11-27 00:00:00,91960.1,92821.5,91784.0,92757.2,686.54508696
2024-11-27 02:00:00,92757.9,93046.6,92304.1,92584.0,581.60096385
2024-11-27 04:00:00,92584.0,93207.9,92356.6,92767.0,930.31835455
2024-11-27 06:00:00,92766.9,93648.6,92766.9,93596.9,837.77419521
2024-11-27 08:00:00,93596.8,93611.2,93104.0,93400.2,533.30555017
2024-11-27 10:00:00,93400.2,93880.0,93302.9,93363.5,693.22342105
2024-11-27 12:00:00,93363.4,94256.0,92843.0,94256.0,936.65439507
2024-11-27 14:00:00,94255.9,95858.0,94108.0,95544.3,1899.09349002
2024-11-27 16:00:00,95544.3,96320.0,95180.0,96227.2,1390.50801571
2024-11-27 18:00:00,96227.3,96629.4,95863.1,96627.9,666.56162483
2024-11-27 20:00:00,96627.9,97203.8,96056.1,96265.5,849.14995922
2024-11-27 22:00:00,96267.8,96520.7,95734.9,95848.1,459.11444723
2024-11-28 00:00:00,95848.1,96567.7,95718.1,96267.2,389.88939075
2024-11-28 02:00:00,96267.3,96444.0,94800.0,95471.4,766.99167503
2024-11-28 04:00:00,95466.2,95908.8,95340.1,95452.9,509.57641354
2024-11-28 06:00:00,95452.8,95751.4,95075.5,95300.0,457.57196584
2024-11-28 08:00:00,95300.0,95616.0,94937.7,94976.9,340.49888031
2024-11-28 10:00:00,94976.9,95789.0,94610.0,95456.0,959.90217726
2024-11-28 12:00:00,95455.9,95786.9,95025.2,95716.6,414.78420731
2024-11-28 14:00:00,95719.3,96231.1,94812.3,94998.4,729.80718315
2024-11-28 16:00:00,94998.4,95313.7,94813.3,94872.1,308.86299112
2024-11-28 18:00:00,94872.1,95449.5,94864.7,95126.3,221.38913335
2024-11-28 20:00:00,95126.4,95181.7,94703.2,95132.7,223.58129183
2024-11-28 22:00:00,95132.6,96023.9,95024.1,95636.7,461.58253265
2024-11-29 00:00:00,95636.7,95972.5,95357.7,95913.2,323.27555178
2024-11-29 02:00:00,95913.2,96867.9,95904.6,96609.8,1010.62772046
2024-11-29 04:00:00,96603.9,96628.9,96167.0,96167.0,431.43073664
2024-11-29 06:00:00,96167.1,96420.9,95590.0,95616.4,787.09677563
2024-11-29 08:00:00,95614.8,96469.9,95614.7,96350.2,504.54610229
2024-11-29 10:00:00,96350.3,97358.6,96286.7,97239.6,829.91897637
2024-11-29 12:00:00,97239.7,97498.2,96759.1,97216.1,535.01788724
2024-11-29 14:00:00,97216.1,98628.0,96911.5,98003.1,1798.17079591
2024-11-29 16:00:00,98008.0,98439.7,96953.0,96963.2,1065.22339788
2024-11-29 18:00:00,96965.0,97423.0,96850.1,97332.0,378.66398355
2024-11-29 20:00:00,97332.0,97636.0,96981.6,97387.4,342.55017536
2024-11-29 22:00:00,97387.5,97500.0,97108.1,97456.1,205.96755903
2024-11-30 00:00:00,97456.1,97460.0,96419.3,96423.9,447.81631734
2024-11-30 02:00:00,96424.0,96700.0,96300.1,96641.2,374.46585442
2024-11-30 04:00:00,96641.2,97197.4,96519.2,97100.4,273.42427764
2024-11-30 06:00:00,97100.1,97241.4,96540.0,96777.2,753.22361032
2024-11-30 08:00:00,96777.1,96964.0,96596.0,96770.1,311.00150645
2024-11-30 10:00:00,96770.2,96800.0,96080.1,96268.7,459.81233077
2024-11-30 12:00:00,96268.8,96674.5,96241.9,96407.9,309.12401089
2024-11-30 14:00:00,96407.9,96738.2,96300.0,96646.7,289.94853472
2024-11-30 16:00:00,96646.6,96950.9,96516.3,96789.3,244.9346353
2024-11-30 18:00:00,96789.4,97065.9,96761.7,97014.7,150.87907114
2024-11-30 20:00:00,97014.7,97043.9,96767.1,96783.8,86.20661046
2024-11-30 22:00:00,96783.9,96827.8,96319.7,96409.0,150.2489263
2024-12-01 00:00:00,96409.1,96672.4,96044.0,96100.6,320.7541846
2024-12-01 02:00:00,96100.6,96500.0,95678.0,96335.7,982.59106898
2024-12-01 04:00:00,96335.7,96510.3,96183.3,96314.1,193.33152857
2024-12-01 06:00:00,96314.1,96499.7,96280.1,96464.9,178.8008166
2024-12-01 08:00:00,96464.8,97222.0,96414.8,97027.9,857.79171
2024-12-01 10:00:00,97028.0,97148.0,96536.1,97119.9,253.79554984
2024-12-01 12:00:00,97119.9,97406.8,96671.0,97069.9,414.17475401
2024-12-01 14:00:00,97075.9,97332.4,96947.3,97029.4,366.05988588
2024-12-01 16:00:00,97029.5,97342.0,97000.0,97299.9,261.01436023
2024-12-01 18:00:00,97300.0,97533.0,96958.6,97178.4,229.55929501
2024-12-01 20:00:00,97178.5,97780.0,96794.0,97776.1,319.58300444
2024-12-01 22:00:00,97776.1,97841.7,97173.1,97190.2,596.12089956
2024-12-02 00:00:00,97190.2,98174.4,97068.9,97986.3,765.12786753
2024-12-02 02:00:00,97986.4,98068.5,96357.5,96481.6,745.58999669
2024-12-02 04:00:00,96481.7,96930.1,96087.5,96375.7,915.51531441
2024-12-02 06:00:00,96375.8,96474.7,95753.1,95996.1,686.20164623
2024-12-02 08:00:00,95996.1,96112.4,94876.1,95493.2,1092.29485136
2024-12-02 10:00:00,95493.3,95500.0,94818.0,95110.4,926.43354245
2024-12-02 12:00:00,95110.4,95800.0,94770.0,95683.3,765.83938419
2024-12-02 14:00:00,95683.3,97200.0,95503.7,97035.8,1027.46671525
2024-12-02 16:00:00,97035.7,97352.0,94388.5,94604.3,1244.43332526
2024-12-02 18:00:00,94604.3,95867.4,94488.0,95820.0,808.76249102
2024-12-02 20:00:00,95820.1,96332.4,95347.7,95398.8,425.6508925
2024-12-02 22:00:00,95398.8,95848.0,95111.0,95828.1,251.5544858
2024-12-03 00:00:00,95828.2,96098.4,95455.0,95523.8,395.88176336
2024-12-03 02:00:00,95520.3,96302.6,95406.0,96070.1,396.55753193
2024-12-03 04:00:00,96070.1,96230.0,95856.0,96154.0,239.58855301
2024-12-03 06:00:00,96154.1,96252.0,95275.0,95551.0,659.86438401
2024-12-03 08:00:00,95551.0,95661.0,95099.9,95244.7,582.67494959
2024-12-03 10:00:00,95244.6,95488.7,94625.7,95001.0,626.88230216
2024-12-03 12:00:00,95001.0,95001.1,93652.0,93709.5,1111.35723538
2024-12-03 14:00:00,93709.2,96249.9,93583.8,95683.9,2358.4504426
2024-12-03 16:00:00,95684.0,96164.0,94852.0,95832.1,799.98407155
2024-12-03 18:00:00,95832.1,95832.1,94941.7,95435.5,432.92344229
2024-12-03 20:00:00,95435.5,96094.0,95258.2,95993.7,752.83126088
2024-12-03 22:00:00,95993.8,96117.6,95650.4,95857.3,595.19157567
2024-12-04 00:00:00,95857.4,96636.0,95483.8,96214.0,770.42376254
2024-12-04 02:00:00,96216.6,96224.0,95213.8,95775.9,457.22047861
2024-12-04 04:00:00,95776.0,96475.5,95708.0,96468.0,470.17680211
2024-12-04 06:00:00,96468.0,96700.0,96264.0,96583.2,660.16148473
2024-12-04 08:00:00,96583.3,96965.1,96516.8,96826.8,610.76175242
2024-12-04 10:00:00,96830.4,96845.3,96200.0,96200.2,382.68943295
2024-12-04 12:00:00,96200.2,96314.5,95360.6,95667.2,593.51447751
2024-12-04 14:00:00,95667.3,96564.0,95408.0,95746.3,1109.18763885
2024-12-04 16:00:00,95746.4,95827.8,94580.0,95544.0,1254.41427962
2024-12-04 18:00:00,95547.9,97222.0,95436.0,97205.8,1051.88408343
2024-12-04 20:00:00,97206.9,99000.0,97117.3,97705.7,3946.27503474
2024-12-04 22:00:00,97705.7,98966.0,97545.9,98580.7,1637.18072658
2024-12-05 00:00:00,98580.6,98794.8,97884.0,98175.8,918.57973747
2024-12-05 02:00:00,98175.9,104056.0,98134.8,102950.0,6329.01584188
2024-12-05 04:00:00,102949.9,103535.3,101800.0,102470.1,1881.77556225
2024-12-05 06:00:00,102470.1,102759.0,101324.1,102247.9,1641.7566335
2024-12-05 08:00:00,102247.9,103132.0,102247.9,102695.3,761.37596681
2024-12-05 10:00:00,102695.2,102918.7,102250.0,102565.0,519.18508924
2024-12-05 12:00:00,102565.1,103315.5,102446.2,102765.5,804.5621062
2024-12-05 14:00:00,102765.5,103548.0,100944.0,101308.1,2314.2418569
2024-12-05 16:00:00,101308.1,102028.0,100560.0,101290.9,1174.78558973
2024-12-05 18:00:00,101290.9,101534.9,98634.4,99025.9,1647.9100825
2024-12-05 20:00:00,99026.0,99483.9,97872.6,98906.6,1818.48540159
2024-12-05 22:00:00,98906.6,99035.8,89711.9,96960.0,7758.78848027
2024-12-06 00:00:00,96960.0,98812.2,96243.3,98113.3,2019.68274185
2024-12-06 02:00:00,98113.4,98160.0,97183.9,97745.5,785.2328197
2024-12-06 04:00:00,97745.5,98268.5,97365.5,97869.1,729.01216018
2024-12-06 06:00:00,97869.2,98285.4,97752.1,98147.2,766.07442983
2024-12-06 08:00:00,98147.9,98700.0,97920.0,97978.7,841.83280601
2024-12-06 10:00:00,97978.7,98323.8,97640.3,98058.9,364.03019522
2024-12-06 12:00:00,98059.8,98905.0,97500.1,98587.9,1126.26433879
2024-12-06 14:00:00,98588.0,99494.4,98332.3,99312.2,1520.2380169
2024-12-06 16:00:00,99312.2,101267.4,98752.0,100838.8,1480.98042475
2024-12-06 18:00:00,100846.4,101793.0,100600.3,101440.0,913.97008672
2024-12-06 20:00:00,101440.0,101901.8,100200.0,100373.6,719.8997109
2024-12-06 22:00:00,100373.7,100699.3,99023.6,99734.0,724.09507805
2024-12-07 00:00:00,99734.1,100439.0,99524.9,100050.3,410.9646941
2024-12-07 02:00:00,100050.3,100175.7,99280.0,99303.3,344.08306979
2024-12-07 04:00:00,99303.4,99680.0,98846.2,99143.9,528.97666882
2024-12-07 06:00:00,99148.0,99487.9,99054.3,99397.0,286.37863995
2024-12-07 08:00:00,99396.9,99824.4,99252.0,99660.5,277.035582
2024-12-07 10:00:00,99660.5,99747.9,99410.4,99600.0,272.45228296
2024-12-07 12:00:00,99600.1,99700.0,99284.6,99337.2,240.31083799
2024-12-07 14:00:00,99337.2,99799.5,99022.1,99733.3,463.87712742
2024-12-07 16:00:00,99733.4,99785.0,99434.7,99630.2,240.48197651
2024-12-07 18:00:00,99630.3,100263.7,99580.8,100066.5,310.97930431
2024-12-07 20:00:00,100066.5,100433.0,99692.0,99871.2,332.44565086
2024-12-07 22:00:00,99871.3,100256.0,99600.0,99835.4,146.01542606
2024-12-08 00:00:00,99835.5,100135.3,99643.5,99842.7,300.01955096
2024-12-08 02:00:00,99842.8,100323.3,99744.1,99924.5,268.09706555
2024-12-08 04:00:00,99924.6,100031.3,99356.7,99535.0,312.86052769
2024-12-08 06:00:00,99535.1,99858.8,99336.8,99665.0,218.14053887
2024-12-08 08:00:00,99665.0,99692.1,98663.2,98883.5,543.8066661
2024-12-08 10:00:00,98883.6,99842.1,98878.5,99689.8,294.61602134
2024-12-08 12:00:00,99689.8,100500.0,99453.7,100399.9,579.36960267
2024-12-08 14:00:00,100401.0,100408.5,99341.3,99907.1,575.92252318
2024-12-08 16:00:00,99907.2,100115.7,99627.1,99940.1,277.19141268
2024-12-08 18:00:00,99940.2,100199.9,99464.9,100110.9,219.90625443
2024-12-08 20:00:00,100111.0,100164.2,99730.1,100028.0,148.72240294
2024-12-08 22:00:00,100027.3,101362.7,99874.2,101107.7,595.04343103
2024-12-09 00:00:00,101107.8,101221.7,99323.1,99527.0,899.17600674
2024-12-09 02:00:00,99527.0,99725.9,98444.3,99099.9,654.4118617
2024-12-09 04:00:00,99100.0,99547.9,98791.3,99435.6,339.78278982
2024-12-09 06:00:00,99435.7,99744.0,98300.0,99576.1,839.55087987
2024-12-09 08:00:00,99576.2,99699.9,98400.0,98410.5,758.30726431
2024-12-09 10:00:00,98410.5,98771.4,98029.8,98075.8,674.2287534
2024-12-09 12:00:00,98075.2,99230.3,97940.0,98993.5,833.1333655
2024-12-09 14:00:00,98993.6,100424.4,97512.2,97805.4,2202.72863454
2024-12-09 16:00:00,97807.9,98391.8,97338.0,97356.2,1039.79346189
2024-12-09 18:00:00,97361.0,98259.9,97001.0,97071.9,741.32740939
2024-12-09 20:00:00,97074.4,97552.0,94000.0,96893.9,3963.85140317
2024-12-09 22:00:00,96893.9,97528.0,94819.0,97267.2,1581.95794365
2024-12-10 00:00:00,97275.7,98138.3,96987.2,97937.5,774.22874641
2024-12-10 02:00:00,97936.9,97947.5,95557.4,96923.0,1549.88911084
2024-12-10 04:00:00,96925.7,97120.6,95890.0,96935.9,746.1948874
2024-12-10 06:00:00,96935.9,97499.9,96803.3,97197.3,554.93334682
2024-12-10 08:00:00,97197.3,97676.5,96943.0,97489.0,457.4436377
2024-12-10 10:00:00,97489.0,97921.1,97428.0,97720.6,424.38734362
2024-12-10 12:00:00,97720.6,97915.5,96860.1,97715.5,878.86705177
2024-12-10 14:00:00,97715.5,98300.0,95626.3,95655.9,1802.76953945
2024-12-10 16:00:00,95656.0,96498.7,94388.3,94482.0,2718.17640954
2024-12-10 18:00:00,94493.7,96165.8,94244.3,95846.7,837.80694476
2024-12-10 20:00:00,95848.5,97196.3,95605.9,96855.5,1091.23564112
2024-12-10 22:00:00,96855.6,97126.8,96412.0,96593.2,377.92642853
2024-12-11 00:00:00,96593.2,96839.7,95666.6,95755.3,663.03048269
2024-12-11 02:00:00,95755.3,97631.7,95672.0,97389.5,808.18902824
2024-12-11 04:00:00,97392.1,97686.4,97172.4,97495.4,466.64806314
2024-12-11 06:00:00,97497.4,97779.2,97250.0,97331.9,293.10375895
2024-12-11 08:00:00,97331.8,98463.6,97304.1,97998.4,738.7769496
2024-12-11 10:00:00,97998.3,98454.5,97853.0,98294.1,463.62061733
2024-12-11 12:00:00,98294.1,98851.2,98063.7,98733.4,823.67637869
2024-12-11 14:00:00,98733.4,100790.0,98360.0,100374.1,2741.83128636
2024-12-11 16:00:00,100374.2,101075.9,99650.0,99768.0,1374.9795919
2024-12-11 18:00:00,99767.9,101152.9,99602.9,101125.4,1040.63191382
2024-12-11 20:00:00,101125.5,101672.0,100863.8,101511.8,749.06614992
2024-12-11 22:00:00,101512.0,101884.0,101056.4,101117.4,506.70150237
2024-12-12 00:00:00,101117.4,101192.0,100337.0,100498.7,642.28911209
2024-12-12 02:00:00,100498.8,101824.7,100498.8,101035.4,801.32741762
2024-12-12 04:00:00,101035.5,101193.9,100561.0,100624.4,422.34769956
2024-12-12 06:00:00,100624.5,100819.2,100404.0,100491.2,572.18013902
2024-12-12 08:00:00,100491.2,101118.1,100460.9,100803.2,510.23810747
2024-12-12 10:00:00,100803.3,100803.3,100177.1,100364.1,383.06214288
2024-12-12 12:00:00,100364.9,101554.0,100356.2,100911.9,977.95029059
2024-12-12 14:00:00,100912.0,101862.9,100610.8,101795.4,1558.17661195
2024-12-12 16:00:00,101795.5,102538.9,101205.4,101607.7,1453.4862334
2024-12-12 18:00:00,101607.9,101669.7,99307.1,99477.4,1206.33658817
2024-12-12 20:00:00,99477.4,100401.2,99457.0,99743.7,922.49785287
2024-12-12 22:00:00,99744.6,100482.9,99506.0,100001.1,359.22154366
2024-12-13 00:00:00,100001.2,100348.0,99200.0,99332.4,869.44630219
2024-12-13 02:00:00,99332.5,99802.6,99202.2,99738.3,588.39612077
2024-12-13 04:00:00,99738.4,100174.7,99662.2,99887.3,348.39489904
2024-12-13 06:00:00,99887.4,100239.2,99501.0,100140.1,792.20595404
2024-12-13 08:00:00,100140.1,100376.5,99893.6,100112.0,464.12276466
2024-12-13 10:00:00,100111.9,100790.0,99915.0,100356.1,420.69894514
2024-12-13 12:00:00,100356.1,100530.3,99950.0,100291.2,389.81505329
2024-12-13 14:00:00,100291.2,101385.0,99700.0,99874.9,1432.13685522
2024-12-13 16:00:00,99872.6,101799.9,99792.0,101752.8,1445.87187494
2024-12-13 18:00:00,101752.1,101911.4,101205.4,101471.4,786.68386865
2024-12-13 20:00:00,101471.5,101906.1,101228.1,101299.3,851.98778311
2024-12-13 22:00:00,101303.3,101537.4,101089.9,101418.6,304.54823523
2024-12-14 00:00:00,101418.6,102666.0,101143.1,102166.5,971.85699899
2024-12-14 02:00:00,102166.5,102368.6,101668.5,102080.1,409.03490388
2024-12-14 04:00:00,102080.1,102160.1,101584.8,101730.8,317.93976933
2024-12-14 06:00:00,101730.9,102000.0,101608.0,101811.5,292.22861129
2024-12-14 08:00:00,101811.5,101864.0,101479.3,101550.1,140.75582137
2024-12-14 10:00:00,101550.0,101709.5,101324.3,101589.2,179.59505749
2024-12-14 12:00:00,101589.3,101653.2,100816.5,101176.2,444.74882434
2024-12-14 14:00:00,101176.3,101742.5,101166.6,101624.2,235.33596835
2024-12-14 16:00:00,101624.2,101730.3,100884.7,100983.4,236.46780784
2024-12-14 18:00:00,100983.3,101373.0,100833.3,101330.0,200.30204603
2024-12-14 20:00:00,101330.1,101425.1,100606.9,101079.3,223.85190491
2024-12-14 22:00:00,101079.4,101495.6,100899.1,101421.3,169.96489782
2024-12-15 00:00:00,101422.0,102190.0,101228.0,102124.4,303.28525117
2024-12-15 02:00:00,102124.4,102150.4,101724.3,101733.2,181.88150331
2024-12-15 04:00:00,101733.2,102858.6,101733.2,102157.4,942.02117821
2024-12-15 06:00:00,102157.5,102169.2,101515.4,101732.9,379.43022462
2024-12-15 08:00:00,101732.9,102280.6,101585.9,102261.8,203.12743439
2024-12-15 10:00:00,102261.9,102684.7,102138.0,102653.4,480.59166114
2024-12-15 12:00:00,102653.5,103360.7,102466.6,102782.7,837.89454697
2024-12-15 14:00:00,102782.9,103060.8,102649.3,102696.9,367.48803666
2024-12-15 16:00:00,102696.9,103500.0,102580.5,103162.2,445.01797711
2024-12-15 18:00:00,103162.3,103454.6,102985.5,103258.8,179.39853597
2024-12-15 20:00:00,103258.9,103412.8,102646.2,102858.8,240.21854372
2024-12-15 22:00:00,102858.8,105333.0,102621.0,104477.4,1797.1278568
2024-12-16 00:00:00,104477.5,106660.8,104337.6,105560.4,2082.50455806
2024-12-16 02:00:00,105548.3,105661.1,104278.7,104588.5,1081.43059642
2024-12-16 04:00:00,104588.6,105073.7,104473.6,105030.3,324.51605567
2024-12-16 06:00:00,105030.4,105434.3,104880.1,104972.4,517.25513943
2024-12-16 08:00:00,104973.9,105020.3,104500.3,104684.7,457.64115993
2024-12-16 10:00:00,104684.8,104845.7,103636.0,103767.0,642.04725683
2024-12-16 12:00:00,103767.1,104161.6,103307.9,103899.9,700.18898148
2024-12-16 14:00:00,103900.0,106495.7,103873.9,106319.9,2123.77024686
2024-12-16 16:00:00,106324.7,107177.0,106131.2,107075.7,1167.24317679
2024-12-16 18:00:00,107075.8,107796.3,105810.7,106591.0,1109.38786873
2024-12-16 20:00:00,106591.1,106660.7,105680.0,106050.9,530.25061701
2024-12-16 22:00:00,106050.9,106309.3,105461.5,106066.0,504.69124334
2024-12-17 00:00:00,106066.1,106491.3,105672.0,106376.6,624.38824334
2024-12-17 02:00:00,106376.6,107035.5,106201.3,106874.5,565.43589765
2024-12-17 04:00:00,106874.6,106874.6,106409.3,106827.9,305.17939887
2024-12-17 06:00:00,106828.0,107135.9,106375.2,106810.4,629.63593871
2024-12-17 08:00:00,106810.5,107500.0,106751.1,107306.9,797.37922454
2024-12-17 10:00:00,107306.8,107346.4,106720.0,106804.9,434.64562245
2024-12-17 12:00:00,106804.9,107600.0,106536.4,107295.6,571.640863
2024-12-17 14:00:00,107295.5,108365.0,105718.0,106471.0,2831.37409909
2024-12-17 16:00:00,106471.1,107615.1,106137.9,107491.6,700.74033027
2024-12-17 18:00:00,107491.6,107636.3,106218.0,106483.8,555.87474405
2024-12-17 20:00:00,106483.8,106924.0,106159.5,106403.0,402.01029839
2024-12-17 22:00:00,106403.0,106420.0,105306.4,106128.4,660.70415324
2024-12-18 00:00:00,106128.4,106500.0,104927.2,105342.8,938.7946614
2024-12-18 02:00:00,105353.1,105655.0,104580.3,104760.0,751.57946561
2024-12-18 04:00:00,104760.0,104760.0,103266.6,103568.0,1385.27386495
2024-12-18 06:00:00,103568.1,104306.2,103113.2,104235.5,887.83157828
2024-12-18 08:00:00,104235.5,104403.6,103706.2,104032.5,504.54029417
2024-12-18 10:00:00,104032.5,105028.0,103964.1,105008.9,687.10364577
2024-12-18 12:00:00,105003.1,105357.2,104523.3,104574.3,783.74784981
2024-12-18 14:00:00,104577.5,104866.5,103599.9,104427.3,1642.73153072
2024-12-18 16:00:00,104432.5,104832.2,103400.0,104644.8,980.99421714
2024-12-18 18:00:00,104647.5,104983.4,102810.5,102810.5,1402.29498217
2024-12-18 20:00:00,102810.5,102984.0,100300.1,101014.6,4158.81423411
2024-12-18 22:00:00,101004.4,101562.1,100000.0,100213.1,850.76330163
2024-12-19 00:00:00,100208.2,100989.6,99586.2,99774.0,1352.52863123
2024-12-19 02:00:00,99774.0,101345.3,98770.1,101174.7,3168.98355663
2024-12-19 04:00:00,101175.3,101426.0,100623.9,101298.6,1011.7749303
2024-12-19 06:00:00,101300.0,101722.4,101014.9,101657.9,577.22170829
2024-12-19 08:00:00,101657.9,101867.4,101360.6,101811.8,529.39379555
2024-12-19 10:00:00,101811.9,102640.0,101777.6,102459.9,1022.0954077
2024-12-19 12:00:00,102459.9,102573.8,101671.1,101959.8,1051.85832159
2024-12-19 14:00:00,101963.8,102805.0,99500.0,100676.1,2532.86029746
2024-12-19 16:00:00,100676.1,101199.9,97400.0,98804.1,2922.9584064
2024-12-19 18:00:00,98804.1,99072.9,96238.4,97207.8,4247.16097949
2024-12-19 20:00:00,97202.8,98080.7,95682.2,97412.9,3093.4671806
2024-12-19 22:00:00,97407.1,98416.2,97215.5,97458.1,613.38244601
2024-12-20 00:00:00,97458.1,97815.9,96153.8,96328.5,1449.98735174
2024-12-20 02:00:00,96329.1,97814.7,95986.8,97113.1,1229.60549547
2024-12-20 04:00:00,97111.8,97849.9,96659.3,96734.4,973.60032594
2024-12-20 06:00:00,96734.4,98240.0,96349.9,97816.6,2265.38504612
2024-12-20 08:00:00,97816.5,97880.4,94676.6,94813.7,2797.76326279
2024-12-20 10:00:00,94813.7,95128.7,92595.9,92719.9,4532.64689857
2024-12-20 12:00:00,92720.0,95800.3,92268.0,95197.2,2772.57919254
2024-12-20 14:00:00,95197.3,97558.4,94736.0,96989.3,2043.64998188
2024-12-20 16:00:00,96988.9,97696.1,96300.0,97201.9,1418.58610963
2024-12-20 18:00:00,97202.0,97718.7,96600.1,97116.6,795.25811947
2024-12-20 20:00:00,97116.7,97236.3,95400.0,96620.8,898.0671166
2024-12-20 22:00:00,96620.9,97840.0,96453.4,97806.4,562.34311059
2024-12-21 00:00:00,97809.1,97812.2,97181.5,97352.8,604.3045586
2024-12-21 02:00:00,97352.8,97618.0,97185.5,97494.0,268.80764135
2024-12-21 04:00:00,97494.1,98696.8,97379.5,98684.8,1107.10701713
2024-12-21 06:00:00,98684.8,99553.7,98308.0,99031.6,1276.05465582
2024-12-21 08:00:00,99031.5,99190.0,98297.2,98562.4,659.0202235
2024-12-21 10:00:00,98562.3,98650.1,97788.2,98265.2,498.53788487
2024-12-21 12:00:00,98265.2,98298.4,96396.1,97329.6,1137.18845103
2024-12-21 14:00:00,97329.3,97758.7,97064.3,97524.1,400.05589148
2024-12-21 16:00:00,97524.0,97720.3,96944.0,97597.4,398.17883222
2024-12-21 18:00:00,97597.5,97727.1,96803.4,97272.3,248.43337216
2024-12-21 20:00:00,97276.3,98053.6,96529.2,96882.1,398.70001085
2024-12-21 22:00:00,96882.1,97385.3,96606.5,97283.3,236.21454398
2024-12-22 00:00:00,97289.2,97459.4,96711.2,97049.9,195.28905694
2024-12-22 02:00:00,97050.0,97323.7,96550.0,96989.3,349.75723759
2024-12-22 04:00:00,96985.4,97078.6,95888.1,96160.0,486.1508748
2024-12-22 06:00:00,96160.1,96843.6,96068.7,96215.0,237.88506507
2024-12-22 08:00:00,96216.2,97265.1,96194.1,96938.1,413.24948083
2024-12-22 10:00:00,96938.2,97356.9,96847.1,97093.2,246.39075458
2024-12-22 12:00:00,97093.2,97300.0,96843.8,96987.9,258.95530478
2024-12-22 14:00:00,96988.0,97067.5,95131.0,95370.9,1106.2826245
2024-12-22 16:00:00,95370.9,95866.4,95200.0,95615.5,368.719419
2024-12-22 18:00:00,95615.6,96448.2,94683.6,94831.8,533.43304325
2024-12-22 20:00:00,94836.2,95741.4,94420.0,95206.5,398.2797446
2024-12-22 22:00:00,95206.4,95850.2,94258.1,95173.4,530.61127685
2024-12-23 00:00:00,95173.4,95415.9,93754.5,94454.1,954.83809813
2024-12-23 02:00:00,94458.0,96030.7,93699.2,96014.3,938.4020439
2024-12-23 04:00:00,96014.2,96508.4,95337.2,95618.0,712.63251876
2024-12-23 06:00:00,95616.1,95662.3,94700.0,95410.3,588.81357865
2024-12-23 08:00:00,95410.4,96158.0,95040.0,96011.5,435.1317316
2024-12-23 10:00:00,96011.5,96538.4,95819.8,95924.1,384.33570886
2024-12-23 12:00:00,95924.1,96403.7,94829.7,94920.2,707.64975693
2024-12-23 14:00:00,94920.2,95620.8,93112.0,93256.3,1873.39275045
2024-12-23 16:00:00,93253.9,94261.0,92920.1,93374.6,1100.22626636
2024-12-23 18:00:00,93374.6,93748.3,92688.0,93037.4,699.01539676
2024-12-23 20:00:00,93037.4,94297.9,92525.0,93964.3,944.99735743
2024-12-23 22:00:00,93966.3,95513.3,93891.9,94884.1,597.37223212
2024-12-24 00:00:00,94884.1,94884.1,94021.0,94116.7,381.72140551
2024-12-24 02:00:00,94118.2,94400.0,93555.9,94359.2,410.42178536
2024-12-24 04:00:00,94359.2,94656.5,94051.3,94600.0,301.79128855
2024-12-24 06:00:00,94600.0,94600.0,93811.4,94224.6,879.34631302
2024-12-24 08:00:00,94224.6,94639.3,93950.0,94061.8,707.87719822
2024-12-24 10:00:00,94055.8,94423.8,93835.4,94389.5,326.55360753
2024-12-24 12:00:00,94389.4,96085.4,94061.2,96079.9,547.51880737
2024-12-24 14:00:00,96079.9,98319.7,95853.3,98306.8,1857.53952434
2024-12-24 16:00:00,98306.7,99031.6,97961.4,98803.8,1864.64186863
2024-12-24 18:00:00,98803.9,99480.2,97555.7,97580.1,818.36482386
2024-12-24 20:00:00,97580.0,98465.5,97249.2,98395.0,566.74873658
2024-12-24 22:00:00,98395.0,99083.9,98344.2,98661.3,292.46363976
2024-12-25 00:00:00,98656.1,98883.0,97900.0,97986.3,469.26119394
2024-12-25 02:00:00,97986.3,98370.4,97722.8,98033.3,387.08883168
2024-12-25 04:00:00,98033.3,98366.6,97883.5,98282.2,169.4327846
2024-12-25 06:00:00,98282.2,98586.4,97846.4,98085.0,381.65834359
2024-12-25 08:00:00,98085.1,98275.4,97935.8,98187.5,222.73243778
2024-12-25 10:00:00,98187.4,99347.3,97756.0,97903.9,1191.57698793
2024-12-25 12:00:00,97907.9,98622.2,97626.1,98464.4,801.93547519
2024-12-25 14:00:00,98464.4,98838.0,98206.1,98532.9,354.40752306
2024-12-25 16:00:00,98533.3,98714.2,98135.7,98576.6,211.63756012
2024-12-25 18:00:00,98571.5,99288.0,98545.1,99018.8,323.90193463
2024-12-25 20:00:00,99018.8,99599.0,98373.9,98512.1,439.48593852
2024-12-25 22:00:00,98512.1,99570.1,98435.9,99440.3,384.11958817
2024-12-26 00:00:00,99440.4,99968.9,98580.1,99063.1,613.19094684
2024-12-26 02:00:00,99063.5,99204.0,98500.0,99000.0,442.99372316
2024-12-26 04:00:00,99000.0,99000.1,98067.7,98375.3,545.28549152
2024-12-26 06:00:00,98375.2,98479.9,97718.0,97732.3,367.76670385
2024-12-26 08:00:00,97731.3,97776.0,95401.3,95439.5,2028.01453658
2024-12-26 10:00:00,95439.5,96033.7,95179.4,95692.3,511.82373733
2024-12-26 12:00:00,95692.2,95876.1,95282.4,95694.2,414.45456214
2024-12-26 14:00:00,95693.6,96278.7,95202.8,96039.7,850.4756232
2024-12-26 16:00:00,96039.2,96617.2,95670.0,95807.9,718.79418167
2024-12-26 18:00:00,95807.9,96195.4,95436.5,96103.9,247.82070015
2024-12-26 20:00:00,96101.9,96119.5,95302.5,95813.2,332.43445832
2024-12-26 22:00:00,95813.2,95985.6,95375.5,95783.3,209.9958523
2024-12-27 00:00:00,95777.9,96245.9,95392.4,95916.1,290.43410145
2024-12-27 02:00:00,95916.1,96446.4,95700.1,96412.1,403.58100544
2024-12-27 04:00:00,96412.2,96596.4,95993.0,96250.1,212.62849439
2024-12-27 06:00:00,96250.1,96613.2,94666.1,95100.0,1627.11597469
2024-12-27 08:00:00,95099.9,97561.4,95099.9,96785.2,1191.91952646
2024-12-27 10:00:00,96785.3,97023.4,96182.6,96953.9,359.51781827
2024-12-27 12:00:00,96953.9,97044.9,96259.8,96416.2,513.22394989
2024-12-27 14:00:00,96416.1,96485.8,94012.9,94576.5,1491.21991636
2024-12-27 16:00:00,94576.7,95000.0,93500.0,94287.9,1311.47778859
2024-12-27 18:00:00,94287.9,94797.0,94210.5,94746.6,297.81408823
2024-12-27 20:00:00,94749.0,94826.6,94310.1,94533.1,453.10531421
2024-12-27 22:00:00,94533.1,94682.8,94131.0,94304.1,269.01978954
2024-12-28 00:00:00,94303.6,94618.9,94143.0,94548.8,269.92323154
2024-12-28 02:00:00,94548.9,94714.8,94281.0,94589.4,150.11547463
2024-12-28 04:00:00,94589.5,94797.0,94501.0,94624.7,124.95228639
2024-12-28 06:00:00,94624.7,94720.0,94304.0,94386.0,305.92778015
2024-12-28 08:00:00,94385.9,94685.8,94308.0,94579.2,152.96818513
2024-12-28 10:00:00,94579.2,94900.0,94491.4,94756.1,196.587876
2024-12-28 12:00:00,94755.9,94883.1,94500.0,94666.6,166.03782428
2024-12-28 14:00:00,94665.5,95331.2,94370.4,94444.1,359.04241476
2024-12-28 16:00:00,94444.1,95245.5,94394.9,95023.0,231.73839629
2024-12-28 18:00:00,95023.1,95186.9,94709.5,95040.6,179.5868856
2024-12-28 20:00:00,95040.6,95232.0,94882.6,95166.5,62.78209104
2024-12-28 22:00:00,95166.5,95750.0,95039.1,95305.3,245.87572413
2024-12-29 00:00:00,95304.1,95346.6,94810.0,94856.5,173.28475348
2024-12-29 02:00:00,94856.6,95217.8,94848.0,95168.4,214.42081708
2024-12-29 04:00:00,95172.0,95279.8,95044.0,95124.1,200.83183072
2024-12-29 06:00:00,95124.2,95300.0,94969.9,95265.9,196.93356695
2024-12-29 08:00:00,95266.0,95307.6,95043.6,95179.2,216.10585924
2024-12-29 10:00:00,95179.2,95270.7,95000.0,95020.5,243.64389928
2024-12-29 12:00:00,95020.6,95133.2,94727.0,94930.4,222.88939752
2024-12-29 14:00:00,94930.5,95236.2,94000.1,94505.4,659.79213259
2024-12-29 16:00:00,94505.5,94575.6,93583.9,93932.0,841.32576881
2024-12-29 18:00:00,93932.0,93939.9,93401.3,93612.6,525.42398648
2024-12-29 20:00:00,93612.6,93944.6,93100.3,93357.4,351.99357491
2024-12-29 22:00:00,93357.4,93864.0,93000.0,93737.6,999.26140761
2024-12-30 00:00:00,93737.6,94280.5,93361.3,93952.0,815.1233768
2024-12-30 02:00:00,93952.0,94082.8,93416.1,93721.3,382.75883399
2024-12-30 04:00:00,93721.3,93979.5,93200.0,93585.6,439.62356095
2024-12-30 06:00:00,93585.6,94054.4,93334.2,93734.9,346.61229846
2024-12-30 08:00:00,93734.9,94044.1,93664.0,93882.0,724.21111302
2024-12-30 10:00:00,93880.1,94061.2,93473.2,93930.9,293.42417076
2024-12-30 12:00:00,93930.8,94266.0,92615.0,92690.5,1321.17527024
2024-12-30 14:00:00,92690.6,93123.2,91540.0,92123.0,1807.39344073
2024-12-30 16:00:00,92122.7,94195.1,91807.0,93829.4,1018.96899055
2024-12-30 18:00:00,93829.2,94692.1,93565.2,94418.5,1337.34832782
2024-12-30 20:00:00,94418.5,95041.2,91899.9,92069.7,1162.86503536
2024-12-30 22:00:00,92069.7,93053.0,91911.1,92796.4,521.14895495
2024-12-31 00:00:00,92796.4,92906.3,92030.2,92435.7,819.35742263
2024-12-31 02:00:00,92439.5,92709.3,92243.1,92513.6,279.98269896
2024-12-31 04:00:00,92513.6,92822.6,92352.3,92602.0,324.55536614
2024-12-31 06:00:00,92602.0,93031.9,92574.7,92853.3,541.35264271
2024-12-31 08:00:00,92853.3,94744.0,92832.0,94022.9,1246.99964395
2024-12-31 10:00:00,94023.0,94300.1,93637.4,94225.4,442.91568446
2024-12-31 12:00:00,94228.8,96075.6,94228.8,95584.0,1243.0509304
2024-12-31 14:00:00,95585.2,96258.9,94931.2,95417.8,1044.59445563
2024-12-31 16:00:00,95417.9,95590.0,93200.0,94114.5,990.66639299
2024-12-31 18:00:00,94114.4,94400.6,93706.8,94170.7,328.55265507
2024-12-31 20:00:00,94170.7,94220.0,93457.1,93892.7,451.73634099
2024-12-31 22:00:00,93892.6,93892.6,93379.6,93585.1,207.46048475
2025-01-01 00:00:00,93585.0,94495.2,93500.0,93604.7,509.05687331
2025-01-01 02:00:00,93604.7,94106.1,93588.1,93835.3,151.32125422
2025-01-01 04:00:00,93835.4,93936.1,93531.2,93788.4,110.22763571
2025-01-01 06:00:00,93788.5,93811.0,93565.2,93684.0,127.19671119
2025-01-01 08:00:00,93684.0,93761.3,92888.0,93411.3,463.16628264
2025-01-01 10:00:00,93413.9,93735.8,93173.3,93456.0,389.88797705
2025-01-01 12:00:00,93456.1,94083.3,93402.6,94038.9,544.74583515
2025-01-01 14:00:00,94038.9,94527.0,93677.3,94442.9,694.13028375
2025-01-01 16:00:00,94442.9,94505.0,93740.4,94139.2,251.71564419
2025-01-01 18:00:00,94139.3,94856.6,93932.0,94629.9,230.01903226
2025-01-01 20:00:00,94630.0,95192.1,94589.3,94974.1,289.42119016
2025-01-01 22:00:00,94974.2,94999.0,94526.6,94589.5,269.26892476
2025-01-02 00:00:00,94589.5,95531.2,94390.4,94865.5,859.49963837
2025-01-02 02:00:00,94865.5,95300.0,94806.1,94996.3,434.5159936
2025-01-02 04:00:00,94996.4,96000.0,94976.0,95586.5,836.65713763
2025-01-02 06:00:00,95586.5,95886.2,95366.8,95825.9,390.28010104
2025-01-02 08:00:00,95826.0,96800.0,95632.0,96734.8,509.39453248
2025-01-02 10:00:00,96734.9,96880.0,96466.2,96739.0,423.38815546
2025-01-02 12:00:00,96739.1,96980.9,96439.5,96460.1,700.11785951
2025-01-02 14:00:00,96460.1,97428.4,95940.0,96476.5,1925.53959273
2025-01-02 16:00:00,96473.0,97655.0,96043.8,96757.7,928.82006097
2025-01-02 18:00:00,96757.8,97777.1,96395.4,97316.8,617.91084518
2025-01-02 20:00:00,97324.4,97847.6,97046.8,97212.2,322.88412538
2025-01-02 22:00:00,97212.2,97212.2,96677.6,96988.4,206.91310948
2025-01-03 00:00:00,96988.4,97075.0,96646.2,97000.1,348.89309923
2025-01-03 02:00:00,97000.1,97346.6,96834.3,97068.4,200.1065178
2025-01-03 04:00:00,97068.4,97071.4,96590.3,96757.2,185.84642859
2025-01-03 06:00:00,96757.3,96916.0,96288.1,96311.5,492.06207759
2025-01-03 08:00:00,96311.6,96705.8,96100.1,96541.9,468.23933694
2025-01-03 10:00:00,96541.9,96843.6,96398.7,96767.5,279.45342227
2025-01-03 12:00:00,96767.5,96928.2,96469.4,96508.2,310.88139061
2025-01-03 14:00:00,96508.3,97660.0,96508.3,97524.4,1043.3148775
2025-01-03 16:00:00,97525.0,98447.4,97392.5,98026.7,1113.0577103
2025-01-03 18:00:00,98026.7,98977.9,97993.3,98591.6,485.93819752
2025-01-03 20:00:00,98591.6,98779.3,98188.2,98269.5,470.18312713
2025-01-03 22:00:00,98269.5,98520.0,98078.2,98183.4,131.41834316
2025-01-04 00:00:00,98183.9,98293.6,97789.9,98035.3,264.18801971
2025-01-04 02:00:00,98035.3,98315.5,97849.9,98194.0,179.85481383
2025-01-04 04:00:00,98194.0,98207.9,97865.6,98128.3,225.62049655
2025-01-04 06:00:00,98128.4,98358.0,98043.1,98273.4,244.21663368
2025-01-04 08:00:00,98273.3,98302.1,97548.0,97695.3,293.28064987
2025-01-04 10:00:00,97695.3,97933.3,97599.9,97895.5,371.29585965
2025-01-04 12:00:00,97895.4,98093.0,97754.6,97992.9,286.12077949
2025-01-04 14:00:00,97992.9,98167.9,97527.2,97665.3,305.6655314
2025-01-04 16:00:00,97665.3,98050.0,97580.6,98021.3,122.32383008
2025-01-04 18:00:00,98021.3,98352.7,97905.7,98162.7,211.41364384
2025-01-04 20:00:00,98162.7,98785.7,98162.7,98366.5,275.30956314
2025-01-04 22:00:00,98366.6,98500.0,98151.9,98221.9,161.34185675
2025-01-05 00:00:00,98221.9,98391.8,98041.7,98131.6,93.91055898
2025-01-05 02:00:00,98131.6,98238.6,98063.0,98188.8,115.33992162
2025-01-05 04:00:00,98188.9,98532.9,98188.8,98346.4,170.07368887
2025-01-05 06:00:00,98346.4,98500.0,98260.1,98267.2,196.60890816
2025-01-05 08:00:00,98267.2,98267.3,97626.5,97651.3,367.20231062
2025-01-05 10:00:00,97651.3,97829.1,97577.0,97642.0,151.38730452
2025-01-05 12:00:00,97642.1,98021.7,97561.7,97695.3,225.25757559
2025-01-05 14:00:00,97695.4,98276.8,97260.8,98029.8,346.31995644
2025-01-05 16:00:00,98029.8,98332.0,97650.7,97735.4,176.29808272
2025-01-05 18:00:00,97735.4,98128.0,97561.9,98078.3,105.97771808
2025-01-05 20:00:00,98078.4,98676.4,98024.9,98490.6,171.88433313
2025-01-05 22:00:00,98490.7,98842.4,98317.3,98363.9,231.22227559
2025-01-06 00:00:00,98363.9,98823.3,97924.0,98757.9,371.88060016
2025-01-06 02:00:00,98758.0,99300.0,98642.6,99035.1,617.47914453
2025-01-06 04:00:00,99035.1,99900.0,99035.1,99610.1,474.66831563
2025-01-06 06:00:00,99610.1,99759.0,99165.5,99317.5,447.17742869
2025-01-06 08:00:00,99317.5,99632.7,98954.3,99000.0,314.5634675
2025-01-06 10:00:00,99000.0,99400.0,98700.0,99259.5,333.8711021
2025-01-06 12:00:00,99259.5,99723.9,98904.5,99498.7,373.01501625
2025-01-06 14:00:00,99498.7,102476.0,98706.7,102149.4,2514.0340619
2025-01-06 16:00:00,102149.9,102479.3,101224.8,101830.9,983.82957278
2025-01-06 18:00:00,101830.9,102055.2,101533.7,101807.2,302.20163768
2025-01-06 20:00:00,101807.2,102330.0,101579.6,101607.8,893.32941201
2025-01-06 22:00:00,101607.8,102240.0,101601.2,102230.6,220.74238238
2025-01-07 00:00:00,102224.5,102750.0,101688.2,101906.9,370.86169655
2025-01-07 02:00:00,101907.0,102018.7,101508.0,101703.1,249.80685367
2025-01-07 04:00:00,101703.2,101932.1,101580.3,101732.4,284.71622278
2025-01-07 06:00:00,101732.4,102020.4,101627.7,101675.8,354.14034647
2025-01-07 08:00:00,101675.8,101999.9,101614.0,101723.2,293.64020675
2025-01-07 10:00:00,101723.3,101723.3,100484.6,100844.1,761.52936107
2025-01-07 12:00:00,100844.1,100966.6,100611.2,100638.0,445.48990609
2025-01-07 14:00:00,100638.0,100880.5,97097.6,97942.8,3554.91564525
2025-01-07 16:00:00,97952.2,98352.2,96567.0,97273.4,1402.23924671
2025-01-07 18:00:00,97268.5,97546.8,96300.1,96451.9,769.85312031
2025-01-07 20:00:00,96451.9,97093.2,96176.6,96501.1,582.21936154
2025-01-07 22:00:00,96501.1,97215.5,96403.0,96957.9,340.17147125
2025-01-08 00:00:00,96958.0,97290.7,96614.9,96909.9,503.16931095
2025-01-08 02:00:00,96910.0,97177.6,96230.1,96526.8,645.67096354
2025-01-08 04:00:00,96526.8,96650.0,96041.2,96483.5,664.76317618
2025-01-08 06:00:00,96484.4,96639.9,95183.0,95658.8,1539.39538686
2025-01-08 08:00:00,95658.8,96148.4,95404.4,95430.8,327.62934119
2025-01-08 10:00:00,95429.5,96058.5,94529.0,95140.5,907.10933693
2025-01-08 12:00:00,95136.5,95682.7,94858.9,95388.1,556.80225604
2025-01-08 14:00:00,95388.0,96081.9,94626.5,95481.4,985.95069975
2025-01-08 16:00:00,95481.5,95497.5,92500.2,94021.9,1813.45431932
2025-01-08 18:00:00,94021.9,95108.7,93752.1,94247.3,665.81471971
2025-01-08 20:00:00,94248.5,94581.9,93600.0,94460.5,516.14457549
2025-01-08 22:00:00,94460.6,95298.0,94451.4,95037.0,368.89955341
2025-01-09 00:00:00,95042.7,95391.9,94800.1,94990.4,280.04012843
2025-01-09 02:00:00,94990.5,95036.8,93436.4,94022.3,1056.50353445
2025-01-09 04:00:00,94022.3,94566.0,93798.3,94472.0,245.94461476
2025-01-09 06:00:00,94472.0,94625.0,93200.0,93228.3,1262.84325334
2025-01-09 08:00:00,93228.3,93734.6,92751.6,93514.1,925.5710047
2025-01-09 10:00:00,93514.1,93878.0,93023.3,93466.6,264.17318777
2025-01-09 12:00:00,93466.6,93695.4,91896.0,91985.1,810.67880856
2025-01-09 14:00:00,91985.1,94590.2,91800.0,94247.1,1221.95895722
2025-01-09 16:00:00,94247.1,94694.1,92325.8,92690.0,901.0091826
2025-01-09 18:00:00,92690.0,93297.4,91900.0,91912.7,710.49515408
2025-01-09 20:00:00,91910.0,92493.1,91200.0,92113.4,1099.06909946
2025-01-09 22:00:00,92108.4,92722.8,91621.6,92553.1,380.8403967
2025-01-10 00:00:00,92553.0,93170.7,92459.7,93109.0,339.82875576
2025-01-10 02:00:00,93109.0,93737.8,93043.5,93720.1,410.56956437
2025-01-10 04:00:00,93720.1,94265.0,93500.9,93968.9,364.69908513
2025-01-10 06:00:00,93968.9,94990.0,93733.4,94498.1,755.5417248
2025-01-10 08:00:00,94498.0,94981.0,94382.1,94787.6,349.75222783
2025-01-10 10:00:00,94787.7,95264.4,94560.0,95065.4,898.40107592
2025-01-10 12:00:00,95066.2,95125.2,92718.5,93548.6,1817.85800246
2025-01-10 14:00:00,93541.6,94687.5,92222.0,93734.9,2314.43834337
2025-01-10 16:00:00,93735.0,95853.1,93185.4,95814.2,956.27092575
2025-01-10 18:00:00,95814.1,95814.1,94400.0,95323.0,694.30207382
2025-01-10 20:00:00,95323.0,95448.4,94589.3,94615.7,358.4833697
2025-01-10 22:00:00,94619.2,94975.0,94583.0,94726.5,141.27105729
2025-01-11 00:00:00,94724.5,94746.2,94217.3,94431.1,170.33377895
2025-01-11 02:00:00,94431.2,94506.9,94100.0,94209.7,316.92781363
2025-01-11 04:00:00,94209.7,94385.3,93829.6,94365.0,186.20302712
2025-01-11 06:00:00,94365.0,94437.6,94143.0,94253.6,104.9028654
2025-01-11 08:00:00,94252.5,94401.8,94029.8,94332.6,141.54863473
2025-01-11 10:00:00,94332.7,94798.0,94301.5,94625.6,191.65332386
2025-01-11 12:00:00,94625.7,94650.0,94334.7,94391.3,178.14850509
2025-01-11 14:00:00,94391.3,94644.2,94300.0,94413.0,166.01732459
2025-01-11 16:00:00,94412.9,94722.1,93968.9,94155.1,253.07659636
2025-01-11 18:00:00,94155.2,94339.9,94077.6,94245.4,99.33164853
2025-01-11 20:00:00,94245.4,95029.6,94188.5,94940.9,148.6076342
2025-01-11 22:00:00,94940.9,95039.2,94546.5,94612.5,98.04024785
2025-01-12 00:00:00,94612.5,94668.6,94300.1,94579.7,112.84391127
2025-01-12 02:00:00,94579.7,94725.6,94416.2,94629.1,83.4659526
2025-01-12 04:00:00,94629.1,94663.0,94500.2,94573.9,54.09181309
2025-01-12 06:00:00,94573.9,94618.4,94244.3,94332.7,129.13289697
2025-01-12 08:00:00,94332.7,94397.3,93711.8,93905.9,196.9246517
2025-01-12 10:00:00,93905.4,94359.6,93830.0,94261.7,140.46976028
2025-01-12 12:00:00,94257.9,94734.2,94173.5,94671.5,303.68195829
2025-01-12 14:00:00,94671.5,95465.0,94671.5,95073.9,436.90302607
2025-01-12 16:00:00,95073.9,95274.2,94801.6,95131.7,160.26726995
2025-01-12 18:00:00,95129.5,95309.9,94563.5,94657.0,109.26125385
2025-01-12 20:00:00,94657.0,94808.5,94300.0,94347.5,143.49862818
2025-01-12 22:00:00,94345.7,94566.0,93800.0,94549.9,275.40932917
2025-01-13 00:00:00,94549.9,95947.2,94084.2,94221.8,935.96274647
2025-01-13 02:00:00,94219.0,94509.4,93900.0,94264.0,321.20637829
2025-01-13 04:00:00,94264.1,94920.0,94037.2,94171.2,314.65748818
2025-01-13 06:00:00,94171.3,94341.8,93266.6,93592.7,447.60038494
2025-01-13 08:00:00,93592.6,93656.7,92650.0,92846.5,553.77353979
2025-01-13 10:00:00,92845.1,92888.0,90833.1,90872.3,3094.41796409
2025-01-13 12:00:00,90872.3,91777.0,90300.0,91100.0,2943.4553825
2025-01-13 14:00:00,91100.0,93096.9,89111.0,92123.5,3173.25537327
2025-01-13 16:00:00,92123.6,92304.7,91242.5,91980.1,898.58068511
2025-01-13 18:00:00,91980.1,92535.9,91591.8,92303.8,554.74845502
2025-01-13 20:00:00,92314.2,94474.3,91900.1,94201.1,773.37319392
2025-01-13 22:00:00,94201.2,94724.8,94147.4,94538.5,504.17988804
2025-01-14 00:00:00,94538.6,95050.0,94350.0,94839.3,571.03757549
2025-01-14 02:00:00,94839.3,95293.5,94740.1,94869.1,679.77706314
2025-01-14 04:00:00,94869.1,95492.4,94836.0,94923.9,382.52660356
2025-01-14 06:00:00,94923.9,95173.8,94742.6,94866.5,370.18051319
2025-01-14 08:00:00,94866.4,97384.0,94866.0,97173.4,2089.86761472
2025-01-14 10:00:00,97173.5,97200.0,96337.6,96548.6,809.95010394
2025-01-14 12:00:00,96548.6,97292.4,95759.5,96336.0,1346.42078267
2025-01-14 14:00:00,96336.1,97292.3,96029.0,96475.7,1142.37454335
2025-01-14 16:00:00,96475.7,96565.7,95340.1,96529.5,842.38165451
2025-01-14 18:00:00,96526.9,97110.1,96292.0,96545.1,543.1619081
2025-01-14 20:00:00,96539.1,96926.9,96141.0,96480.3,371.63658245
2025-01-14 22:00:00,96482.1,96786.4,96451.3,96559.9,146.54527515
2025-01-15 00:00:00,96560.0,97557.1,96500.0,97338.2,865.98901709
2025-01-15 02:00:00,97341.9,97457.9,96745.6,97317.1,338.20508561
2025-01-15 04:00:00,97317.1,97720.6,96748.0,97040.0,503.68960422
2025-01-15 06:00:00,97040.0,97593.7,96862.1,97294.9,334.75241845
2025-01-15 08:00:00,97294.9,97533.9,96763.1,96825.3,450.26776234
2025-01-15 10:00:00,96825.3,97146.3,96531.1,96771.2,384.31679254
2025-01-15 12:00:00,96771.2,99032.0,96547.1,98959.9,1459.25568207
2025-01-15 14:00:00,98959.9,99773.0,98616.7,98985.9,1589.96218346
2025-01-15 16:00:00,98985.8,99480.0,98602.7,98644.2,583.30477327
2025-01-15 18:00:00,98644.2,99967.0,98644.2,99846.0,700.545054
2025-01-15 20:00:00,99846.1,100687.0,99416.9,99679.0,841.00676822
2025-01-15 22:00:00,99679.0,100500.0,99552.1,100497.0,404.54672176
2025-01-16 00:00:00,100495.2,100880.0,99658.5,100074.5,843.00394492
2025-01-16 02:00:00,100081.2,100129.3,99162.9,99470.4,511.48973196
2025-01-16 04:00:00,99470.4,99699.9,99358.5,99382.0,199.47018546
2025-01-16 06:00:00,99382.1,99909.2,99312.0,99814.0,434.90431828
2025-01-16 08:00:00,99812.9,99831.7,98632.0,99153.3,814.21029177
2025-01-16 10:00:00,99153.4,99427.5,98726.0,99156.1,424.28464566
2025-01-16 12:00:00,99156.0,99517.6,98766.0,99081.9,686.04633133
2025-01-16 14:00:00,99081.9,99391.5,97311.1,99299.9,1604.91290819
2025-01-16 16:00:00,99299.9,100372.3,99063.4,99835.6,1335.41746792
2025-01-16 18:00:00,99829.3,100443.9,99250.0,100415.1,610.68400353
2025-01-16 20:00:00,100415.2,100642.0,99701.3,100155.3,672.35115831
2025-01-16 22:00:00,100155.3,100155.3,99351.4,99990.8,268.5104004
2025-01-17 00:00:00,99990.9,101857.3,99950.1,101658.4,1270.0518567
2025-01-17 02:00:00,101659.7,102164.0,100782.3,101047.1,945.45990115
2025-01-17 04:00:00,101047.1,101769.9,100950.4,101345.7,425.32526079
2025-01-17 06:00:00,101341.6,101893.7,101306.3,101430.2,566.01050568
2025-01-17 08:00:00,101430.2,102299.9,101430.2,101856.6,813.84925045
2025-01-17 10:00:00,101855.1,102597.7,101800.0,102229.8,913.04778261
2025-01-17 12:00:00,102229.8,102974.0,102193.6,102478.5,902.52008302
2025-01-17 14:00:00,102478.5,104248.3,102273.0,104013.6,1864.77832918
2025-01-17 16:00:00,104013.6,105300.0,103835.0,104143.8,1695.72582952
2025-01-17 18:00:00,104143.9,105845.7,104046.7,105838.0,1598.43172458
2025-01-17 20:00:00,105840.0,105847.4,104470.8,104610.1,1352.30536422
2025-01-17 22:00:00,104610.1,104700.0,104080.0,104084.4,345.37975354
2025-01-18 00:00:00,104084.5,104666.0,104077.2,104262.3,341.39073984
2025-01-18 02:00:00,104262.4,104501.9,103046.1,103589.2,706.57369565
2025-01-18 04:00:00,103589.2,103783.1,102670.4,102831.1,808.17350011
2025-01-18 06:00:00,102831.2,103664.5,102600.1,102827.7,1008.04099166
2025-01-18 08:00:00,102827.5,103461.5,102288.0,103162.2,600.38277464
2025-01-18 10:00:00,103162.2,103896.7,102844.3,103592.1,560.29388584
2025-01-18 12:00:00,103592.1,104400.0,103128.3,104365.5,473.4926717
2025-01-18 14:00:00,104365.6,104984.0,103720.2,104561.4,683.39402422
2025-01-18 16:00:00,104561.4,104719.5,103148.1,103817.9,717.22310772
2025-01-18 18:00:00,103817.9,104486.4,103778.1,104384.9,316.8896604
2025-01-18 20:00:00,104384.9,104496.0,103752.2,103893.2,612.65941709
2025-01-18 22:00:00,103893.1,104750.0,103866.6,104551.6,308.41340265
2025-01-19 00:00:00,104551.6,104680.0,104010.3,104487.3,314.45492991
2025-01-19 02:00:00,104487.4,105458.0,104479.1,104977.9,641.24920212
2025-01-19 04:00:00,104977.9,105257.6,104260.0,105117.2,652.09554147
2025-01-19 06:00:00,105117.2,105633.9,104957.1,105164.9,841.52785083
2025-01-19 08:00:00,105164.9,105462.0,103426.7,105297.3,1329.15900603
2025-01-19 10:00:00,105299.9,105364.1,104203.4,104365.0,906.54308503
2025-01-19 12:00:00,104365.1,105332.0,104308.1,104977.3,914.08958469
2025-01-19 14:00:00,104977.3,105730.7,104513.7,104933.5,1066.35904923
2025-01-19 16:00:00,104933.5,105223.5,104523.5,105114.7,494.20207665
2025-01-19 18:00:00,105114.7,106235.6,104908.0,106217.0,495.2177432
2025-01-19 20:00:00,106216.9,106448.6,103679.3,103679.5,1472.49316621
2025-01-19 22:00:00,103679.4,104500.0,99639.4,101334.0,4744.07355407
2025-01-20 00:00:00,101334.0,101666.6,99526.4,100686.1,2643.85462168
2025-01-20 02:00:00,100691.6,102343.5,100603.8,101919.6,1270.26517013
2025-01-20 04:00:00,101903.0,102832.8,101550.0,102354.9,1125.5879879
2025-01-20 06:00:00,102355.0,109800.0,102233.1,107148.3,6830.61780256
2025-01-20 08:00:00,107156.4,109222.2,107109.3,108158.1,1874.0807635
2025-01-20 10:00:00,108158.2,108772.3,107791.9,108245.1,1157.21836432
2025-01-20 12:00:00,108245.2,108716.1,105511.3,107963.9,2301.91699125
2025-01-20 14:00:00,107964.0,108153.7,104486.1,104940.7,1765.10503598
2025-01-20 16:00:00,104950.3,107040.7,100555.1,102951.9,7029.9839177
2025-01-20 18:00:00,102955.9,104500.0,102727.3,103681.2,1385.39343286
2025-01-20 20:00:00,103681.7,104350.4,102567.0,102603.7,725.80279065
2025-01-20 22:00:00,102595.0,103824.4,101723.7,102264.3,1105.97584291
2025-01-21 00:00:00,102263.9,102673.0,100111.0,101492.0,1989.12460735
2025-01-21 02:00:00,101495.9,103250.0,101058.3,102922.6,1057.30616928
2025-01-21 04:00:00,102922.6,102967.8,101298.3,101364.3,1238.87810294
2025-01-21 06:00:00,101374.4,102480.6,101107.2,101994.8,1622.47432329
2025-01-21 08:00:00,101994.8,102913.8,101733.2,102704.8,646.98446491
2025-01-21 10:00:00,102704.8,103969.5,102563.4,103750.1,1089.50709995
2025-01-21 12:00:00,103750.1,104972.1,103605.0,104447.9,943.47973215
2025-01-21 14:00:00,104448.0,105312.5,102800.0,103954.2,1664.14940377
2025-01-21 16:00:00,103954.2,106553.1,103816.1,106181.9,2977.89126216
2025-01-21 18:00:00,106181.9,107285.8,105874.8,107022.0,1376.00695851
2025-01-21 20:00:00,107022.1,107200.0,105753.2,106776.6,1517.65278264
2025-01-21 22:00:00,106775.4,106784.0,105425.3,106150.1,739.13618007
2025-01-22 00:00:00,106150.1,106416.3,105446.6,105807.0,609.59695985
2025-01-22 02:00:00,105806.9,106200.0,105532.0,105607.0,491.36713122
2025-01-22 04:00:00,105607.0,105861.3,105290.5,105701.8,602.31348286
2025-01-22 06:00:00,105701.9,105956.2,105037.8,105071.3,598.44710514
2025-01-22 08:00:00,105071.3,105361.7,104700.0,104987.8,467.39053
2025-01-22 10:00:00,104987.8,105466.2,104628.6,105103.4,529.99406887
2025-01-22 12:00:00,105107.0,105610.9,103811.5,104065.2,742.75070221
2025-01-22 14:00:00,104074.0,105155.5,103638.5,104188.0,1196.42225197
2025-01-22 16:00:00,104189.0,104600.0,103308.3,104333.3,1214.09946988
2025-01-22 18:00:00,104328.2,104759.2,103745.8,104631.6,511.78471089
2025-01-22 20:00:00,104631.7,104822.9,103625.8,104080.8,726.28279368
2025-01-22 22:00:00,104081.1,104513.4,103657.8,103704.1,274.33841099
2025-01-23 00:00:00,103704.2,103821.9,102585.0,102943.2,635.16253285
2025-01-23 02:00:00,102943.2,103000.0,102109.5,102455.6,717.34183077
2025-01-23 04:00:00,102455.6,102637.4,101500.0,102530.5,821.97608661
2025-01-23 06:00:00,102530.4,102968.0,102058.0,102709.5,487.47367033
2025-01-23 08:00:00,102709.4,102711.6,101642.9,101660.0,474.9415442
2025-01-23 10:00:00,101660.0,102190.5,101233.0,101943.6,556.53911136
2025-01-23 12:00:00,101943.6,102705.8,101322.3,102508.0,604.44911532
2025-01-23 14:00:00,102507.9,106062.1,101982.1,105272.7,4779.25533173
2025-01-23 16:00:00,105272.9,106863.1,104205.2,105930.0,2406.9482015
2025-01-23 18:00:00,105932.1,106156.1,103359.4,103766.6,1252.56073281
2025-01-23 20:00:00,103766.6,106415.3,102213.2,103073.0,5098.3966803
2025-01-23 22:00:00,103076.5,104738.1,102967.7,103914.8,927.33783961
2025-01-24 00:00:00,103914.8,104171.9,103076.0,103244.6,516.43072881
2025-01-24 02:00:00,103244.7,104311.0,102750.0,103897.1,753.42301206
2025-01-24 04:00:00,103897.1,105277.5,103802.2,105229.0,661.99679786
2025-01-24 06:00:00,105229.0,105360.0,104624.0,105041.3,716.42992413
2025-01-24 08:00:00,105041.3,105763.3,104916.7,105158.1,606.38906586
2025-01-24 10:00:00,105156.2,105565.4,105050.0,105422.3,349.7651639
2025-01-24 12:00:00,105424.6,105799.0,104973.4,105114.2,462.06203692
2025-01-24 14:00:00,105114.2,106333.3,104658.7,105862.2,848.07443465
2025-01-24 16:00:00,105862.1,106700.0,105583.1,106468.5,797.0940909
2025-01-24 18:00:00,106468.5,107146.3,105686.7,105766.4,799.73700553
2025-01-24 20:00:00,105766.3,105774.4,104728.1,105117.3,639.1555193
2025-01-24 22:00:00,105117.3,105499.7,104416.1,104866.1,449.39457477
2025-01-25 00:00:00,104866.2,104866.2,104352.9,104736.9,325.53103575
2025-01-25 02:00:00,104736.9,105290.5,104460.0,105216.1,298.0919575
2025-01-25 04:00:00,105216.1,105216.7,104250.0,104369.4,328.50739902
2025-01-25 06:00:00,104369.4,104530.4,104218.1,104399.9,216.73289212
2025-01-25 08:00:00,104399.8,104500.0,104120.1,104361.8,145.22912509
2025-01-25 10:00:00,104361.8,104721.3,104106.1,104672.2,203.57162825
2025-01-25 12:00:00,104672.1,104873.9,104450.0,104714.1,195.99752953
2025-01-25 14:00:00,104714.2,105132.8,104451.4,104897.2,263.85733917
2025-01-25 16:00:00,104897.3,104988.7,104433.2,104891.6,322.00592727
2025-01-25 18:00:00,104891.6,105300.0,104819.9,105042.7,308.01163807
2025-01-25 20:00:00,105042.8,105193.2,104855.3,105092.2,154.42934944
2025-01-25 22:00:00,105092.3,105253.2,104685.0,104740.3,181.48884197
2025-01-26 00:00:00,104740.3,104843.3,104510.1,104617.8,147.14078565
2025-01-26 02:00:00,104617.8,105243.6,104520.0,105059.9,244.89335149
2025-01-26 04:00:00,105060.0,105526.6,104972.1,105094.1,177.58297376
2025-01-26 06:00:00,105094.2,105116.3,104917.9,104993.7,140.57268874
2025-01-26 08:00:00,104993.6,105227.1,104429.1,104621.4,286.39269092
2025-01-26 10:00:00,104621.5,104862.0,104486.0,104820.0,186.26042629
2025-01-26 12:00:00,104820.1,105057.1,104700.3,104953.9,145.23929053
2025-01-26 14:00:00,104953.9,105109.7,104791.5,104972.6,121.65928965
2025-01-26 16:00:00,104972.5,105061.9,104900.0,104946.4,105.49501283
2025-01-26 18:00:00,104946.4,105270.4,104901.4,105081.6,134.1520215
2025-01-26 20:00:00,105081.7,105204.0,104547.2,104561.5,133.85610289
2025-01-26 22:00:00,104560.1,104715.2,102500.0,102604.5,1283.44410036
2025-01-27 00:00:00,102600.7,103272.2,101156.1,101300.0,1506.63944263
2025-01-27 02:00:00,101300.0,101854.0,100696.6,101388.9,1276.81931056
2025-01-27 04:00:00,101389.0,101397.8,99718.0,100366.6,1983.94957702
2025-01-27 06:00:00,100366.6,100487.2,97751.6,99036.4,2633.07257086
2025-01-27 08:00:00,99036.1,99531.9,98684.0,99421.5,1060.86476956
2025-01-27 10:00:00,99421.5,99457.0,98273.6,98753.0,824.90944081
2025-01-27 12:00:00,98753.0,101650.0,98708.1,100491.4,2058.58837535
2025-01-27 14:00:00,100491.3,102349.0,100101.8,101101.3,1959.14428566
2025-01-27 16:00:00,101101.3,101246.9,99045.1,99157.3,1574.74591284
2025-01-27 18:00:00,99153.7,99953.8,98859.0,99699.9,703.18358008
2025-01-27 20:00:00,99699.8,102438.9,99609.2,101342.5,1230.94755866
2025-01-27 22:00:00,101342.6,102170.2,101274.4,102076.1,477.37244029
2025-01-28 00:00:00,102076.1,102903.3,101358.8,101371.8,761.63146481
2025-01-28 02:00:00,101371.7,102899.0,101333.4,102627.5,619.48654836
2025-01-28 04:00:00,102627.6,103373.6,102600.9,103010.1,603.02792633
2025-01-28 06:00:00,103010.0,103333.2,102525.8,102794.9,574.94295069
2025-01-28 08:00:00,102795.0,103041.2,102381.2,102966.9,512.15213644
2025-01-28 10:00:00,102966.8,103200.5,102560.1,102761.6,496.60719061
2025-01-28 12:00:00,102761.6,102995.8,102466.9,102601.2,300.45748853
2025-01-28 14:00:00,102601.2,103848.0,101812.3,102776.8,1668.28442199
2025-01-28 16:00:00,102776.7,103108.2,101921.2,102570.7,1196.08135468
2025-01-28 18:00:00,102570.6,103114.5,101818.1,102428.4,664.86405134
2025-01-28 20:00:00,102427.9,102535.8,100274.5,100332.7,823.3906709
2025-01-28 22:00:00,100327.5,101447.1,100274.4,101349.3,446.98756687
2025-01-29 00:00:00,101345.2,101998.0,101331.0,101841.9,322.52276969
2025-01-29 02:00:00,101842.0,102318.5,101690.1,102043.2,256.0295176
2025-01-29 04:00:00,102043.3,102379.8,101961.9,102263.7,241.93519052
2025-01-29 06:00:00,102265.4,102857.9,102235.1,102749.9,386.6623346
2025-01-29 08:00:00,102749.9,103008.0,102308.0,102334.4,532.13076241
2025-01-29 10:00:00,102334.4,102806.0,102194.7,102629.9,177.74931127
2025-01-29 12:00:00,102629.9,102815.0,101681.4,101832.0,499.82918528
2025-01-29 14:00:00,101830.8,102534.5,101580.7,101975.5,613.07306296
2025-01-29 16:00:00,101975.5,102810.8,101676.3,102413.1,501.71387758
2025-01-29 18:00:00,102413.1,104049.8,101416.9,103593.6,2203.86795621
2025-01-29 20:00:00,103595.9,104795.1,102855.4,103744.3,1360.62907488
2025-01-29 22:00:00,103742.2,104360.0,103400.0,103733.3,397.21897724
2025-01-30 00:00:00,103735.3,104551.8,103282.8,104264.8,514.6453771
2025-01-30 02:00:00,104264.8,105314.2,103989.1,105200.6,718.24114154
2025-01-30 04:00:00,105200.0,105617.2,104817.1,105395.7,637.32544034
2025-01-30 06:00:00,105395.7,105586.8,104825.0,105142.7,478.99822728
2025-01-30 08:00:00,105142.7,105553.4,104932.0,105418.1,442.75680255
2025-01-30 10:00:00,105418.1,105431.8,105049.9,105302.3,513.98281242
2025-01-30 12:00:00,105302.2,105355.0,104844.8,104884.4,489.17707875
2025-01-30 14:00:00,104884.3,106450.3,104660.1,105564.0,2028.07360308
2025-01-30 16:00:00,105564.0,106000.0,104900.1,105292.7,722.88890825
2025-01-30 18:00:00,105292.7,105776.1,104750.0,105706.1,534.3464799
2025-01-30 20:00:00,105709.3,105817.9,104793.1,105045.9,623.4514558
2025-01-30 22:00:00,105046.0,105349.9,104684.7,104727.2,144.19069951
2025-01-31 00:00:00,104727.2,105037.5,104401.4,104728.4,385.3282782
2025-01-31 02:00:00,104728.4,104863.9,103900.0,104322.1,561.03584917
2025-01-31 04:00:00,104324.3,104551.2,103963.8,104318.0,233.48157296
2025-01-31 06:00:00,104318.1,104807.0,104015.8,104194.6,721.57950251
2025-01-31 08:00:00,104194.5,104337.1,103907.5,104252.0,406.08145409
2025-01-31 10:00:00,104252.0,104850.0,104076.9,104729.2,359.60688593
2025-01-31 12:00:00,104729.3,105024.1,104551.3,104663.6,367.01283575
2025-01-31 14:00:00,104663.7,106000.0,104106.1,105438.0,1829.83746831
2025-01-31 16:00:00,105437.9,105574.6,104536.9,104581.2,522.99347606
2025-01-31 18:00:00,104581.2,104820.0,102112.2,102294.3,1919.76343851
2025-01-31 20:00:00,102293.9,102300.0,101542.4,102143.7,1478.69374827
2025-01-31 22:00:00,102143.7,102490.7,101950.0,102439.9,637.28438866
2025-02-01 00:00:00,102440.0,102772.7,102206.1,102567.4,335.7914408
2025-02-01 02:00:00,102567.4,102788.0,102188.9,102240.9,322.84357997
2025-02-01 04:00:00,102240.9,102593.0,102102.0,102494.7,391.31952634
2025-02-01 06:00:00,102494.7,102572.0,102165.0,102172.4,188.08685918
2025-02-01 08:00:00,102173.1,102282.9,101389.6,101675.3,900.9603962
2025-02-01 10:00:00,101676.0,102100.0,101624.7,102030.0,310.20856604
2025-02-01 12:00:00,102030.1,102329.3,101820.0,101868.5,200.10226649
2025-02-01 14:00:00,101868.5,102185.9,101726.5,102074.3,202.74230069
2025-02-01 16:00:00,102074.2,102289.0,101860.0,102260.2,184.994555
2025-02-01 18:00:00,102260.3,102275.8,101448.2,101673.6,157.45315374
2025-02-01 20:00:00,101673.5,101673.6,100959.3,101194.7,416.0948543
2025-02-01 22:00:00,101192.0,101424.9,100270.0,100633.2,886.62006828
2025-02-02 00:00:00,100633.1,101461.7,100492.7,101237.1,381.80717435
2025-02-02 02:00:00,101239.8,101264.8,99155.8,99197.3,1247.30047599
2025-02-02 04:00:00,99197.3,100342.8,99026.5,100254.8,566.57691147
2025-02-02 06:00:00,100254.9,100500.0,99600.0,99640.0,363.44797722
2025-02-02 08:00:00,99640.0,100114.6,99321.0,99683.7,374.5628217
2025-02-02 10:00:00,99683.6,99693.1,98619.7,98873.5,624.45176995
2025-02-02 12:00:00,98873.4,99160.0,98170.0,98801.0,639.16824534
2025-02-02 14:00:00,98801.0,99437.5,98705.0,99348.2,521.78061403
2025-02-02 16:00:00,99348.2,99369.8,97013.2,97237.5,1504.48249906
2025-02-02 18:00:00,97244.2,98745.0,96825.0,98258.1,1131.98547196
2025-02-02 20:00:00,98262.8,98620.9,96560.1,97030.8,761.05802544
2025-02-02 22:00:00,97030.9,98029.9,96137.6,97698.9,1378.63354429
2025-02-03 00:00:00,97698.9,97779.2,91900.1,93477.6,6739.8314406
2025-02-03 02:00:00,93449.9,94986.0,91182.6,94045.1,7946.46611963
2025-02-03 04:00:00,94045.2,94496.4,92645.4,94200.0,1544.582771
2025-02-03 06:00:00,94200.0,95413.8,93640.2,95314.0,1187.43351659
2025-02-03 08:00:00,95316.7,95938.6,94850.1,95274.0,985.96635062
2025-02-03 10:00:00,95274.0,95720.9,94756.0,95113.0,724.62382801
2025-02-03 12:00:00,95113.1,95612.2,94365.8,94659.7,1005.74155194
2025-02-03 14:00:00,94659.7,99490.0,94104.5,98831.9,3738.2900888
2025-02-03 16:00:00,98832.0,99310.0,98011.0,99190.8,1370.70048887
2025-02-03 18:00:00,99187.9,101888.0,98940.1,101887.9,1800.88238376
2025-02-03 20:00:00,101887.9,101983.0,100927.8,101800.0,1491.62660263
2025-02-03 22:00:00,101803.0,102500.0,101258.3,101337.5,1052.28571916
2025-02-04 00:00:00,101337.6,101743.9,100751.6,101385.5,624.12845648
2025-02-04 02:00:00,101385.7,101440.0,100549.9,100629.3,565.8189339
2025-02-04 04:00:00,100629.3,100779.3,98253.1,98890.0,1790.71370004
2025-02-04 06:00:00,98891.0,99650.0,98325.0,98450.0,1173.61651498
2025-02-04 08:00:00,98450.1,98820.9,97843.9,98345.1,865.78117865
2025-02-04 10:00:00,98345.1,99430.7,98339.9,98974.5,418.63004469
2025-02-04 12:00:00,98974.6,99800.0,98956.5,99016.0,517.40626555
2025-02-04 14:00:00,99016.1,100416.5,98272.8,99355.3,1543.09571514
2025-02-04 16:00:00,99357.6,99949.9,98829.9,99172.6,553.62740531
2025-02-04 18:00:00,99172.7,100780.9,98779.6,98864.0,1170.37352964
2025-02-04 20:00:00,98866.0,99453.5,96420.2,96505.9,2350.42272364
2025-02-04 22:00:00,96505.9,98238.3,96136.2,97767.9,732.36673116
2025-02-05 00:00:00,97768.0,98941.3,97684.1,97834.0,650.25381402
2025-02-05 02:00:00,97834.1,98323.9,97142.1,98052.1,935.62164793
2025-02-05 04:00:00,98052.2,98350.0,97688.1,98145.2,458.28803831
2025-02-05 06:00:00,98145.3,98229.1,97358.1,97875.9,723.38698172
2025-02-05 08:00:00,97873.9,98045.9,97275.0,97420.0,364.10660966
2025-02-05 10:00:00,97419.9,98239.5,97372.1,98208.8,519.15594675
2025-02-05 12:00:00,98208.9,98722.6,97955.2,98574.0,622.77944113
2025-02-05 14:00:00,98573.9,99166.6,97762.2,98114.6,749.33212247
2025-02-05 16:00:00,98114.6,98300.0,97320.1,97554.9,583.25039449
2025-02-05 18:00:00,97555.0,97709.1,96500.0,97377.2,797.0392117
2025-02-05 20:00:00,97377.3,97725.0,96760.3,96920.3,475.93153073
2025-02-05 22:00:00,96920.3,97055.1,96156.0,96616.1,533.53250832
2025-02-06 00:00:00,96615.7,97225.0,96439.9,97160.0,347.15530945
2025-02-06 02:00:00,97160.0,97499.8,97055.9,97348.0,419.55708988
2025-02-06 04:00:00,97348.1,97884.7,97270.1,97829.4,261.60548228
2025-02-06 06:00:00,97829.5,98440.0,97708.0,98205.0,438.84689762
2025-02-06 08:00:00,98205.0,98738.6,97915.5,98619.6,606.57187845
2025-02-06 10:00:00,98619.7,99132.2,98410.4,98873.9,732.95478114
2025-02-06 12:00:00,98874.0,99044.7,98170.7,98609.8,519.18469221
2025-02-06 14:00:00,98609.9,98921.6,96934.0,97338.6,1161.49324621
2025-02-06 16:00:00,97338.7,97546.5,96386.0,96711.9,803.97953475
2025-02-06 18:00:00,96711.8,96923.1,95680.0,95984.7,963.96683081
2025-02-06 20:00:00,95984.7,97083.3,95798.6,96808.9,387.73811349
2025-02-06 22:00:00,96810.3,96961.3,96173.9,96554.7,285.54082739
2025-02-07 00:00:00,96554.8,97835.0,96409.1,97400.1,406.35201598
2025-02-07 02:00:00,97400.1,97765.6,97076.4,97465.7,351.46770995
2025-02-07 04:00:00,97464.1,97893.3,97138.5,97356.0,302.61911358
2025-02-07 06:00:00,97356.0,97370.0,96587.1,96754.5,746.03689813
2025-02-07 08:00:00,96754.6,97398.6,96611.7,97290.5,347.9603843
2025-02-07 10:00:00,97290.6,97759.2,97246.5,97749.0,400.73275465
2025-02-07 12:00:00,97748.9,98850.0,97165.0,98825.8,1476.17577417
2025-02-07 14:00:00,98825.8,100149.8,97610.7,98302.1,3115.62383454
2025-02-07 16:00:00,98305.1,98595.7,97100.4,97436.0,1160.28905184
2025-02-07 18:00:00,97436.1,98368.4,96871.4,96900.4,588.1513846
2025-02-07 20:00:00,96900.0,96939.6,95601.0,96009.6,1325.91883247
2025-02-07 22:00:00,96009.6,96525.9,95629.2,96504.1,457.88050875
2025-02-08 00:00:00,96504.0,96849.9,96333.4,96513.4,385.58135756
2025-02-08 02:00:00,96514.0,96888.7,96400.0,96698.1,354.0155278
2025-02-08 04:00:00,96698.1,96698.1,96066.7,96214.0,260.61644381
2025-02-08 06:00:00,96214.0,96310.6,95781.1,96207.1,269.75717409
2025-02-08 08:00:00,96207.1,96298.0,95883.0,96175.1,152.42372394
2025-02-08 10:00:00,96175.1,96296.0,95864.6,96127.3,139.39906579
2025-02-08 12:00:00,96127.3,96510.5,95908.0,96242.8,310.50494039
2025-02-08 14:00:00,96242.8,96388.1,95683.0,95855.6,234.31646578
2025-02-08 16:00:00,95855.6,96382.8,95750.0,96372.6,203.83079485
2025-02-08 18:00:00,96370.3,96750.0,96231.0,96585.5,187.86800666
2025-02-08 20:00:00,96585.5,96633.2,96358.0,96540.0,78.11060293
2025-02-08 22:00:00,96540.6,96700.0,96389.9,96458.1,101.13159674
2025-02-09 00:00:00,96458.1,96991.0,96355.2,96976.0,268.59247236
2025-02-09 02:00:00,96972.8,97319.7,96690.0,97318.6,474.36235271
2025-02-09 04:00:00,97318.6,97329.0,96965.4,97031.9,183.83747061
2025-02-09 06:00:00,97032.0,97124.0,96778.0,97065.8,200.19214028
2025-02-09 08:00:00,97065.8,97298.6,96862.0,96930.0,189.81870325
2025-02-09 10:00:00,96930.1,97065.3,96553.0,96558.0,312.39756223
2025-02-09 12:00:00,96558.0,96712.2,95830.1,95884.0,391.78373149
2025-02-09 14:00:00,95884.0,96670.4,95688.0,96488.7,346.04875996
2025-02-09 16:00:00,96488.8,96584.2,95930.1,96175.0,173.29783588
2025-02-09 18:00:00,96175.1,96280.6,95900.0,96071.6,121.59785417
2025-02-09 20:00:00,96071.5,96777.0,94705.8,95181.9,791.55091639
2025-02-09 22:00:00,95181.9,96584.0,94781.4,96475.9,553.10866387
2025-02-10 00:00:00,96475.9,97135.7,95254.0,95576.0,790.02153981
2025-02-10 02:00:00,95578.0,97095.0,95418.0,96805.8,688.62800677
2025-02-10 04:00:00,96805.9,97662.3,96620.0,97022.2,680.23695282
2025-02-10 06:00:00,97022.7,97483.3,96801.0,97436.5,487.47258813
2025-02-10 08:00:00,97436.4,97914.6,97359.4,97677.0,645.31736056
2025-02-10 10:00:00,97677.1,97968.0,97608.1,97659.9,506.57447661
2025-02-10 12:00:00,97660.0,98358.3,97182.7,98230.1,646.31086454
2025-02-10 14:00:00,98230.1,98328.8,96852.2,97224.0,1204.20127564
2025-02-10 16:00:00,97226.0,97523.4,96857.7,97500.0,445.36150377
2025-02-10 18:00:00,97499.9,97655.9,97183.8,97386.1,378.71745207
2025-02-10 20:00:00,97386.0,97496.3,97129.1,97387.4,240.7359009
2025-02-10 22:00:00,97387.4,97499.9,97232.3,97431.7,121.9516454
2025-02-11 00:00:00,97431.7,98146.6,97401.4,98000.0,546.27077178
2025-02-11 02:00:00,98000.1,98119.9,97474.0,97621.6,314.67265337
2025-02-11 04:00:00,97621.6,98489.7,97535.0,98420.8,473.62440749
2025-02-11 06:00:00,98420.9,98488.0,98133.3,98274.0,291.01728488
2025-02-11 08:00:00,98273.9,98344.0,97907.9,98005.8,506.19513149
2025-02-11 10:00:00,98005.8,98240.0,97880.7,98145.9,196.58203297
2025-02-11 12:00:00,98145.9,98161.9,96686.3,96794.9,558.53931396
2025-02-11 14:00:00,96794.2,97324.0,96565.6,97020.2,699.19251563
2025-02-11 16:00:00,97024.3,97049.6,95936.0,96160.0,679.98796789
2025-02-11 18:00:00,96160.0,96162.0,94859.5,95034.7,978.95332725
2025-02-11 20:00:00,95032.2,96462.6,94904.1,96381.5,611.87464306
2025-02-11 22:00:00,96381.4,96508.6,95350.8,95779.9,318.45800854
2025-02-12 00:00:00,95779.9,96272.4,95683.3,96213.5,165.76605405
2025-02-12 02:00:00,96213.6,96227.1,95100.1,95308.0,461.7226787
2025-02-12 04:00:00,95308.0,95944.1,95268.0,95881.3,414.03075451
2025-02-12 06:00:00,95881.3,96168.5,95678.1,96069.1,396.79295678
2025-02-12 08:00:00,96066.1,96466.1,96042.3,96137.1,381.21002315
2025-02-12 10:00:00,96137.1,96388.1,95908.1,96099.8,153.01202043
2025-02-12 12:00:00,96099.9,96637.4,94021.3,94973.2,2171.46471562
2025-02-12 14:00:00,94968.1,95993.6,94500.0,95805.1,1212.32132374
2025-02-12 16:00:00,95805.1,97707.7,95120.2,97353.3,1177.6407848
2025-02-12 18:00:00,97353.4,97451.9,96333.3,97200.3,385.03398069
2025-02-12 20:00:00,97200.4,97912.0,96849.9,97644.1,523.8462479
2025-02-12 22:00:00,97644.2,98136.1,97410.3,97870.1,786.09300348
2025-02-13 00:00:00,97870.1,98091.4,97529.0,97987.3,342.5551365
2025-02-13 02:00:00,97984.2,97984.2,97373.0,97503.9,304.25602357
2025-02-13 04:00:00,97504.0,97562.5,96522.2,96669.9,495.6094018
2025-02-13 06:00:00,96670.8,96764.5,95800.0,96075.0,703.06286352
2025-02-13 08:00:00,96075.1,96296.0,95705.2,96263.0,663.71027635
2025-02-13 10:00:00,96263.0,96336.0,95555.0,95930.0,419.58887368
2025-02-13 12:00:00,95930.0,96333.0,95659.5,96075.9,584.63515097
2025-02-13 14:00:00,96074.0,96480.0,95330.3,95999.9,851.15553385
2025-02-13 16:00:00,95996.0,96030.5,95209.4,95708.5,421.9710217
2025-02-13 18:00:00,95708.5,96383.9,95336.9,95628.6,585.96563876
2025-02-13 20:00:00,95628.7,96800.1,95606.8,96491.9,599.13644342
2025-02-13 22:00:00,96490.1,96642.8,96280.0,96617.0,170.61426165
2025-02-14 00:00:00,96617.0,96989.7,96377.5,96540.1,298.84196755
2025-02-14 02:00:00,96538.8,97209.9,96450.6,97147.3,288.97047185
2025-02-14 04:00:00,97147.3,97250.0,96569.4,96684.3,260.9830441
2025-02-14 06:00:00,96684.4,97076.7,96619.0,96940.9,326.7035718
2025-02-14 08:00:00,96941.0,97164.3,96800.0,97112.5,301.19877163
2025-02-14 10:00:00,97112.6,97200.0,96800.0,96888.2,221.78645158
2025-02-14 12:00:00,96888.2,97000.0,96457.3,96800.0,302.34580853
2025-02-14 14:00:00,96800.1,97583.1,96274.5,96936.1,1128.01985389
2025-02-14 16:00:00,96938.0,98843.9,96494.4,98545.9,1590.61668999
2025-02-14 18:00:00,98538.1,98765.9,97663.6,97946.0,834.53283925
2025-02-14 20:00:00,97946.1,98277.5,96700.0,97456.7,559.64076009
2025-02-14 22:00:00,97456.7,97533.0,96931.5,97504.0,165.36441752
2025-02-15 00:00:00,97504.1,97844.9,97222.0,97803.3,289.03658754
2025-02-15 02:00:00,97803.3,97987.2,97640.0,97664.3,547.51653439
2025-02-15 04:00:00,97664.3,97796.0,97468.0,97605.5,247.42972268
2025-02-15 06:00:00,97605.5,97676.9,97349.4,97350.0,132.4917792
2025-02-15 08:00:00,97350.0,97601.2,97304.2,97564.9,96.40792282
2025-02-15 10:00:00,97564.9,97735.9,97432.5,97622.0,171.81997226
2025-02-15 12:00:00,97623.0,97946.3,97546.3,97710.0,223.3464772
2025-02-15 14:00:00,97710.1,97770.6,97422.2,97639.0,174.79979293
2025-02-15 16:00:00,97639.1,97720.0,97318.4,97416.1,115.85650854
2025-02-15 18:00:00,97416.1,97664.1,97375.7,97536.1,69.59107269
2025-02-15 20:00:00,97539.0,97698.5,97420.2,97689.9,113.59488548
2025-02-15 22:00:00,97690.0,97754.0,97435.8,97587.3,174.41459453
2025-02-16 00:00:00,97587.4,97722.2,97550.0,97651.2,157.59881137
2025-02-16 02:00:00,97651.2,97670.3,97418.0,97554.0,326.51596562
2025-02-16 04:00:00,97554.0,97699.9,97482.1,97606.3,328.51217682
2025-02-16 06:00:00,97606.2,97630.8,97215.5,97258.2,235.08437629
2025-02-16 08:00:00,97260.3,97388.4,97066.9,97374.5,313.57116829
2025-02-16 10:00:00,97374.4,97411.4,97161.0,97350.2,261.28228296
2025-02-16 12:00:00,97350.1,97357.3,96756.1,96844.1,463.86853301
2025-02-16 14:00:00,96843.5,97096.0,96685.7,96913.6,183.02248398
2025-02-16 16:00:00,96913.7,97179.7,96882.8,96984.2,120.50483503
2025-02-16 18:00:00,96984.0,97120.0,96622.3,97064.8,142.60745812
2025-02-16 20:00:00,97064.8,97300.0,96856.0,97183.9,115.58592678
2025-02-16 22:00:00,97185.0,97197.6,96048.4,96105.6,550.37383786
2025-02-17 00:00:00,96105.6,96534.7,96010.1,96500.9,462.89293809
2025-02-17 02:00:00,96500.9,96634.1,96062.0,96211.7,189.77333198
2025-02-17 04:00:00,96211.8,96336.9,95778.9,96240.0,662.24312531
2025-02-17 06:00:00,96240.0,96458.2,95890.0,96056.3,495.15528516
2025-02-17 08:00:00,96056.3,96328.0,95928.0,96163.3,334.91281592
2025-02-17 10:00:00,96163.4,96400.0,95991.0,96073.4,263.71198328
2025-02-17 12:00:00,96073.5,96516.6,96071.3,96410.2,192.58960565
2025-02-17 14:00:00,96410.2,97047.4,95558.1,95656.1,920.12647946
2025-02-17 16:00:00,95656.1,95943.8,95282.1,95472.4,819.58842244
2025-02-17 18:00:00,95470.0,95777.3,95188.8,95541.2,349.87751458
2025-02-17 20:00:00,95540.1,96419.2,95499.8,96412.2,239.59459064
2025-02-17 22:00:00,96406.7,96414.2,95702.0,95778.3,111.35088331
2025-02-18 00:00:00,95778.3,96300.0,95548.0,96261.4,232.28141583
2025-02-18 02:00:00,96261.5,96323.3,95984.1,96198.0,153.18805623
2025-02-18 04:00:00,96198.0,96298.0,95555.6,95604.1,259.2880854
2025-02-18 06:00:00,95604.2,95716.5,95250.0,95459.8,520.37206651
2025-02-18 08:00:00,95459.9,95788.0,95072.6,95782.0,387.35055776
2025-02-18 10:00:00,95781.9,95874.0,95566.9,95627.5,265.54311425
2025-02-18 12:00:00,95627.6,96472.0,95591.3,96216.3,816.01682023
2025-02-18 14:00:00,96216.3,96750.0,95200.0,95542.0,1314.31699736
2025-02-18 16:00:00,95542.0,95644.7,94103.0,94103.1,1088.54969752
2025-02-18 18:00:00,94103.1,94413.7,93363.3,94101.8,1139.51613561
2025-02-18 20:00:00,94101.9,95333.0,93742.4,95066.1,913.63225558
2025-02-18 22:00:00,95071.9,95670.5,94876.5,95656.6,313.65468201
2025-02-19 00:00:00,95665.1,95830.0,95000.0,95478.1,368.28504559
2025-02-19 02:00:00,95478.1,95964.3,95444.7,95719.8,329.35708772
2025-02-19 04:00:00,95719.7,95776.9,95050.3,95285.4,292.35657122
2025-02-19 06:00:00,95285.0,95848.0,95238.7,95684.8,431.10973529
2025-02-19 08:00:00,95684.9,96029.8,95625.3,95938.2,413.15141843
2025-02-19 10:00:00,95938.2,96474.9,95938.2,96437.2,673.05164742
2025-02-19 12:00:00,96437.3,96500.0,96163.6,96297.4,388.12290339
2025-02-19 14:00:00,96297.4,96710.5,95514.7,95940.2,880.74250139
2025-02-19 16:00:00,95940.1,96485.8,95923.6,96388.1,343.27655178
2025-02-19 18:00:00,96388.1,96416.6,95403.7,96206.3,445.2211206
2025-02-19 20:00:00,96205.3,96493.5,96055.6,96314.9,454.0604456
2025-02-19 22:00:00,96314.9,96899.9,96308.1,96644.3,362.85677601
2025-02-20 00:00:00,96644.4,97000.0,96415.2,96769.8,216.06701138
2025-02-20 02:00:00,96769.9,97388.0,96746.2,97067.2,377.3089223
2025-02-20 04:00:00,97067.1,97359.1,96897.3,96916.3,374.01202889
2025-02-20 06:00:00,96916.3,97092.7,96776.2,96862.7,281.36662621
2025-02-20 08:00:00,96862.8,97282.0,96800.0,97187.5,235.53014032
2025-02-20 10:00:00,97187.6,97388.0,97100.2,97203.4,382.1028149
2025-02-20 12:00:00,97203.3,97555.0,97203.3,97546.2,348.37248155
2025-02-20 14:00:00,97546.1,98038.0,96788.8,96907.3,1140.72433531
2025-02-20 16:00:00,96907.4,98016.0,96874.1,97963.9,670.11846681
2025-02-20 18:00:00,97963.9,98525.0,97942.5,98422.9,795.05523953
2025-02-20 20:00:00,98422.9,98722.0,98007.0,98088.2,441.20855197
2025-02-20 22:00:00,98088.3,98516.0,98062.5,98307.9,309.21931662
2025-02-21 00:00:00,98308.0,98500.0,98081.2,98314.7,394.73455389
2025-02-21 02:00:00,98314.8,98380.0,98091.8,98163.9,234.33479718
2025-02-21 04:00:00,98164.0,98400.0,98121.9,98344.0,180.51716165
2025-02-21 06:00:00,98344.0,98600.0,98164.0,98173.9,416.39819984
2025-02-21 08:00:00,98173.9,98926.6,98100.1,98343.9,834.68973332
2025-02-21 10:00:00,98343.9,98814.9,98235.1,98623.8,410.83768664
2025-02-21 12:00:00,98623.9,99485.9,98520.0,99329.7,1015.3993222
2025-02-21 14:00:00,99329.6,99355.0,97174.0,98110.0,2447.13184472
2025-02-21 16:00:00,98109.9,98760.0,96818.2,96974.0,1767.47362388
2025-02-21 18:00:00,96974.0,97229.7,95234.1,95272.4,2148.6373001
2025-02-21 20:00:00,95272.4,95700.6,94858.5,95390.6,1192.18792907
2025-02-21 22:00:00,95390.7,96194.0,95232.2,96172.9,681.90542709
2025-02-22 00:00:00,96172.9,96447.6,95760.4,96229.8,474.90593662
2025-02-22 02:00:00,96229.9,96439.3,96091.6,96282.1,332.2558936
2025-02-22 04:00:00,96282.1,96525.9,96251.6,96510.9,282.47294672
2025-02-22 06:00:00,96511.0,96581.6,96279.5,96287.3,362.99661302
2025-02-22 08:00:00,96287.2,96600.1,96131.2,96487.1,355.84471894
2025-02-22 10:00:00,96487.2,96613.8,96418.1,96569.8,360.51356259
2025-02-22 12:00:00,96568.3,96983.3,96506.9,96555.3,457.85308154
2025-02-22 14:00:00,96555.4,96710.0,96487.6,96581.4,364.26840577
2025-02-22 16:00:00,96581.4,96800.0,96442.8,96626.1,232.97553871
2025-02-22 18:00:00,96626.1,96814.0,96358.0,96643.9,117.30086662
2025-02-22 20:00:00,96644.0,96673.9,96507.6,96659.8,69.69979332
2025-02-22 22:00:00,96659.8,96710.7,96477.4,96552.1,168.18657362
2025-02-23 00:00:00,96552.1,96648.0,96368.0,96452.2,118.28080704
2025-02-23 02:00:00,96452.2,96564.2,96384.1,96418.1,98.91273647
2025-02-23 04:00:00,96418.1,96525.4,96200.1,96207.1,165.699385
2025-02-23 06:00:00,96207.1,96550.0,96126.3,96509.1,192.77486679
2025-02-23 08:00:00,96509.1,96509.2,96256.0,96272.5,156.01072167
2025-02-23 10:00:00,96272.6,96300.0,96080.0,96113.0,314.05326063
2025-02-23 12:00:00,96113.1,96160.5,95650.0,95973.2,396.145178
2025-02-23 14:00:00,95973.3,96051.2,95400.1,95451.7,350.92651742
2025-02-23 16:00:00,95451.7,95759.6,95250.1,95660.0,307.18113509
2025-02-23 18:00:00,95660.1,95884.4,95622.1,95763.9,114.14747174
2025-02-23 20:00:00,95763.9,95819.6,95624.9,95769.6,94.19286623
2025-02-23 22:00:00,95769.6,96333.3,95540.2,96264.7,422.65529969
2025-02-24 00:00:00,96264.7,96513.7,95750.0,95978.5,689.49784922
2025-02-24 02:00:00,95978.6,96208.4,95302.0,95428.0,529.77776103
2025-02-24 04:00:00,95428.1,95765.8,95070.7,95727.0,840.44857732
2025-02-24 06:00:00,95727.0,95954.9,95602.7,95868.4,360.7553978
2025-02-24 08:00:00,95868.4,96179.1,95380.3,95761.3,494.99325602
2025-02-24 10:00:00,95760.0,95923.4,95357.9,95823.1,363.43049358
2025-02-24 12:00:00,95823.1,96094.4,95333.3,95595.7,379.13845092
2025-02-24 14:00:00,95595.7,95797.9,93827.1,94338.1,2025.74749071
2025-02-24 16:00:00,94334.1,95191.6,94143.0,94642.8,678.0325312
2025-02-24 18:00:00,94642.8,94854.4,93650.0,93940.1,522.97927679
2025-02-24 20:00:00,93941.4,94568.2,93600.0,93978.1,909.91412803
2025-02-24 22:00:00,93978.1,93993.5,91333.8,91534.5,3001.79000652
2025-02-25 00:00:00,91534.5,92407.4,90888.0,92032.0,1525.42078125
2025-02-25 02:00:00,92032.0,92545.9,91600.0,92162.9,532.68482946
2025-02-25 04:00:00,92162.9,92327.5,91695.4,92073.9,1179.64254157
2025-02-25 06:00:00,92072.5,92166.6,88189.0,89310.6,4357.10657775
2025-02-25 08:00:00,89318.3,89994.0,88300.0,88325.7,1880.25021071
2025-02-25 10:00:00,88325.7,89379.9,86879.6,89252.3,4104.41732697
2025-02-25 12:00:00,89252.2,89555.0,88765.4,88848.2,1602.26546281
2025-02-25 14:00:00,88848.3,89400.0,86050.0,87241.6,4469.84344865
2025-02-25 16:00:00,87243.9,87825.2,86168.9,87272.7,1699.70754978
2025-02-25 18:00:00,87272.9,88062.5,86504.0,87928.4,1680.8836033
2025-02-25 20:00:00,87928.4,89026.8,87614.9,88814.1,1992.66955535
2025-02-25 22:00:00,88814.1,89470.2,88504.5,88680.7,799.85360075
2025-02-26 00:00:00,88680.7,88841.9,88128.1,88700.1,477.08598968
2025-02-26 02:00:00,88700.1,89415.5,88428.1,88895.6,862.67198289
2025-02-26 04:00:00,88895.6,89249.9,88400.0,88418.0,494.76833983
2025-02-26 06:00:00,88418.1,89183.7,88409.4,88718.1,771.97059941
2025-02-26 08:00:00,88718.1,89287.2,88150.0,89111.7,693.82250257
2025-02-26 10:00:00,89111.7,89300.3,88544.5,88611.9,533.66104989
2025-02-26 12:00:00,88612.0,88678.0,87015.9,87175.7,1376.23344273
2025-02-26 14:00:00,87175.7,88530.0,85425.5,87559.9,3181.76645411
2025-02-26 16:00:00,87564.7,87799.9,85680.0,86051.3,1468.42586134
2025-02-26 18:00:00,86051.2,86493.0,83361.0,83854.1,3724.79778019
2025-02-26 20:00:00,83854.1,85153.5,82236.0,84626.0,3006.10349456
2025-02-26 22:00:00,84622.1,85419.5,83926.0,84254.0,1059.83605768
2025-02-27 00:00:00,84254.0,85454.9,84034.1,84768.1,1004.41565612
2025-02-27 02:00:00,84768.1,85332.8,84193.0,85214.0,1500.5948767
2025-02-27 04:00:00,85214.0,85965.6,84680.0,85882.0,1044.41677197
2025-02-27 06:00:00,85882.1,86732.8,85709.5,86269.9,885.20339716
2025-02-27 08:00:00,86269.9,86433.9,85849.0,86168.0,733.33170755
2025-02-27 10:00:00,86168.0,87090.3,86040.6,86690.0,949.95008047
2025-02-27 12:00:00,86690.0,86780.0,85756.4,86115.7,835.03492141
2025-02-27 14:00:00,86113.9,86410.9,84649.8,85499.6,2424.11875214
2025-02-27 16:00:00,85500.8,85699.6,84369.0,84609.0,1036.54449099
2025-02-27 18:00:00,84609.1,85000.0,83620.0,84124.3,1105.5359041
2025-02-27 20:00:00,84124.4,84436.8,82725.7,84421.9,1523.00823547
2025-02-27 22:00:00,84422.0,84938.0,83888.5,84717.4,701.8270378
2025-02-28 00:00:00,84717.7,84903.1,81056.2,81667.8,2516.01895856
2025-02-28 02:00:00,81673.9,82879.2,79510.0,80454.9,4795.28545152
2025-02-28 04:00:00,80455.9,80973.5,79130.8,79969.9,3194.02383784
2025-02-28 06:00:00,79970.4,80430.0,78855.1,79216.1,3080.43224562
2025-02-28 08:00:00,79216.1,80740.0,78258.5,80341.1,2351.53223997
2025-02-28 10:00:00,80343.9,80844.8,79563.6,80521.9,1322.36265208
2025-02-28 12:00:00,80520.5,81720.0,80076.0,81508.1,1718.76976911
2025-02-28 14:00:00,81508.1,84433.3,81076.3,83997.2,4496.2826446
2025-02-28 16:00:00,83997.1,84932.0,83488.3,83598.8,2530.12114073
2025-02-28 18:00:00,83600.0,85121.9,83181.7,84443.4,1160.73742536
2025-02-28 20:00:00,84443.4,84784.5,83586.7,84248.6,698.83803708
2025-02-28 22:00:00,84248.5,84560.5,83888.8,84339.4,384.39685099
2025-03-01 00:00:00,84346.0,84872.5,83812.9,84652.2,736.20051597
2025-03-01 02:00:00,84652.3,85678.0,84342.4,85331.2,1296.61476279
2025-03-01 04:00:00,85331.2,86547.3,85304.0,85592.1,1140.5178754
2025-03-01 06:00:00,85592.2,85665.0,84724.6,84736.1,1036.03796896
2025-03-01 08:00:00,84736.1,85500.0,84736.1,85379.9,438.29018719
2025-03-01 10:00:00,85379.9,85430.4,84349.2,84621.1,801.01122714
2025-03-01 12:00:00,84621.2,84938.1,84318.1,84517.9,546.13913464
2025-03-01 14:00:00,84518.0,84910.7,84408.1,84790.0,448.63232065
2025-03-01 16:00:00,84790.0,85368.3,84690.2,85205.5,457.23582171
2025-03-01 18:00:00,85205.5,85588.0,85062.0,85480.0,258.91658057
2025-03-01 20:00:00,85480.0,86154.4,85278.1,86070.9,221.40011212
2025-03-01 22:00:00,86070.9,86268.0,85666.6,86056.1,386.74978148
2025-03-02 00:00:00,86056.1,86358.9,85799.6,86354.6,587.35707273
2025-03-02 02:00:00,86354.5,86496.0,85606.9,85859.2,582.55353287
2025-03-02 04:00:00,85859.1,86047.8,85522.4,85948.3,717.49438261
2025-03-02 06:00:00,85948.4,86600.0,85911.2,86233.6,421.04741154
2025-03-02 08:00:00,86233.6,86257.2,85657.1,85900.0,552.14775175
2025-03-02 10:00:00,85900.1,86219.7,85782.0,86092.3,217.11426049
2025-03-02 12:00:00,86092.3,86104.9,85472.1,85706.3,398.89000494
2025-03-02 14:00:00,85706.3,88675.6,85040.8,87427.9,2501.81265605
2025-03-02 16:00:00,87428.0,95000.0,87310.8,94092.6,6624.47143906
2025-03-02 18:00:00,94094.6,94413.1,92354.0,93524.0,1947.689793
2025-03-02 20:00:00,93524.0,94444.4,93497.5,94298.0,1095.49596653
2025-03-02 22:00:00,94296.2,94862.3,93852.0,94269.5,1565.18367995
2025-03-03 00:00:00,94269.5,94426.0,92626.7,93074.5,1465.13652006
2025-03-03 02:00:00,93075.2,93473.6,92444.1,92714.0,1504.06696043
2025-03-03 04:00:00,92713.9,93345.9,92593.0,93337.9,941.99628998
2025-03-03 06:00:00,93338.0,93338.0,91155.8,92363.9,1891.57571701
2025-03-03 08:00:00,92365.9,92404.4,91100.0,91844.0,918.24223965
2025-03-03 10:00:00,91842.1,92909.0,91543.5,92742.1,682.24322905
2025-03-03 12:00:00,92742.1,93689.1,92643.8,93572.0,928.89303345
2025-03-03 14:00:00,93571.9,93706.0,89108.0,90031.0,4535.35775783
2025-03-03 16:00:00,90031.1,90999.9,89682.2,90288.6,1282.49889029
2025-03-03 18:00:00,90291.9,90439.9,85501.9,85587.8,3310.60002376
2025-03-03 20:00:00,85587.9,86586.4,85111.5,85363.8,2192.68216153
2025-03-03 22:00:00,85363.8,87030.7,85297.2,86219.7,806.13236323
2025-03-04 00:00:00,86219.8,86800.0,82600.0,83385.9,3239.88253005
2025-03-04 02:00:00,83388.3,84444.4,82480.0,83980.1,2372.96474004
2025-03-04 04:00:00,83981.7,84589.2,83316.0,84280.0,813.88075354
2025-03-04 06:00:00,84278.2,84415.4,83138.6,83191.7,1079.65000826
2025-03-04 08:00:00,83191.7,84192.6,83039.3,83744.8,734.45024738
2025-03-04 10:00:00,83744.8,84382.2,83492.9,83939.9,613.78002801
2025-03-04 12:00:00,83939.8,83978.0,82277.0,82814.1,1282.6479557
2025-03-04 14:00:00,82814.9,84970.0,81501.0,82980.2,3472.95990594
2025-03-04 16:00:00,82981.9,85524.6,82000.4,85440.0,1694.20501088
2025-03-04 18:00:00,85439.9,88500.0,85135.2,88207.2,2200.93010892
2025-03-04 20:00:00,88207.1,88948.4,86500.0,87516.6,1907.26090516
2025-03-04 22:00:00,87523.6,87977.9,87097.3,87277.9,556.56444476
2025-03-05 00:00:00,87276.6,87800.0,86356.5,87632.0,831.55484593
2025-03-05 02:00:00,87633.1,87892.6,86765.7,86851.9,798.276543
2025-03-05 04:00:00,86855.9,87399.8,86737.8,87148.9,764.8888687
2025-03-05 06:00:00,87148.9,87731.3,87000.1,87617.6,546.2317224
2025-03-05 08:00:00,87617.6,88817.0,87592.1,88483.4,916.48970447
2025-03-05 10:00:00,88483.5,90663.1,88376.4,89805.3,2046.96776481
2025-03-05 12:00:00,89805.4,90932.4,89081.3,89470.1,1562.86622141
2025-03-05 14:00:00,89472.1,89839.9,87923.2,88342.1,2645.69611556
2025-03-05 16:00:00,88338.0,90477.1,87589.2,89690.5,1506.53467338
2025-03-05 18:00:00,89687.1,90150.0,88869.6,89745.5,663.99915287
2025-03-05 20:00:00,89745.5,90689.5,89674.6,90375.2,475.80861704
2025-03-05 22:00:00,90373.5,91052.9,90016.1,90608.7,424.10079532
2025-03-06 00:00:00,90608.7,91900.0,89986.0,91041.7,1390.63411955
2025-03-06 02:00:00,91041.7,92028.1,91000.0,91613.6,1014.00651618
2025-03-06 04:00:00,91614.1,92812.3,91525.0,92737.1,795.84705574
2025-03-06 06:00:00,92737.2,92771.7,91262.1,91351.1,968.38674852
2025-03-06 08:00:00,91351.0,91595.2,90620.0,90746.1,679.05758324
2025-03-06 10:00:00,90746.1,91678.9,90610.0,91360.1,744.11899765
2025-03-06 12:00:00,91360.2,91413.5,89489.7,89569.6,1001.33360627
2025-03-06 14:00:00,89572.0,91462.8,89111.9,90822.5,1732.65554959
2025-03-06 16:00:00,90824.0,91068.3,88000.0,88634.0,1773.22532964
2025-03-06 18:00:00,88625.9,89393.9,87838.0,88527.6,1147.67718485
2025-03-06 20:00:00,88529.2,89936.6,88466.7,89930.4,731.0802958
2025-03-06 22:00:00,89930.4,90787.3,89500.0,89930.0,913.86720894
2025-03-07 00:00:00,89930.0,91290.3,84640.0,88250.0,5499.78822116
2025-03-07 02:00:00,88249.9,88450.7,86779.8,86988.1,1240.79217899
2025-03-07 04:00:00,86988.1,88451.1,86850.7,88224.5,1923.86586814
2025-03-07 06:00:00,88224.6,88619.9,87800.0,88362.1,792.19403015
2025-03-07 08:00:00,88362.1,89717.7,87969.9,88934.0,803.52480503
2025-03-07 10:00:00,88934.0,89459.6,88734.7,88978.4,830.6164785
2025-03-07 12:00:00,88982.0,90357.2,88307.6,89144.0,2274.61808568
2025-03-07 14:00:00,89145.5,91100.0,88007.0,88451.9,2957.04797753
2025-03-07 16:00:00,88444.0,88963.9,86548.0,87678.0,2465.21225189
2025-03-07 18:00:00,87699.9,89040.0,87337.3,87822.1,1321.22883887
2025-03-07 20:00:00,87822.9,88533.9,85573.3,86308.0,2265.24159085
2025-03-07 22:00:00,86300.0,86846.6,85609.1,86797.1,904.86258732
2025-03-08 00:00:00,86797.2,86891.3,85217.8,86099.9,1222.53224282
2025-03-08 02:00:00,86100.0,86342.1,85454.0,85916.1,571.15984841
2025-03-08 04:00:00,85916.1,86507.7,85655.0,86274.8,292.53035727
2025-03-08 06:00:00,86274.8,86661.3,86094.7,86192.2,487.81482649
2025-03-08 08:00:00,86192.1,86457.1,85833.3,85935.7,326.007746
2025-03-08 10:00:00,85937.8,86258.0,85753.5,85961.8,306.71589286
2025-03-08 12:00:00,85961.8,86548.3,85811.9,86327.4,361.86196345
2025-03-08 14:00:00,86327.5,86688.6,86205.0,86398.1,747.00754537
2025-03-08 16:00:00,86398.1,86459.8,85660.6,85948.6,405.7499764
2025-03-08 18:00:00,85949.1,86508.7,85800.0,86229.8,219.30529614
2025-03-08 20:00:00,86229.9,86503.9,86184.1,86230.7,107.20472364
2025-03-08 22:00:00,86230.6,86413.7,85854.5,86227.9,249.87744498
2025-03-09 00:00:00,86227.9,86511.7,86100.0,86193.4,213.76288955
2025-03-09 02:00:00,86193.4,86287.7,85956.0,86115.6,243.25506612
2025-03-09 04:00:00,86115.5,86153.9,85933.5,86029.9,206.98721985
2025-03-09 06:00:00,86025.3,86163.7,85800.0,86007.1,161.23258883
2025-03-09 08:00:00,86007.0,86103.2,85384.6,85567.9,369.63522667
2025-03-09 10:00:00,85568.0,85618.8,84626.4,85021.9,1127.00593563
2025-03-09 12:00:00,85018.1,85062.9,83469.9,83488.7,1383.62932608
2025-03-09 14:00:00,83477.3,83811.9,82740.5,83070.1,1652.37781252
2025-03-09 16:00:00,83070.1,83758.2,82222.0,82354.0,1406.39202618
2025-03-09 18:00:00,82361.2,83327.0,82266.6,82631.0,766.28119382
2025-03-09 20:00:00,82632.5,83537.0,81555.0,81843.3,806.84236814
2025-03-09 22:00:00,81843.3,82062.1,80000.0,80743.3,1875.57925498
2025-03-10 00:00:00,80745.0,81891.8,80034.0,81769.0,2034.5067551
2025-03-10 02:00:00,81768.9,82749.9,81528.1,82048.4,1513.14203462
2025-03-10 04:00:00,82048.4,82803.3,82001.1,82319.9,639.60113636
2025-03-10 06:00:00,82320.0,82703.8,81970.0,82321.0,580.20155775
2025-03-10 08:00:00,82322.6,84069.4,81154.7,82509.7,1708.84015583
2025-03-10 10:00:00,82512.2,83798.6,81633.2,83590.7,1351.14402304
2025-03-10 12:00:00,83584.8,83786.1,81423.1,81538.2,1493.64012881
2025-03-10 14:00:00,81532.7,81532.7,79155.0,80039.5,3986.43674915
2025-03-10 16:00:00,80037.9,80246.9,78200.0,78459.4,2225.93936597
2025-03-10 18:00:00,78457.6,79531.9,77464.0,79063.8,2570.05439945
2025-03-10 20:00:00,79072.0,79887.8,78407.0,79571.3,907.14328048
2025-03-10 22:00:00,79571.9,79848.0,78494.2,78595.8,569.94931585
2025-03-11 00:00:00,78595.9,79238.5,76600.0,79120.1,3618.72975803
2025-03-11 02:00:00,79122.2,79949.8,78910.0,79524.1,1086.62625957
2025-03-11 04:00:00,79524.1,80479.4,79444.1,80259.6,984.66421652
2025-03-11 06:00:00,80259.6,80618.4,80088.7,80428.1,533.18770172
2025-03-11 08:00:00,80428.1,81906.9,80324.0,81454.0,1530.989524
2025-03-11 10:00:00,81452.1,82100.0,81267.7,81718.5,1450.63272282
2025-03-11 12:00:00,81718.5,82267.0,80549.8,80909.6,2614.10458265
2025-03-11 14:00:00,80911.4,81671.9,79056.6,81229.5,4105.05396358
2025-03-11 16:00:00,81228.7,81888.0,80650.0,81303.9,1157.52727613
2025-03-11 18:00:00,81303.9,83631.8,81284.4,83103.1,1755.35527355
2025-03-11 20:00:00,83107.0,83256.5,82600.0,83101.2,441.07029914
2025-03-11 22:00:00,83101.1,83312.0,82560.0,82943.2,569.460724
2025-03-12 00:00:00,82942.7,83777.0,82605.1,83312.3,731.36515383
2025-03-12 02:00:00,83318.3,83327.7,82104.2,82133.5,874.26789636
2025-03-12 04:00:00,82132.2,82179.0,81607.0,81976.5,599.52330625
2025-03-12 06:00:00,81976.6,82533.8,81288.3,82433.9,957.54529297
2025-03-12 08:00:00,82433.9,82931.6,82025.2,82673.6,831.94766982
2025-03-12 10:00:00,82673.6,83073.7,82100.1,83005.9,751.16064628
2025-03-12 12:00:00,83006.0,84499.0,82360.0,82683.3,2970.92851693
2025-03-12 14:00:00,82679.1,82928.0,80597.7,81733.3,2572.11006098
2025-03-12 16:00:00,81731.8,82892.2,81614.0,81842.8,1132.67372067
2025-03-12 18:00:00,81848.5,83155.4,81724.6,82915.5,720.34169091
2025-03-12 20:00:00,82916.1,83321.6,82711.5,83086.4,184.83789877
2025-03-12 22:00:00,83086.4,83903.3,83078.1,83691.9,508.11152945
2025-03-13 00:00:00,83691.9,84223.0,83316.1,83922.8,706.24608063
2025-03-13 02:00:00,83922.8,84333.3,83529.5,83576.5,500.4119375
2025-03-13 04:00:00,83574.1,83702.3,83074.0,83156.9,553.84299591
2025-03-13 06:00:00,83157.6,83561.3,82856.0,83159.8,669.90139974
2025-03-13 08:00:00,83159.7,83528.6,82400.0,83437.4,588.50245576
2025-03-13 10:00:00,83437.4,83507.6,82680.0,82970.0,681.94707971
2025-03-13 12:00:00,82970.4,83890.0,81589.4,81772.2,1573.28417031
2025-03-13 14:00:00,81772.1,82505.0,80953.6,81043.9,1386.65201719
2025-03-13 16:00:00,81041.2,81265.2,79940.0,80066.6,1109.23579267
2025-03-13 18:00:00,80066.5,81050.0,80000.1,80211.4,697.335877
2025-03-13 20:00:00,80209.9,80878.3,80188.3,80820.0,371.77380847
2025-03-13 22:00:00,80819.9,81489.9,80724.0,81119.5,336.65197725
2025-03-14 00:00:00,81119.6,81888.0,80826.8,81603.4,487.81095419
2025-03-14 02:00:00,81603.5,82266.6,81596.0,81898.7,522.02562405
2025-03-14 04:00:00,81899.2,82218.3,81808.3,82155.5,601.98641794
2025-03-14 06:00:00,82156.8,82457.1,81770.1,82178.6,637.59659496
2025-03-14 08:00:00,82178.6,82938.4,82168.0,82781.5,607.63864682
2025-03-14 10:00:00,82781.6,83360.3,82664.6,83258.0,623.56282894
2025-03-14 12:00:00,83258.1,83888.0,83037.6,83599.0,972.43551264
2025-03-14 14:00:00,83599.8,85300.0,82635.2,84734.0,3253.29668496
2025-03-14 16:00:00,84734.1,84958.0,83956.8,84365.4,1144.22695652
2025-03-14 18:00:00,84365.6,84938.0,84200.0,84554.9,375.73397031
2025-03-14 20:00:00,84554.9,84555.5,83714.4,84214.1,386.23228604
2025-03-14 22:00:00,84214.1,84516.1,83952.9,83988.7,226.08301226
2025-03-15 00:00:00,83988.6,84584.0,83968.1,84357.2,425.22413417
2025-03-15 02:00:00,84357.2,84679.9,84165.1,84484.9,309.81433289
2025-03-15 04:00:00,84485.0,84558.9,84265.0,84265.0,156.49621514
2025-03-15 06:00:00,84265.1,84300.0,83789.4,83830.8,584.22230057
2025-03-15 08:00:00,83830.8,84024.0,83609.2,83965.5,242.03540592
2025-03-15 10:00:00,83966.0,84180.0,83652.0,84099.2,286.20255171
2025-03-15 12:00:00,84099.3,84475.5,84008.0,84458.1,284.74587109
2025-03-15 14:00:00,84458.2,84458.2,84106.6,84334.1,230.26520946
2025-03-15 16:00:00,84334.1,84491.0,84180.6,84419.0,160.19503588
2025-03-15 18:00:00,84419.0,84466.5,84103.7,84295.1,107.20004934
2025-03-15 20:00:00,84295.1,84466.1,84223.7,84383.9,91.73814328
2025-03-15 22:00:00,84384.0,84447.6,84274.0,84342.0,90.86469138
2025-03-16 00:00:00,84342.1,84390.8,83829.5,83867.1,255.89160083
2025-03-16 02:00:00,83867.2,84381.9,83734.5,84336.1,336.26358455
2025-03-16 04:00:00,84336.1,84419.9,84244.1,84392.6,187.57613472
2025-03-16 06:00:00,84392.6,84399.0,83968.1,84276.0,235.86418684
2025-03-16 08:00:00,84275.9,84337.6,83804.1,83893.9,285.7048208
2025-03-16 10:00:00,83895.7,84055.9,82357.0,82404.8,1103.64990422
2025-03-16 12:00:00,82406.1,83142.0,82392.4,82612.1,806.56923819
2025-03-16 14:00:00,82612.0,83490.0,82580.1,83316.6,592.99905326
2025-03-16 16:00:00,83316.5,85154.0,83290.1,83909.3,1510.59971465
2025-03-16 18:00:00,83908.8,84096.4,82557.2,83097.5,593.16738892
2025-03-16 20:00:00,83097.6,83450.6,82688.4,82765.9,253.66298573
2025-03-16 22:00:00,82765.9,82842.0,82000.0,82578.1,1124.99781568
2025-03-17 00:00:00,82578.1,83402.6,82522.4,83238.6,382.24040191
2025-03-17 02:00:00,83238.6,83725.5,82979.1,83676.0,285.49879632
2025-03-17 04:00:00,83676.0,83875.0,83115.2,83115.2,453.57228521
2025-03-17 06:00:00,83115.3,83629.9,82668.0,83558.4,551.9614556
2025-03-17 08:00:00,83560.0,83782.9,83202.2,83649.9,519.3234932
2025-03-17 10:00:00,83650.0,83692.0,83212.8,83511.9,376.61069862
2025-03-17 12:00:00,83512.0,84019.2,82800.0,83024.1,1873.33894303
2025-03-17 14:00:00,83024.0,83700.0,82444.3,83538.1,1482.25575096
2025-03-17 16:00:00,83538.2,84344.0,83108.2,84193.7,913.51151435
2025-03-17 18:00:00,84193.8,84764.3,83980.5,84479.7,750.12678029
2025-03-17 20:00:00,84477.3,84508.0,83850.4,84080.0,307.9634986
2025-03-17 22:00:00,84080.1,84248.8,83750.0,84011.9,288.03662289
2025-03-18 00:00:00,84011.9,84030.1,83014.1,83166.6,555.04526232
2025-03-18 02:00:00,83166.6,83533.2,82956.5,83140.9,430.91311366
2025-03-18 04:00:00,83140.9,83210.0,82847.0,83025.0,987.01755313
2025-03-18 06:00:00,83025.1,83278.4,82250.0,83162.4,1031.71744477
2025-03-18 08:00:00,83162.4,83455.6,82774.0,82842.5,508.53919765
2025-03-18 10:00:00,82842.6,82940.0,82502.1,82580.9,588.32094503
2025-03-18 12:00:00,82580.9,82827.3,81167.7,81359.0,1531.12091886
2025-03-18 14:00:00,81358.6,82208.3,81144.0,81600.1,952.63530355
2025-03-18 16:00:00,81600.1,82158.9,81338.3,81463.3,529.91059478
2025-03-18 18:00:00,81463.2,82484.8,81240.0,82316.6,618.70300222
2025-03-18 20:00:00,82314.1,82361.8,81877.8,82054.1,184.33918598
2025-03-18 22:00:00,82054.0,82813.2,81989.6,82709.7,338.34874906
2025-03-19 00:00:00,82709.8,83244.2,82584.0,82599.8,510.63870771
2025-03-19 02:00:00,82599.8,83080.8,82539.9,83034.0,355.87210719
2025-03-19 04:00:00,83033.9,83324.6,82786.9,83242.3,436.52782264
2025-03-19 06:00:00,83242.3,83360.3,83028.1,83199.9,390.51613996
2025-03-19 08:00:00,83199.9,83612.0,83178.1,83538.5,606.72345677
2025-03-19 10:00:00,83538.5,84100.0,83383.3,83881.9,971.90148086
2025-03-19 12:00:00,83881.9,84333.0,83513.0,84092.1,1008.5644057
2025-03-19 14:00:00,84097.5,84893.5,83879.7,84737.9,849.44120731
2025-03-19 16:00:00,84738.0,84834.0,83768.1,84230.1,980.0802651
2025-03-19 18:00:00,84226.1,85947.0,83570.0,85433.8,2787.81585604
2025-03-19 20:00:00,85432.2,85919.7,85212.0,85634.0,479.62837307
2025-03-19 22:00:00,85635.3,87024.0,85627.5,86841.0,1115.27356729
2025-03-20 00:00:00,86843.7,87446.9,85711.5,85875.9,1088.14647971
2025-03-20 02:00:00,85875.9,86150.7,85626.2,85889.9,567.37359126
2025-03-20 04:00:00,85889.9,85938.9,85429.0,85836.0,336.37653767
2025-03-20 06:00:00,85836.0,86016.0,85625.0,85811.9,330.3454798
2025-03-20 08:00:00,85811.8,86326.8,85698.8,85874.1,382.96343265
2025-03-20 10:00:00,85874.2,85954.0,84770.4,85502.6,938.50301993
2025-03-20 12:00:00,85502.6,85866.6,85078.0,85518.0,529.11896849
2025-03-20 14:00:00,85518.0,86529.1,84570.0,84692.6,1730.11817925
2025-03-20 16:00:00,84687.4,84921.0,83642.0,84085.7,1925.15488502
2025-03-20 18:00:00,84085.8,84420.6,83914.1,84160.7,403.56006343
2025-03-20 20:00:00,84161.9,84610.8,84130.1,84359.1,271.36209077
2025-03-20 22:00:00,84359.1,84511.1,83914.2,84225.9,306.22283634
2025-03-21 00:00:00,84223.3,84792.0,84178.1,84776.8,295.41853214
2025-03-21 02:00:00,84776.7,84844.0,84256.7,84443.5,227.66446938
2025-03-21 04:00:00,84443.4,84800.0,84329.5,84462.4,326.05622611
2025-03-21 06:00:00,84462.4,84473.6,83728.0,83944.6,607.42834384
2025-03-21 08:00:00,83944.6,84346.8,83734.1,84130.7,440.0825429
2025-03-21 10:00:00,84130.7,84300.0,83905.0,84053.7,345.74531947
2025-03-21 12:00:00,84053.8,84370.9,83170.6,83940.0,1040.34983097
2025-03-21 14:00:00,83945.4,84297.7,83508.6,83576.1,804.86864526
2025-03-21 16:00:00,83570.3,84152.9,83376.1,84020.9,518.19062776
2025-03-21 18:00:00,84021.0,84444.0,83800.0,83962.1,258.20244596
2025-03-21 20:00:00,83962.1,84583.3,83812.0,84395.7,222.38414689
2025-03-21 22:00:00,84395.8,84414.0,84038.0,84086.5,173.82602607
2025-03-22 00:00:00,84086.5,84328.0,83980.2,84063.1,289.97690755
2025-03-22 02:00:00,84063.1,84286.0,84004.0,84247.9,185.51791571
2025-03-22 04:00:00,84248.0,84422.0,84200.0,84320.1,148.92106362
2025-03-22 06:00:00,84320.2,84398.0,84158.7,84273.9,265.78467305
2025-03-22 08:00:00,84273.9,84533.3,84122.1,84354.5,271.54149276
2025-03-22 10:00:00,84354.5,84446.7,84214.0,84238.9,193.28858834
2025-03-22 12:00:00,84237.0,84297.4,84046.9,84173.8,146.88718096
2025-03-22 14:00:00,84173.8,84204.1,83978.1,84117.9,139.25701181
2025-03-22 16:00:00,84117.9,84266.4,84070.0,84240.9,97.11981884
2025-03-22 18:00:00,84240.9,84327.9,84158.1,84175.1,56.68624014
2025-03-22 20:00:00,84175.1,84210.0,83850.0,84019.6,127.98128501
2025-03-22 22:00:00,84019.7,84074.3,83650.0,83850.0,132.31521565
2025-03-23 00:00:00,83850.0,84138.8,83812.0,84070.4,131.94435427
2025-03-23 02:00:00,84070.5,84278.6,83988.1,84233.7,106.3218513
2025-03-23 04:00:00,84234.4,84246.6,84065.5,84227.2,145.48479565
2025-03-23 06:00:00,84227.1,84320.0,84192.6,84273.9,148.01519082
2025-03-23 08:00:00,84274.0,84367.9,84245.7,84315.1,142.52562611
2025-03-23 10:00:00,84315.2,85054.0,84301.3,84698.0,788.92463902
2025-03-23 12:00:00,84698.1,85115.3,84578.0,85089.0,347.76790295
2025-03-23 14:00:00,85089.0,85266.6,84870.3,85194.0,634.92201624
2025-03-23 16:00:00,85194.0,85421.0,84888.8,85029.0,348.74602212
2025-03-23 18:00:00,85030.1,85097.8,84813.0,85024.3,131.31450932
2025-03-23 20:00:00,85024.3,85276.6,84922.2,85189.3,108.55690224
2025-03-23 22:00:00,85189.3,86131.0,85158.1,86083.3,751.63763285
2025-03-24 00:00:00,86083.4,86639.8,85536.0,85568.7,567.34788399
2025-03-24 02:00:00,85568.8,86576.0,85530.0,86531.3,683.28263181
2025-03-24 04:00:00,86531.3,87042.6,86531.3,86907.6,1024.07160335
2025-03-24 06:00:00,86907.6,87300.0,86746.7,86865.4,713.70027805
2025-03-24 08:00:00,86865.3,87518.5,86852.8,87157.7,769.31395696
2025-03-24 10:00:00,87157.7,87897.7,87123.4,87682.5,559.51867524
2025-03-24 12:00:00,87682.6,87708.6,87134.9,87691.9,573.89478775
2025-03-24 14:00:00,87690.0,88769.2,87631.8,88330.0,1211.4618443
2025-03-24 16:00:00,88330.0,88490.1,87682.5,88454.1,471.90478588
2025-03-24 18:00:00,88455.8,88533.3,87964.0,88216.7,580.11694133
2025-03-24 20:00:00,88216.6,88478.0,87793.4,88101.2,761.18705475
2025-03-24 22:00:00,88101.2,88180.2,87035.0,87496.7,1311.88540131
2025-03-25 00:00:00,87496.7,87684.2,86806.0,87090.4,562.44964002
2025-03-25 02:00:00,87090.5,87092.0,86317.8,86513.9,843.72405764
2025-03-25 04:00:00,86513.9,86776.8,86303.3,86650.3,685.64792102
2025-03-25 06:00:00,86650.3,86882.9,86347.9,86456.0,491.05692998
2025-03-25 08:00:00,86455.9,87400.0,86410.0,87230.0,749.7176806
2025-03-25 10:00:00,87230.0,87500.0,86951.4,87376.1,429.3270867
2025-03-25 12:00:00,87378.0,87999.0,86929.3,87601.9,798.87668992
2025-03-25 14:00:00,87602.0,88262.0,87336.4,87768.1,885.99030063
2025-03-25 16:00:00,87768.1,88328.0,87641.0,87938.0,510.12914692
2025-03-25 18:00:00,87938.0,88259.9,87577.2,88114.4,449.77702223
2025-03-25 20:00:00,88112.1,88545.7,87707.0,87753.2,468.40427797
2025-03-25 22:00:00,87750.5,87814.0,87134.5,87414.6,379.8235871
2025-03-26 00:00:00,87414.6,87898.0,87236.0,87839.5,261.65449489
2025-03-26 02:00:00,87838.1,87839.6,87027.7,87159.0,436.84479766
2025-03-26 04:00:00,87159.0,87643.2,87048.0,87526.0,306.81800267
2025-03-26 06:00:00,87526.1,88284.0,87444.0,88140.0,488.31336452
2025-03-26 08:00:00,88139.8,88204.0,87816.6,87926.5,625.74505642
2025-03-26 10:00:00,87926.5,88267.9,87923.2,87956.8,518.45799981
2025-03-26 12:00:00,87956.8,88020.0,86701.4,86846.1,1019.64040038
2025-03-26 14:00:00,86840.8,87314.0,86434.3,86740.8,1368.68263576
2025-03-26 16:00:00,86740.7,87056.4,86400.0,86566.1,636.76723137
2025-03-26 18:00:00,86566.1,86792.8,85860.0,86552.0,790.99040765
2025-03-26 20:00:00,86550.0,87400.0,86504.1,87106.1,549.95587503
2025-03-26 22:00:00,87106.0,87154.0,86566.0,86926.2,409.43155918
2025-03-27 00:00:00,86926.3,87500.0,86799.9,87385.9,547.84727457
2025-03-27 02:00:00,87386.0,87765.2,87339.6,87673.6,550.6481336
2025-03-27 04:00:00,87673.6,87693.3,87248.0,87306.4,365.89473445
2025-03-27 06:00:00,87306.3,87545.1,87241.3,87403.1,312.91932835
2025-03-27 08:00:00,87403.0,87598.4,87252.1,87420.0,297.25713409
2025-03-27 10:00:00,87421.0,87599.9,86700.0,86940.1,777.14009034
2025-03-27 12:00:00,86940.1,87107.9,85800.0,86393.8,1161.90928878
2025-03-27 14:00:00,86390.1,87570.8,86199.9,86970.9,1315.58974621
2025-03-27 16:00:00,86969.6,87279.9,86800.0,86904.1,458.89883842
2025-03-27 18:00:00,86904.1,87425.9,86874.0,87062.7,292.28371774
2025-03-27 20:00:00,87062.7,87724.0,86931.8,87554.1,386.27336934
2025-03-27 22:00:00,87554.2,87600.1,87112.4,87228.0,207.97188314
2025-03-28 00:00:00,87228.0,87504.4,86915.2,87240.0,750.44623627
2025-03-28 02:00:00,87242.2,87339.1,86700.0,86793.8,1260.16300376
2025-03-28 04:00:00,86793.9,86838.7,85828.0,86050.1,1114.06466692
2025-03-28 06:00:00,86050.0,86250.0,85156.1,85202.0,1588.55165896
2025-03-28 08:00:00,85202.0,85440.0,85005.2,85155.3,792.22528572
2025-03-28 10:00:00,85155.4,85261.9,84808.8,85249.9,864.15870588
2025-03-28 12:00:00,85249.9,85631.5,84880.2,84998.4,1114.36423401
2025-03-28 14:00:00,84999.9,85121.0,83958.9,84051.5,1853.27071862
2025-03-28 16:00:00,84051.5,84216.2,83585.0,84010.5,1099.80488574
2025-03-28 18:00:00,84010.3,84169.3,83636.3,83795.9,378.86051869
2025-03-28 20:00:00,83796.0,84178.6,83700.0,84059.4,307.91664887
2025-03-28 22:00:00,84059.5,84544.9,84059.4,84427.3,700.20404899
2025-03-29 00:00:00,84427.4,84626.7,84204.7,84278.0,263.05797341
2025-03-29 02:00:00,84278.0,84419.3,83700.0,84154.3,418.57088202
2025-03-29 04:00:00,84154.2,84254.2,83850.0,84006.3,98.80880876
2025-03-29 06:00:00,84006.3,84006.3,83663.1,83741.4,431.12358389
2025-03-29 08:00:00,83741.3,83957.9,83233.4,83548.5,694.37165283
2025-03-29 10:00:00,83549.9,83573.9,82011.0,82293.2,1191.70212518
2025-03-29 12:00:00,82293.2,82860.9,82128.8,82846.0,540.89341909
2025-03-29 14:00:00,82846.0,82893.9,82379.8,82418.4,272.26094073
2025-03-29 16:00:00,82418.4,82691.7,81644.2,82340.4,1006.78596061
2025-03-29 18:00:00,82340.4,82770.4,82216.9,82770.4,250.00660812
2025-03-29 20:00:00,82770.4,82797.6,82352.6,82517.7,183.70356052
2025-03-29 22:00:00,82517.8,82692.9,82260.0,82650.1,177.06541677
2025-03-30 00:00:00,82650.0,83080.7,82493.1,82944.4,325.68382174
2025-03-30 02:00:00,82944.4,83513.4,82922.3,83080.3,404.67968249
2025-03-30 04:00:00,83080.3,83322.0,82925.5,82961.9,169.25994622
2025-03-30 06:00:00,82962.0,83318.0,82865.2,83083.1,278.61527783
2025-03-30 08:00:00,83083.0,83524.4,83083.0,83498.8,175.90543198
2025-03-30 10:00:00,83498.8,83535.4,82975.0,83126.0,362.32989345
2025-03-30 12:00:00,83127.8,83273.2,82528.8,82688.1,410.47903757
2025-03-30 14:00:00,82686.7,83065.3,82608.0,82735.2,282.89555023
2025-03-30 16:00:00,82736.5,82823.4,82040.0,82419.7,1901.56057324
2025-03-30 18:00:00,82419.7,82914.5,82419.6,82549.9,204.22521522
2025-03-30 20:00:00,82550.0,82712.0,82054.7,82240.1,120.82049292
2025-03-30 22:00:00,82238.8,82760.2,81569.3,82398.2,531.6071513
2025-03-31 00:00:00,82398.4,82456.5,81268.5,81960.4,663.41892038
2025-03-31 02:00:00,81961.9,82189.5,81470.1,81535.4,408.83728724
2025-03-31 04:00:00,81535.9,82304.7,81407.4,82170.4,451.35400575
2025-03-31 06:00:00,82170.3,82301.6,81732.3,81941.3,410.72747007
2025-03-31 08:00:00,81941.3,82265.9,81341.3,81469.5,473.69372311
2025-03-31 10:00:00,81469.6,82275.3,81300.0,82204.4,498.22197047
2025-03-31 12:00:00,82202.6,83176.0,81666.6,82510.1,1060.41542332
2025-03-31 14:00:00,82512.0,83929.6,82498.6,83423.0,1238.10309397
2025-03-31 16:00:00,83420.7,83694.1,82578.9,82687.4,368.80523317
2025-03-31 18:00:00,82687.4,83572.9,82394.5,82459.7,378.0379715
2025-03-31 20:00:00,82459.7,82840.0,82357.9,82565.1,204.3050153
2025-03-31 22:00:00,82565.2,82895.4,82263.6,82556.9,288.45340747
2025-04-01 00:00:00,82556.9,82847.3,82429.6,82713.6,244.73164509
2025-04-01 02:00:00,82713.6,83252.8,82652.0,82964.9,557.69399151
2025-04-01 04:00:00,82964.9,83332.0,82885.7,83006.2,232.02934711
2025-04-01 06:00:00,83006.3,83599.9,82891.0,83452.7,415.51421134
2025-04-01 08:00:00,83452.8,84392.2,83431.9,84353.8,1063.95163676
2025-04-01 10:00:00,84353.9,84502.4,83827.8,83923.4,636.73216314
2025-04-01 12:00:00,83923.4,84159.8,83418.0,83615.4,656.10346645
2025-04-01 14:00:00,83622.2,85500.0,82536.2,85286.8,2544.39752142
2025-04-01 16:00:00,85288.2,85487.2,84814.9,85120.2,859.88555915
2025-04-01 18:00:00,85120.3,85183.2,84697.2,84968.5,382.51011323
2025-04-01 20:00:00,84968.5,85482.1,84768.2,85240.0,558.3733008
2025-04-01 22:00:00,85240.8,85555.0,84975.0,85168.2,455.06951235
2025-04-02 00:00:00,85168.3,85273.1,84849.8,85155.9,471.89544851
2025-04-02 02:00:00,85156.0,85178.3,84507.4,84549.9,492.08393878
2025-04-02 04:00:00,84550.0,84735.1,84105.5,84107.9,332.95699228
2025-04-02 06:00:00,84107.8,84457.1,83900.0,84420.6,525.66424935
2025-04-02 08:00:00,84420.7,85450.0,84260.0,85019.7,471.56943423
2025-04-02 10:00:00,85019.6,85291.6,84546.6,84569.8,321.6468705
2025-04-02 12:00:00,84569.9,86140.7,84466.6,85230.1,1524.11429316
2025-04-02 14:00:00,85230.0,87344.0,85169.3,86752.4,2222.96608
2025-04-02 16:00:00,86755.0,87328.5,86345.0,86615.8,691.54406978
2025-04-02 18:00:00,86615.8,87010.9,86174.0,86896.0,647.23531939
2025-04-02 20:00:00,86896.1,88500.0,84220.5,84856.2,4443.44563923
2025-04-02 22:00:00,84856.0,84856.0,82320.1,82513.2,2014.54933503
2025-04-03 00:00:00,82514.1,83937.3,82169.7,83749.7,1480.00824455
2025-04-03 02:00:00,83749.8,83890.0,83270.3,83483.7,531.0890356
2025-04-03 04:00:00,83484.0,83742.0,83271.5,83338.0,501.57508053
2025-04-03 06:00:00,83338.1,83498.1,83001.4,83456.1,563.50736596
2025-04-03 08:00:00,83457.9,83791.1,83450.0,83483.7,399.1317173
2025-04-03 10:00:00,83483.7,83750.0,83041.5,83093.1,529.96159191
2025-04-03 12:00:00,83093.0,83142.0,81782.0,82374.4,2042.12189801
2025-04-03 14:00:00,82374.4,82400.0,81203.0,82046.1,1445.84096151
2025-04-03 16:00:00,82046.1,82469.6,81636.0,81837.2,1566.41328326
2025-04-03 18:00:00,81837.1,82364.7,81543.7,82016.1,647.46032749
2025-04-03 20:00:00,82016.0,82866.0,81798.8,82725.9,560.21507077
2025-04-03 22:00:00,82725.9,83331.4,82500.1,83216.3,455.10053313
2025-04-04 00:00:00,83216.4,83416.9,82590.1,82703.0,665.12593461
2025-04-04 02:00:00,82703.0,83185.9,82684.0,82816.6,216.71202706
2025-04-04 04:00:00,82816.6,83212.5,82618.1,83192.3,449.81307048
2025-04-04 06:00:00,83190.1,84026.4,83036.1,83999.7,904.33895141
2025-04-04 08:00:00,83999.8,84725.0,83999.8,84577.8,1197.18703772
2025-04-04 10:00:00,84580.0,84700.0,81667.0,82682.0,2346.51142528
2025-04-04 12:00:00,82682.0,83518.9,82140.0,83340.2,1851.99239887
2025-04-04 14:00:00,83346.6,83700.0,81840.6,82860.1,2707.28962896
2025-04-04 16:00:00,82862.0,84613.2,82736.8,84466.2,1447.79799347
2025-04-04 18:00:00,84466.2,84588.2,83733.3,84000.2,957.11233773
2025-04-04 20:00:00,84000.1,84460.0,83479.7,84195.2,548.07550796
2025-04-04 22:00:00,84195.3,84284.7,83641.7,83889.0,316.66222424
2025-04-05 00:00:00,83889.1,84268.7,83421.0,83975.7,372.52495683
2025-04-05 02:00:00,83975.7,84095.1,83620.0,83630.8,207.30375777
2025-04-05 04:00:00,83630.0,83866.6,83607.4,83684.1,148.64567518
2025-04-05 06:00:00,83684.1,83734.0,83331.9,83527.7,269.83675945
2025-04-05 08:00:00,83527.7,83860.0,83353.5,83848.2,961.23447903
2025-04-05 10:00:00,83848.3,83915.4,83460.0,83469.0,196.33348409
2025-04-05 12:00:00,83468.9,83566.9,82528.1,82764.1,724.29745509
2025-04-05 14:00:00,82764.0,83038.0,82383.0,82620.5,524.47884904
2025-04-05 16:00:00,82620.1,82962.0,82609.4,82874.3,118.68940114
2025-04-05 18:00:00,82874.3,83149.5,82779.8,82862.4,155.05387176
2025-04-05 20:00:00,82862.4,83248.5,82820.1,82923.0,141.60424521
2025-04-05 22:00:00,82926.1,83684.1,82923.6,83534.2,142.4562103
2025-04-06 00:00:00,83539.6,83793.7,83414.0,83432.2,192.36202699
2025-04-06 02:00:00,83432.3,83494.5,83160.8,83346.0,274.72307518
2025-04-06 04:00:00,83345.9,83530.0,83224.7,83441.1,131.41418859
2025-04-06 06:00:00,83441.1,83465.7,83025.1,83028.1,233.70962958
2025-04-06 08:00:00,83028.0,83168.0,82718.2,83077.0,291.15071446
2025-04-06 10:00:00,83077.0,83078.4,82652.0,82843.6,360.77613402
2025-04-06 12:00:00,82842.5,83000.0,82216.0,82305.9,631.2972214
2025-04-06 14:00:00,82306.0,82803.7,82216.0,82547.6,1462.89420407
2025-04-06 16:00:00,82547.6,82565.8,80567.1,80812.0,1556.7967402
2025-04-06 18:00:00,80812.0,80812.0,78688.7,79614.4,2454.15654955
2025-04-06 20:00:00,79614.5,79891.3,78523.0,78948.8,1154.97498905
2025-04-06 22:00:00,78947.6,79132.3,77142.8,78426.0,3289.33381519
2025-04-07 00:00:00,78427.1,79340.0,77414.0,79133.4,1455.97195626
2025-04-07 02:00:00,79133.3,79224.3,77350.0,77689.0,715.56991118
2025-04-07 04:00:00,77688.9,77981.0,76655.0,76948.0,1439.68721403
2025-04-07 06:00:00,76947.9,77299.2,74501.6,75124.0,4536.65911846
2025-04-07 08:00:00,75124.0,76832.9,75088.9,76281.9,1816.08732514
2025-04-07 10:00:00,76281.9,77565.5,76150.4,76690.0,1195.88252885
2025-04-07 12:00:00,76691.5,78487.2,75775.5,78361.3,2224.70463481
2025-04-07 14:00:00,78362.0,81213.5,77531.2,78480.1,7856.73286672
2025-04-07 16:00:00,78480.0,79208.7,77293.5,79067.0,1767.75850509
2025-04-07 18:00:00,79070.0,79371.2,78010.2,78120.0,1134.87834946
2025-04-07 20:00:00,78127.8,79591.6,78100.1,79230.0,425.47542499
2025-04-07 22:00:00,79233.3,80210.0,79083.9,79174.4,652.26972469
2025-04-08 00:00:00,79174.4,80800.0,78776.7,80599.6,853.97853741
2025-04-08 02:00:00,80599.6,80860.0,79753.8,79904.8,699.06649969
2025-04-08 04:00:00,79904.8,80413.4,79530.0,79866.1,515.39640291
2025-04-08 06:00:00,79866.0,79866.0,79216.0,79487.0,556.02779551
2025-04-08 08:00:00,79486.0,79526.0,78869.6,78906.2,648.59092933
2025-04-08 10:00:00,78906.2,80070.0,78818.4,79985.6,573.92624814
2025-04-08 12:00:00,79985.6,80395.0,79378.0,79891.7,1097.0306334
2025-04-08 14:00:00,79893.8,80257.3,78176.6,78497.0,1607.74161067
2025-04-08 16:00:00,78496.9,78524.9,76555.0,77346.1,1746.31828842
2025-04-08 18:00:00,77350.0,77997.8,76353.0,76867.4,1440.48924618
2025-04-08 20:00:00,76867.5,77287.0,76602.8,77108.2,620.79093614
2025-04-08 22:00:00,77110.0,77132.1,76243.3,76329.9,726.4679433
2025-04-09 00:00:00,76329.9,76875.7,74627.5,76079.9,2175.02361818
2025-04-09 02:00:00,76080.0,76460.2,75018.2,75078.8,986.57246172
2025-04-09 04:00:00,75073.5,76913.0,75000.0,76733.3,1078.48815972
2025-04-09 06:00:00,76733.3,77949.0,76704.6,77688.1,1585.81173733
2025-04-09 08:00:00,77688.0,77870.0,77075.0,77467.9,755.88556778
2025-04-09 10:00:00,77468.0,77574.0,75774.2,76238.3,2155.42297616
2025-04-09 12:00:00,76238.4,77861.5,76030.3,77706.0,1882.31082202
2025-04-09 14:00:00,77702.1,78318.9,76809.0,77261.4,1793.43560519
2025-04-09 16:00:00,77269.2,82307.1,77134.6,82192.0,5823.72005344
2025-04-09 18:00:00,82195.8,82986.2,81700.2,82335.3,3216.70013334
2025-04-09 20:00:00,82335.3,83583.1,82000.1,83280.5,1337.15148818
2025-04-09 22:00:00,83280.5,83482.0,82533.2,82618.4,824.26448983
2025-04-10 00:00:00,82618.3,82749.0,82062.5,82252.5,1346.5063343
2025-04-10 02:00:00,82252.5,82567.9,81466.7,81774.0,893.46949931
2025-04-10 04:00:00,81774.0,82243.6,81634.3,82163.3,462.14108199
2025-04-10 06:00:00,82163.4,82341.7,81300.0,81593.9,896.56696214
2025-04-10 08:00:00,81594.0,82075.9,81331.7,82030.0,533.05585862
2025-04-10 10:00:00,82028.3,82115.6,81504.2,81874.0,453.14824736
2025-04-10 12:00:00,81873.9,82521.8,80742.6,80871.9,1864.97387383
2025-04-10 14:00:00,80871.9,81839.9,78606.1,78750.7,3262.10933427
2025-04-10 16:00:00,78750.6,79676.4,78462.0,79320.0,2346.01200638
2025-04-10 18:00:00,79317.5,80041.4,79215.7,79641.8,976.83636614
2025-04-10 20:00:00,79640.0,80033.2,79566.0,79709.1,289.94669547
2025-04-10 22:00:00,79709.8,79914.2,79378.7,79599.5,432.23691996
2025-04-11 00:00:00,79592.0,80451.7,78970.9,80442.2,1284.26855838
2025-04-11 02:00:00,80442.1,80909.0,80152.1,80845.8,673.60277683
2025-04-11 04:00:00,80844.9,81096.9,80512.1,80818.2,474.90547347
2025-04-11 06:00:00,80812.1,81442.0,80812.1,81255.6,972.54810992
2025-04-11 08:00:00,81255.6,82427.1,80780.1,82419.2,1325.67936869
2025-04-11 10:00:00,82419.2,82976.0,82020.0,82135.6,1326.89959397
2025-04-11 12:00:00,82139.1,83333.0,81813.1,82924.1,1667.11126176
2025-04-11 14:00:00,82924.0,82924.0,81342.8,82527.9,1622.23531676
2025-04-11 16:00:00,82528.0,84044.8,82012.6,83926.8,1582.28824695
2025-04-11 18:00:00,83926.7,84219.2,83510.1,83849.5,767.41637504
2025-04-11 20:00:00,83849.5,84300.0,83631.7,83668.3,397.02030894
2025-04-11 22:00:00,83668.4,83707.4,83143.8,83416.0,354.8720107
2025-04-12 00:00:00,83414.1,83566.5,83141.2,83207.5,510.39444548
2025-04-12 02:00:00,83207.6,83300.0,82764.9,82968.1,567.57768256
2025-04-12 04:00:00,82968.1,83500.0,82850.0,83329.1,1263.16422145
2025-04-12 06:00:00,83329.1,83800.0,83329.1,83715.9,542.41753052
2025-04-12 08:00:00,83715.9,84023.2,83380.9,83538.1,435.74487716
2025-04-12 10:00:00,83538.0,83640.3,83290.8,83520.4,217.23508436
2025-04-12 12:00:00,83520.4,84678.0,83468.5,84449.8,1047.1981466
2025-04-12 14:00:00,84449.9,85400.0,84300.0,84996.2,1309.36365719
2025-04-12 16:00:00,84996.2,85200.0,84422.0,84760.0,446.53828195
2025-04-12 18:00:00,84760.8,85253.8,84746.1,84932.9,248.99001045
2025-04-12 20:00:00,84932.9,85888.0,84870.0,85355.0,567.7472505
2025-04-12 22:00:00,85355.1,85694.1,85148.0,85268.0,314.31185689
2025-04-13 00:00:00,85268.1,86100.0,85010.0,85242.4,858.30631925
2025-04-13 02:00:00,85241.9,85714.0,84716.0,85416.7,575.33929804
2025-04-13 04:00:00,85416.7,85427.6,84376.4,84510.2,1196.7537581
2025-04-13 06:00:00,84510.2,84850.9,84408.0,84418.0,913.94457944
2025-04-13 08:00:00,84417.9,84954.8,84265.7,84910.1,323.66049469
2025-04-13 10:00:00,84910.1,84955.9,84204.0,84520.6,318.32502319
2025-04-13 12:00:00,84520.6,84696.1,83464.1,83565.0,1885.42678874
2025-04-13 14:00:00,83565.0,84148.8,83458.0,83850.8,575.08343148
2025-04-13 16:00:00,83850.8,85024.0,83837.1,84756.1,770.40644132
2025-04-13 18:00:00,84755.9,84950.0,83020.2,83983.3,740.99211916
2025-04-13 20:00:00,83983.9,84436.7,83040.0,83603.8,585.63826972
2025-04-13 22:00:00,83603.9,83872.1,83166.3,83760.0,451.61249682
2025-04-14 00:00:00,83758.1,85172.0,83688.2,84230.2,726.19602239
2025-04-14 02:00:00,84230.2,85534.4,84033.4,84569.3,907.96186793
2025-04-14 04:00:00,84568.9,85106.8,84343.1,84579.1,380.35309344
2025-04-14 06:00:00,84579.1,84796.7,84226.9,84586.0,446.33689683
2025-04-14 08:00:00,84586.1,84962.6,84254.0,84449.2,463.08660065
2025-04-14 10:00:00,84444.6,84968.0,84313.8,84929.8,765.95386957
2025-04-14 12:00:00,84929.8,85280.0,84054.2,84376.1,667.752373
2025-04-14 14:00:00,84377.9,85808.1,83711.0,84102.0,2592.91209379
2025-04-14 16:00:00,84106.7,84894.0,83859.3,84867.0,886.95233192
2025-04-14 18:00:00,84867.9,85206.0,84685.7,84900.2,582.86806053
2025-04-14 20:00:00,84900.2,84963.9,84440.1,84699.4,398.37560423
2025-04-14 22:00:00,84699.5,84774.6,84413.2,84586.6,201.31532696
2025-04-15 00:00:00,84586.7,85124.8,84335.1,84975.5,289.74004544
2025-04-15 02:00:00,84979.2,85416.6,84691.5,85380.6,499.51487201
2025-04-15 04:00:00,85380.7,85879.9,85157.1,85539.1,605.16644881
2025-04-15 06:00:00,85539.1,85779.9,85354.0,85732.9,472.74144665
2025-04-15 08:00:00,85732.9,85988.0,85591.4,85987.9,819.55644481
2025-04-15 10:00:00,85987.9,86000.0,85334.5,85582.2,526.01535254
2025-04-15 12:00:00,85584.0,86460.0,85440.1,85572.6,1077.642718
2025-04-15 14:00:00,85578.0,85966.5,84625.1,84915.7,1359.66669973
2025-04-15 16:00:00,84917.7,85142.8,84406.9,84482.8,424.848959
2025-04-15 18:00:00,84482.7,84602.2,83900.0,83970.5,924.139963
2025-04-15 20:00:00,83970.6,84228.4,83800.0,84166.9,575.81150119
2025-04-15 22:00:00,84166.9,84166.9,83603.2,83650.7,494.44988796
2025-04-16 00:00:00,83650.6,83708.8,83107.6,83638.8,619.68278509
2025-04-16 02:00:00,83632.1,83948.2,83578.8,83679.9,378.76136215
2025-04-16 04:00:00,83679.9,83814.9,83216.7,83364.1,423.52271084
2025-04-16 06:00:00,83364.0,83740.0,83267.3,83364.1,471.50983853
2025-04-16 08:00:00,83364.1,84111.2,83131.0,83591.9,562.25770035
2025-04-16 10:00:00,83591.8,84118.5,83567.1,84044.8,260.82538623
2025-04-16 12:00:00,84045.4,84260.0,83500.3,83722.7,560.71921926
2025-04-16 14:00:00,83720.4,85280.5,83700.1,84849.5,1078.48976736
2025-04-16 16:00:00,84849.9,85550.0,83276.6,83292.0,1039.68633577
2025-04-16 18:00:00,83291.9,84488.9,83278.2,84338.2,764.2685869
2025-04-16 20:00:00,84336.4,84683.0,84240.1,84555.9,197.96619274
2025-04-16 22:00:00,84556.0,84601.3,84024.1,84029.7,223.53716084
2025-04-17 00:00:00,84029.8,84496.3,83937.2,84339.4,235.18090669
2025-04-17 02:00:00,84339.4,84339.4,83800.0,83998.0,284.42851833
2025-04-17 04:00:00,83998.0,84488.0,83895.7,84383.7,363.57705013
2025-04-17 06:00:00,84383.8,85050.0,84300.1,84667.2,687.30686218
2025-04-17 08:00:00,84667.1,84764.3,84350.7,84475.8,280.89686928
2025-04-17 10:00:00,84475.9,84763.9,84177.7,84572.0,260.20737187
2025-04-17 12:00:00,84572.1,84869.0,84314.8,84475.9,467.62495397
2025-04-17 14:00:00,84475.9,84698.0,83722.0,84544.6,843.72046907
2025-04-17 16:00:00,84544.7,85200.0,84409.0,85114.1,1525.90783585
2025-04-17 18:00:00,85116.8,85489.0,84493.5,84849.9,1036.44522342
2025-04-17 20:00:00,84849.3,85148.4,84849.3,85058.1,181.63994203
2025-04-17 22:00:00,85058.1,85105.0,84726.0,84955.0,322.55835889
2025-04-18 00:00:00,84955.1,85138.0,84724.9,84931.9,197.40001719
2025-04-18 02:00:00,84931.9,84993.0,84742.0,84838.0,168.19209261
2025-04-18 04:00:00,84838.0,84852.3,84520.0,84741.9,205.09404689
2025-04-18 06:00:00,84741.9,84788.9,84409.0,84666.1,393.62227025
2025-04-18 08:00:00,84666.1,84774.5,84522.1,84553.6,148.12611628
2025-04-18 10:00:00,84553.7,84679.5,84476.1,84670.1,120.48515794
2025-04-18 12:00:00,84670.1,84771.9,84478.2,84568.9,251.6108757
2025-04-18 14:00:00,84568.9,84621.3,84335.0,84375.2,276.96123402
2025-04-18 16:00:00,84375.2,84600.0,84300.0,84572.3,127.89814576
2025-04-18 18:00:00,84572.4,84662.3,84507.1,84570.9,87.18922105
2025-04-18 20:00:00,84571.0,84690.3,84468.0,84632.2,116.39099136
2025-04-18 22:00:00,84633.3,84649.9,84348.0,84468.6,239.53550773
2025-04-19 00:00:00,84468.6,84600.0,84370.0,84545.8,127.92631089
2025-04-19 02:00:00,84545.8,85000.0,84500.0,84881.1,915.38900482
2025-04-19 04:00:00,84881.2,85268.5,84881.2,85075.1,356.94433167
2025-04-19 06:00:00,85075.2,85266.6,84887.8,85217.8,278.61473661
2025-04-19 08:00:00,85217.9,85465.0,85109.8,85342.2,752.78982127
2025-04-19 10:00:00,85342.3,85355.8,85130.0,85225.9,154.05970691
2025-04-19 12:00:00,85226.0,85506.5,85203.4,85485.0,438.54992431
2025-04-19 14:00:00,85485.1,85661.0,85076.0,85190.0,360.91012218
2025-04-19 16:00:00,85190.0,85329.9,84713.2,85237.5,353.60772798
2025-04-19 18:00:00,85237.5,85323.5,85050.1,85096.1,81.78896687
2025-04-19 20:00:00,85096.2,85380.0,85018.5,85350.0,74.19313951
2025-04-19 22:00:00,85350.0,85368.0,85070.0,85087.8,74.21162117
2025-04-20 00:00:00,85087.9,85350.1,85039.9,85322.9,252.13487478
2025-04-20 02:00:00,85323.0,85333.2,85116.1,85172.0,131.7068552
2025-04-20 04:00:00,85172.0,85251.2,85088.6,85090.1,155.37961372
2025-04-20 06:00:00,85090.1,85170.7,84645.9,84790.2,2209.14393123
2025-04-20 08:00:00,84790.2,84796.3,84440.0,84531.4,643.41328925
2025-04-20 10:00:00,84531.4,84531.4,83941.7,84128.4,777.07482056
2025-04-20 12:00:00,84128.4,84480.1,84100.1,84289.0,477.6082504
2025-04-20 14:00:00,84289.0,84689.0,84216.9,84345.4,973.30930637
2025-04-20 16:00:00,84345.4,84636.0,84259.4,84578.0,193.13153629
2025-04-20 18:00:00,84578.0,84665.0,84466.6,84648.5,51.5565758
2025-04-20 20:00:00,84648.6,85257.0,84620.0,85007.8,497.91863788
2025-04-20 22:00:00,85007.7,85300.0,84674.1,85183.7,347.236106
2025-04-21 00:00:00,85183.8,87445.3,85143.4,87294.0,3103.16974325
2025-04-21 02:00:00,87294.0,87654.3,87099.7,87202.0,687.91400297
2025-04-21 04:00:00,87202.1,87738.0,87050.0,87549.9,475.61633004
2025-04-21 06:00:00,87550.0,87698.5,87338.0,87436.1,600.75506789
2025-04-21 08:00:00,87436.1,87789.2,87300.3,87500.0,408.12947518
2025-04-21 10:00:00,87500.0,87570.0,86637.6,86972.9,511.14875937
2025-04-21 12:00:00,86972.8,87578.0,86779.7,87035.6,901.06058111
2025-04-21 14:00:00,87030.0,88466.0,86937.6,88042.5,2338.09121011
2025-04-21 16:00:00,88042.6,88260.0,86400.0,86862.7,1861.50446609
2025-04-21 18:00:00,86862.7,87492.0,86646.3,87410.2,756.63049856
2025-04-21 20:00:00,87410.3,87439.7,86875.9,87265.7,219.62998157
2025-04-21 22:00:00,87264.8,87624.9,86923.1,87516.1,326.32916967
2025-04-22 00:00:00,87512.1,88878.0,87062.8,88390.0,1154.74413952
2025-04-22 02:00:00,88389.8,88679.0,87833.4,88159.1,825.59476079
2025-04-22 04:00:00,88156.8,88411.9,87965.5,88387.9,305.11236928
2025-04-22 06:00:00,88388.0,88490.0,87991.1,88481.2,443.09947366
2025-04-22 08:00:00,88481.2,88688.0,88306.4,88576.7,447.01899042
2025-04-22 10:00:00,88576.7,88698.0,88245.0,88615.9,386.7124512
2025-04-22 12:00:00,88615.5,90500.0,88480.0,90240.0,2743.61778034
2025-04-22 14:00:00,90240.0,91427.2,90032.0,90925.9,2514.63707748
2025-04-22 16:00:00,90926.0,91480.0,90612.0,91386.3,1093.04019991
2025-04-22 18:00:00,91386.2,91698.6,90903.5,91420.0,943.93479928
2025-04-22 20:00:00,91419.2,94086.3,91049.5,93039.9,2103.48532652
2025-04-22 22:00:00,93039.9,93866.6,92544.8,93447.9,1058.76668629
2025-04-23 00:00:00,93448.0,93899.0,92602.0,92647.9,976.31433561
2025-04-23 02:00:00,92647.9,93272.6,92624.0,93176.1,647.93937186
2025-04-23 04:00:00,93176.2,93686.0,93022.0,93493.7,726.3950551
2025-04-23 06:00:00,93493.7,94299.9,93428.2,94144.0,1041.55760344
2025-04-23 08:00:00,94144.0,94500.0,93888.9,93890.3,919.02832992
2025-04-23 10:00:00,93890.4,93898.0,93330.6,93473.9,716.09138624
2025-04-23 12:00:00,93473.8,94779.6,92870.4,93025.0,1441.04089489
2025-04-23 14:00:00,93027.6,93658.3,91935.8,93188.5,1879.3429847
2025-04-23 16:00:00,93188.5,93990.6,92903.2,93889.0,678.0779195
2025-04-23 18:00:00,93889.0,94212.1,92950.4,93490.1,542.73349489
2025-04-23 20:00:00,93490.0,93910.8,93267.5,93479.9,324.4741316
2025-04-23 22:00:00,93480.0,93840.0,93223.2,93676.1,259.03360404
2025-04-24 00:00:00,93676.0,93773.1,93074.0,93490.3,359.91878127
2025-04-24 02:00:00,93490.3,93646.8,92627.3,92659.2,515.672647
2025-04-24 04:00:00,92659.3,92897.0,92375.0,92583.9,602.68496902
2025-04-24 06:00:00,92583.9,92666.0,92089.8,92198.9,548.60703233
2025-04-24 08:00:00,92198.8,92580.0,91662.9,92467.6,1629.32803089
2025-04-24 10:00:00,92467.6,92665.5,92280.0,92623.2,535.56417582
2025-04-24 12:00:00,92623.3,92975.2,92434.5,92814.1,557.55396311
2025-04-24 14:00:00,92814.0,93471.5,92621.3,93205.8,845.66878974
2025-04-24 16:00:00,93205.8,93597.2,92670.1,93005.7,668.44240438
2025-04-24 18:00:00,93005.7,93670.2,92992.8,93563.0,439.06260457
2025-04-24 20:00:00,93560.1,93649.9,93026.0,93359.9,302.17932389
2025-04-24 22:00:00,93360.0,93998.0,93282.8,93973.9,578.62836865
2025-04-25 00:00:00,93974.0,94433.3,93518.1,93664.3,733.6618406
2025-04-25 02:00:00,93664.3,93878.9,92842.0,93316.0,803.56104751
2025-04-25 04:00:00,93316.1,93499.3,93010.1,93211.8,649.08433357
2025-04-25 06:00:00,93211.9,93874.7,93202.0,93773.5,1051.52692664
2025-04-25 08:00:00,93773.5,93896.0,93536.9,93825.4,413.0666524
2025-04-25 10:00:00,93825.4,94640.8,93573.1,94625.0,793.10796117
2025-04-25 12:00:00,94627.8,94992.8,93937.7,94398.1,981.5631029
2025-04-25 14:00:00,94398.0,95768.4,94354.9,95067.6,2195.06864202
2025-04-25 16:00:00,95067.6,95550.0,94378.2,94531.9,654.47365987
2025-04-25 18:00:00,94532.0,95319.8,94530.1,95283.8,570.60993802
2025-04-25 20:00:00,95286.0,95342.0,94450.1,94600.0,283.96430647
2025-04-25 22:00:00,94601.9,94972.5,94582.0,94640.0,189.53613998
2025-04-26 00:00:00,94645.1,95208.8,94555.1,95017.2,311.37611751
2025-04-26 02:00:00,95017.2,95154.0,94708.4,94737.5,263.2464785
2025-04-26 04:00:00,94737.4,94840.0,94380.0,94626.2,415.68124882
2025-04-26 06:00:00,94626.2,94799.9,94562.0,94562.1,293.21399184
2025-04-26 08:00:00,94562.1,94731.5,94125.0,94275.9,477.17143778
2025-04-26 10:00:00,94276.0,94413.5,94000.0,94144.5,397.84769892
2025-04-26 12:00:00,94144.5,94325.5,93870.1,94154.1,409.46070031
2025-04-26 14:00:00,94154.0,94399.9,93919.0,94366.0,498.0659899
2025-04-26 16:00:00,94366.0,94382.5,94023.9,94331.6,511.26588345
2025-04-26 18:00:00,94331.6,94384.0,94100.0,94307.3,115.63821735
2025-04-26 20:00:00,94307.3,94392.2,94086.7,94360.7,107.46252748
2025-04-26 22:00:00,94360.7,94900.0,94360.7,94631.8,512.92014554
2025-04-27 00:00:00,94631.8,95310.0,94050.0,94120.0,753.60328672
2025-04-27 02:00:00,94120.0,94470.5,94056.1,94166.0,180.53325883
2025-04-27 04:00:00,94166.0,94299.0,93657.9,93929.5,441.54315663
2025-04-27 06:00:00,93930.0,94165.8,93884.0,94080.7,292.70230163
2025-04-27 08:00:00,94081.9,94333.2,94016.3,94164.0,244.28047563
2025-04-27 10:00:00,94164.0,94190.5,93885.6,93918.3,196.87627364
2025-04-27 12:00:00,93916.6,94089.9,93610.3,94072.1,311.97918592
2025-04-27 14:00:00,94072.0,94186.0,93787.7,93902.1,199.08197855
2025-04-27 16:00:00,93902.1,94176.9,93718.3,94056.0,449.26994929
2025-04-27 18:00:00,94056.1,94449.9,93998.0,94435.9,152.34909806
2025-04-27 20:00:00,94436.0,94544.0,94162.2,94322.6,238.79853495
2025-04-27 22:00:00,94324.2,94333.6,93650.0,93744.0,236.24537309
2025-04-28 00:00:00,93744.0,93797.9,92774.1,92940.0,1034.14089514
2025-04-28 02:00:00,92939.9,93979.3,92878.1,93849.9,625.5199985
2025-04-28 04:00:00,93849.9,94342.7,93849.9,94228.2,523.19087978
2025-04-28 06:00:00,94228.2,94797.4,94228.1,94688.1,476.46779656
2025-04-28 08:00:00,94688.1,94880.0,94588.1,94733.0,395.65307139
2025-04-28 10:00:00,94733.2,95550.1,94334.1,95313.8,1967.8704147
2025-04-28 12:00:00,95313.9,95600.0,93917.8,93964.1,1157.51587852
2025-04-28 14:00:00,93964.1,94915.9,93588.0,93840.0,1127.44151144
2025-04-28 16:00:00,93838.5,94121.6,93450.0,94106.6,761.08168182
2025-04-28 18:00:00,94106.5,94933.3,93791.4,94799.9,535.93847953
2025-04-28 20:00:00,94795.2,94814.8,94292.1,94552.0,219.75300635
2025-04-28 22:00:00,94552.1,95178.0,94473.6,95014.6,529.13903146
2025-04-29 00:00:00,95014.6,95465.2,94732.0,94851.2,692.65309075
2025-04-29 02:00:00,94851.3,94964.3,94440.0,94655.8,450.01755661
2025-04-29 04:00:00,94655.9,94870.0,94200.0,94286.4,321.58383166
2025-04-29 06:00:00,94286.4,94973.0,94265.8,94930.0,418.25227367
2025-04-29 08:00:00,94930.0,95106.0,94794.0,94984.6,460.71971765
2025-04-29 10:00:00,94984.6,95294.0,94746.0,95126.3,344.06145535
2025-04-29 12:00:00,95126.3,95181.4,94589.6,94801.2,398.61497643
2025-04-29 14:00:00,94801.2,95300.0,94527.1,94840.4,599.69649689
2025-04-29 16:00:00,94840.5,95464.9,94655.6,95245.0,529.05416646
2025-04-29 18:00:00,95246.0,95450.3,95060.1,95306.7,379.17562551
2025-04-29 20:00:00,95306.7,95410.1,94353.6,94748.1,471.18775113
2025-04-29 22:00:00,94748.0,94748.0,93729.9,94242.0,1340.62714395
2025-04-30 00:00:00,94242.0,94635.0,94128.1,94531.9,316.11570176
2025-04-30 02:00:00,94532.0,95111.0,94449.2,95036.0,447.47134246
2025-04-30 04:00:00,95036.0,95186.0,94861.9,94899.9,383.9404054
2025-04-30 06:00:00,94900.0,94973.7,94500.0,94626.0,320.87998582
2025-04-30 08:00:00,94626.0,95055.1,94526.0,94975.7,226.00976898
2025-04-30 10:00:00,94978.1,95236.0,94852.4,95181.5,308.2435233
2025-04-30 12:00:00,95181.6,95220.0,93034.5,93046.2,1572.53090544
2025-04-30 14:00:00,93046.2,94369.9,92914.1,94009.3,1440.59372355
2025-04-30 16:00:00,94007.3,94280.0,93528.1,94108.5,339.95910126
2025-04-30 18:00:00,94108.6,94537.0,93764.0,94160.0,350.13833407
2025-04-30 20:00:00,94169.8,94786.3,94112.5,94429.6,313.62260532
2025-04-30 22:00:00,94429.5,94723.9,93981.8,94163.1,318.00445145
2025-05-01 00:00:00,94163.1,94711.0,94125.5,94641.3,330.32972607
2025-05-01 02:00:00,94641.3,95000.0,94608.1,94779.9,693.51615
2025-05-01 04:00:00,94780.0,95180.0,94702.8,95141.8,411.8537048
2025-05-01 06:00:00,95141.7,95179.4,94782.8,95007.5,342.91589315
2025-05-01 08:00:00,95007.6,95806.6,94900.0,95517.7,813.51885963
2025-05-01 10:00:00,95517.3,96394.0,95517.3,96183.5,917.26144434
2025-05-01 12:00:00,96183.5,96732.9,95800.0,95810.9,1606.19686659
2025-05-01 14:00:00,95810.9,97426.0,95810.9,96849.8,1448.38665749
2025-05-01 16:00:00,96849.9,97365.2,96518.0,96814.6,1180.38805586
2025-05-01 18:00:00,96814.7,96986.8,96402.6,96555.4,1563.46604481
2025-05-01 20:00:00,96550.0,96894.7,96318.2,96475.7,445.98360615
2025-05-01 22:00:00,96476.5,96658.0,96188.0,96488.2,206.55056223
2025-05-02 00:00:00,96488.0,97188.8,96468.0,96971.9,483.07654328
2025-05-02 02:00:00,96971.8,97240.0,96727.2,97109.9,260.69430836
2025-05-02 04:00:00,97110.0,97300.0,96628.0,96708.8,291.22248877
2025-05-02 06:00:00,96705.8,96896.1,96315.8,96362.4,1443.83843279
2025-05-02 08:00:00,96362.3,96789.5,96353.9,96614.0,1157.13720989
2025-05-02 10:00:00,96614.0,97100.0,96604.0,96933.3,465.16481403
2025-05-02 12:00:00,96933.3,97269.1,96650.0,96774.0,717.25033616
2025-05-02 14:00:00,96774.0,97896.0,96702.1,97331.1,1153.03728184
2025-05-02 16:00:00,97331.1,97799.9,97029.8,97396.1,515.73806565
2025-05-02 18:00:00,97396.2,97613.3,96756.0,96919.8,577.91251687
2025-05-02 20:00:00,96920.0,97140.0,96555.2,96718.1,193.50343128
2025-05-02 22:00:00,96718.1,96905.2,96571.0,96891.6,209.57933529
2025-05-03 00:00:00,96891.7,96929.3,96435.2,96505.3,300.72706504
2025-05-03 02:00:00,96508.0,96710.5,96303.7,96336.0,616.3753717
2025-05-03 04:00:00,96336.0,96600.0,96308.0,96420.0,134.63947217
2025-05-03 06:00:00,96420.0,96420.1,96123.0,96328.0,362.41531116
2025-05-03 08:00:00,96328.0,96444.3,96131.3,96260.5,830.28177441
2025-05-03 10:00:00,96260.1,96260.1,95850.0,95944.0,438.64465414
2025-05-03 12:00:00,95944.1,96346.0,95892.0,96344.0,204.49814685
2025-05-03 14:00:00,96343.9,96514.0,96291.0,96428.0,386.59657634
2025-05-03 16:00:00,96428.0,96434.2,95875.7,96198.1,251.24010893
2025-05-03 18:00:00,96198.1,96366.6,96105.0,96359.9,87.33623065
2025-05-03 20:00:00,96360.0,96448.0,96250.0,96278.7,136.64445678
2025-05-03 22:00:00,96278.8,96367.7,95751.6,95861.6,298.96643192
2025-05-04 00:00:00,95860.1,96184.0,95600.0,96099.9,449.66885499
2025-05-04 02:00:00,96100.0,96299.9,95666.6,95736.0,427.52337384
2025-05-04 04:00:00,95736.0,96145.4,95700.0,96048.0,199.70586542
2025-05-04 06:00:00,96048.1,96148.0,95812.6,95895.3,184.43845992
2025-05-04 08:00:00,95895.3,95939.3,95425.8,95495.9,382.53107945
2025-05-04 10:00:00,95496.0,95567.0,95294.2,95430.0,265.84488065
2025-05-04 12:00:00,95430.0,95613.3,95234.0,95386.7,216.55284361
2025-05-04 14:00:00,95389.5,95696.9,95335.3,95467.6,195.92813872
2025-05-04 16:00:00,95467.6,95570.7,95242.5,95409.5,147.19883335
2025-05-04 18:00:00,95409.5,95640.4,95338.0,95583.3,124.92598389
2025-05-04 20:00:00,95584.0,95760.4,95564.1,95671.2,166.98525844
2025-05-04 22:00:00,95671.3,95684.5,94123.2,94273.7,1488.08090533
2025-05-05 00:00:00,94273.8,94800.0,93701.1,93923.4,1109.19614237
2025-05-05 02:00:00,93923.4,94393.9,93489.1,94044.0,583.20274048
2025-05-05 04:00:00,94044.1,94771.9,94017.6,94741.5,405.46640541
2025-05-05 06:00:00,94744.0,94825.6,94536.1,94759.9,341.63762563
2025-05-05 08:00:00,94760.0,94796.0,94490.0,94566.9,257.83645839
2025-05-05 10:00:00,94567.0,94575.4,93900.1,94046.0,479.6266788
2025-05-05 12:00:00,94046.1,94415.6,93647.0,94233.2,506.4455166
2025-05-05 14:00:00,94233.2,94550.0,93614.1,93782.8,559.04417863
2025-05-05 16:00:00,93782.9,94634.0,93766.0,94511.4,314.92608575
2025-05-05 18:00:00,94511.5,94916.8,94286.8,94351.0,246.7065708
2025-05-05 20:00:00,94350.0,94843.5,93873.5,94725.9,392.5349039
2025-05-05 22:00:00,94725.9,95217.5,94699.9,94737.3,593.30315776
2025-05-06 00:00:00,94737.3,94935.0,94300.1,94306.0,303.49954252
2025-05-06 02:00:00,94306.0,94518.0,94018.0,94466.4,277.33619867
2025-05-06 04:00:00,94466.5,94610.0,94305.9,94341.9,231.77778123
2025-05-06 06:00:00,94342.0,94636.0,94328.7,94390.0,201.82472675
2025-05-06 08:00:00,94392.0,94400.0,94000.0,94223.4,455.74977813
2025-05-06 10:00:00,94223.5,94338.2,93720.1,93814.0,383.37640684
2025-05-06 12:00:00,93814.1,94052.0,93390.1,93615.4,646.4299013
2025-05-06 14:00:00,93612.8,94737.9,93610.5,94567.9,1176.1785096
2025-05-06 16:00:00,94568.0,94861.2,94214.5,94522.1,553.07517704
2025-05-06 18:00:00,94522.0,95170.0,94501.9,94972.1,620.21113235
2025-05-06 20:00:00,94972.0,95026.0,94454.1,94696.0,223.06819394
2025-05-06 22:00:00,94695.9,96900.0,94680.4,96833.9,1983.93389692
2025-05-07 00:00:00,96834.0,97731.8,96741.7,97241.9,1317.09097998
2025-05-07 02:00:00,97242.0,97278.0,96213.3,96517.4,821.11811685
2025-05-07 04:00:00,96517.5,96718.8,96324.0,96390.0,278.11483382
2025-05-07 06:00:00,96390.0,97009.6,96362.2,96988.0,313.03028678
2025-05-07 08:00:00,96988.0,97083.0,96857.1,96974.8,331.59603227
2025-05-07 10:00:00,96974.8,97118.0,96830.0,97053.0,258.99163476
2025-05-07 12:00:00,97053.0,97311.2,96715.2,97017.1,477.74403316
2025-05-07 14:00:00,97017.2,97497.8,96764.0,96937.0,578.27628897
2025-05-07 16:00:00,96937.0,96959.3,96199.1,96319.9,422.9281616
2025-05-07 18:00:00,96316.6,96875.0,95788.9,96186.1,903.45372618
2025-05-07 20:00:00,96187.9,97323.0,96072.2,97125.1,369.99630202
2025-05-07 22:00:00,97126.1,97396.9,96967.0,97026.0,389.38828637
2025-05-08 00:00:00,97026.0,98379.7,96872.0,97812.1,1760.60759913
2025-05-08 02:00:00,97814.0,99233.9,97814.0,99148.6,1179.89824823
2025-05-08 04:00:00,99148.7,99421.9,98740.0,98752.0,724.89011341
2025-05-08 06:00:00,98752.0,99400.0,98728.0,99263.7,699.59067549
2025-05-08 08:00:00,99263.7,99819.4,99215.0,99796.0,1008.44131182
2025-05-08 10:00:00,99796.1,99900.0,99419.2,99419.3,703.06697349
2025-05-08 12:00:00,99419.3,99640.2,99090.4,99301.4,569.80307235
2025-05-08 14:00:00,99301.5,101546.6,99158.0,100763.4,2570.68341551
2025-05-08 16:00:00,100763.3,101714.2,100594.9,101023.0,934.71524503
2025-05-08 18:00:00,101023.0,101473.6,100965.8,101317.0,679.58369102
2025-05-08 20:00:00,101318.0,104295.8,101290.0,102832.5,1957.7210048
2025-05-08 22:00:00,102832.5,103309.3,102400.1,103270.0,628.14595277
2025-05-09 00:00:00,103269.9,103274.0,102531.6,103102.5,599.71039946
2025-05-09 02:00:00,103102.4,103102.4,102349.7,102451.1,583.26330122
2025-05-09 04:00:00,102451.0,102972.2,102376.2,102972.1,541.42759392
2025-05-09 06:00:00,102972.2,104366.0,102928.1,103630.0,1927.8441827
2025-05-09 08:00:00,103629.9,103942.0,102415.9,102923.7,1224.99496791
2025-05-09 10:00:00,102924.5,103524.9,102680.5,102962.6,505.09255995
2025-05-09 12:00:00,102962.7,103791.1,102800.0,103624.4,443.2559506
2025-05-09 14:00:00,103624.3,103749.9,102400.1,102904.0,1117.01429763
2025-05-09 16:00:00,102904.7,103240.0,102300.0,103212.8,528.14286283
2025-05-09 18:00:00,103212.8,103373.0,102892.7,103199.9,437.91852808
2025-05-09 20:00:00,103195.9,103418.0,102777.7,102992.0,237.61792064
2025-05-09 22:00:00,102992.0,103082.0,102738.7,102986.0,134.24187892
2025-05-10 00:00:00,102986.1,103135.2,102824.2,102978.1,228.72906741
2025-05-10 02:00:00,102978.1,103272.9,102943.3,103222.0,171.29043287
2025-05-10 04:00:00,103222.1,103370.4,103035.2,103370.4,247.93539279
2025-05-10 06:00:00,103370.5,104122.0,103370.1,103777.9,740.04373603
2025-05-10 08:00:00,103778.0,104091.1,103368.0,103775.9,543.06369762
2025-05-10 10:00:00,103776.0,103899.5,103392.0,103432.2,236.82283412
2025-05-10 12:00:00,103432.3,103830.0,103422.7,103640.1,254.23380935
2025-05-10 14:00:00,103640.1,103677.4,103100.6,103143.3,306.77086993
2025-05-10 16:00:00,103143.3,103631.1,103130.1,103177.3,610.42748788
2025-05-10 18:00:00,103176.4,103315.7,103010.0,103195.5,360.90615075
2025-05-10 20:00:00,103195.5,103804.0,103064.9,103744.2,128.06741372
2025-05-10 22:00:00,103742.4,104999.0,103548.4,104820.0,868.00711257
2025-05-11 00:00:00,104819.9,104968.1,103857.5,104136.7,624.73061294
2025-05-11 02:00:00,104136.6,104296.1,103422.3,104000.0,475.46198708
2025-05-11 04:00:00,104000.1,104400.0,103807.1,103839.4,230.28862783
2025-05-11 06:00:00,103839.5,103986.0,103333.3,103380.7,459.77711439
2025-05-11 08:00:00,103380.0,104480.0,103370.1,104351.4,403.11522671
2025-05-11 10:00:00,104351.4,104785.7,104193.5,104656.0,376.37193008
2025-05-11 12:00:00,104656.1,104900.0,103948.5,103975.3,1259.04486138
2025-05-11 14:00:00,103975.4,104688.0,103783.1,104134.6,580.30920305
2025-05-11 16:00:00,104134.7,104175.2,103750.1,104034.3,275.55683102
2025-05-11 18:00:00,104034.4,104833.2,103850.7,104416.0,254.72441062
2025-05-11 20:00:00,104416.1,104450.0,103950.0,104363.9,186.75756212
2025-05-11 22:00:00,104363.9,104590.0,103571.4,104126.0,550.46948793
2025-05-12 00:00:00,104126.9,105150.0,103754.0,103988.5,752.14746
2025-05-12 02:00:00,103988.5,104210.0,103714.0,104099.9,336.37137334
2025-05-12 04:00:00,104100.0,104170.0,103750.0,103949.8,235.43406941
2025-05-12 06:00:00,103949.9,105850.0,103802.3,104481.1,2125.70339983
2025-05-12 08:00:00,104481.1,104736.5,104060.8,104455.0,525.90301944
2025-05-12 10:00:00,104456.0,104633.3,103626.2,103767.8,592.76621717
2025-05-12 12:00:00,103767.8,104651.8,103674.0,104326.3,875.29486337
2025-05-12 14:00:00,104326.4,104390.0,102391.0,102520.1,1919.13154282
2025-05-12 16:00:00,102520.1,103082.1,102420.1,102558.0,494.1807069
2025-05-12 18:00:00,102558.0,102660.0,100733.0,101859.5,1226.79784787
2025-05-12 20:00:00,101858.0,102895.2,101775.7,102500.1,220.27875094
2025-05-12 22:00:00,102500.0,103136.9,102350.1,102790.0,258.69663297
2025-05-13 00:00:00,102790.1,102790.1,102073.2,102390.8,382.98364341
2025-05-13 02:00:00,102390.8,102702.9,101418.1,101713.5,788.69789411
2025-05-13 04:00:00,101713.4,102765.9,101613.4,102464.0,737.4487885
2025-05-13 06:00:00,102464.1,102950.0,102322.5,102670.0,355.67416968
2025-05-13 08:00:00,102669.9,103519.2,102540.1,103456.2,610.89318138
2025-05-13 10:00:00,103456.3,103834.1,103261.9,103724.9,435.90287636
2025-05-13 12:00:00,103729.8,103987.9,103320.0,103717.0,886.56436817
2025-05-13 14:00:00,103718.1,103880.0,102804.1,103685.6,1142.76716334
2025-05-13 16:00:00,103685.5,104408.1,103534.9,104258.8,805.25957682
2025-05-13 18:00:00,104258.9,104986.0,104075.0,104788.7,773.12976745
2025-05-13 20:00:00,104788.7,104934.1,104178.2,104340.0,288.86108229
2025-05-13 22:00:00,104339.9,104437.5,103875.6,104127.7,272.98783321
2025-05-14 00:00:00,104122.3,104129.4,103700.0,103728.1,397.99108885
2025-05-14 02:00:00,103728.1,103800.0,103454.0,103593.2,303.18841135
2025-05-14 04:00:00,103593.2,103995.9,103464.1,103905.9,483.36614557
2025-05-14 06:00:00,103906.0,103972.0,103388.0,103713.9,529.03038628
2025-05-14 08:00:00,103711.9,103885.0,102856.9,103484.8,878.56763324
2025-05-14 10:00:00,103484.9,104155.9,103456.8,103956.0,464.54823967
2025-05-14 12:00:00,103955.9,104357.6,103486.2,103967.8,544.77132601
2025-05-14 14:00:00,103967.8,103971.5,102851.0,103518.0,732.34479221
2025-05-14 16:00:00,103518.1,103617.6,102608.3,103266.1,389.53504439
2025-05-14 18:00:00,103266.2,103724.1,103035.7,103329.6,327.06550716
2025-05-14 20:00:00,103330.0,103671.6,103296.8,103650.0,149.69130105
2025-05-14 22:00:00,103650.1,103662.0,103345.2,103500.0,153.59482633
2025-05-15 00:00:00,103500.1,103867.9,102968.0,103036.0,297.06589949
2025-05-15 02:00:00,103034.3,103212.3,102710.0,102742.0,413.53232573
2025-05-15 04:00:00,102742.1,102970.0,102327.0,102373.9,404.14494462
2025-05-15 06:00:00,102373.9,102689.9,101721.4,101788.0,929.38835403
2025-05-15 08:00:00,101788.0,102330.9,101505.2,101820.9,547.68912463
2025-05-15 10:00:00,101820.8,102443.9,101603.3,102375.9,436.6947628
2025-05-15 12:00:00,102375.9,102838.1,101556.2,102145.9,1139.70188845
2025-05-15 14:00:00,102145.9,103288.0,101355.2,103254.9,895.16342336
2025-05-15 16:00:00,103254.1,104195.7,103026.6,103969.1,679.436429
2025-05-15 18:00:00,103969.2,104016.9,102555.1,103161.5,758.39770267
2025-05-15 20:00:00,103160.0,103493.2,102710.6,103295.3,320.31380371
2025-05-15 22:00:00,103295.3,103985.0,103231.2,103766.7,494.99221068
2025-05-16 00:00:00,103766.5,104100.0,103467.1,104051.9,483.91565926
2025-05-16 02:00:00,104052.0,104464.0,103930.6,104023.3,419.16565047
2025-05-16 04:00:00,104025.4,104200.0,103799.9,103908.2,341.53214526
2025-05-16 06:00:00,103908.2,104197.9,103694.0,103705.0,494.25279225
2025-05-16 08:00:00,103705.1,103815.5,103100.0,103798.9,410.8222653
2025-05-16 10:00:00,103798.9,103914.0,103552.7,103672.0,245.30198845
2025-05-16 12:00:00,103672.0,104090.0,103428.0,103999.9,443.65364252
2025-05-16 14:00:00,103999.9,104285.7,103339.3,104187.9,635.4789399
2025-05-16 16:00:00,104188.0,104555.0,103766.4,103866.0,644.40723937
2025-05-16 18:00:00,103865.9,104100.0,103585.6,104023.3,265.92558795
2025-05-16 20:00:00,104025.5,104036.0,103494.0,103612.0,243.023623
2025-05-16 22:00:00,103612.1,103693.9,103391.6,103461.2,317.40347926
2025-05-17 00:00:00,103461.2,103541.5,102600.0,102823.7,539.01183088
2025-05-17 02:00:00,102823.7,103579.8,102728.0,103505.5,323.12737393
2025-05-17 04:00:00,103506.5,103729.1,103333.3,103354.2,572.91020839
2025-05-17 06:00:00,103354.2,103645.0,103286.0,103450.0,124.36485098
2025-05-17 08:00:00,103449.9,103571.3,102827.6,102916.2,600.85217564
2025-05-17 10:00:00,102916.0,103104.7,102750.1,102998.0,236.63267101
2025-05-17 12:00:00,102998.0,103108.8,102613.9,102712.7,365.21250889
2025-05-17 14:00:00,102712.8,103187.9,102704.7,102950.0,451.88298829
2025-05-17 16:00:00,102950.1,103304.0,102763.0,103134.0,240.49387399
2025-05-17 18:00:00,103134.0,103372.5,102930.0,103153.0,214.3477562
2025-05-17 20:00:00,103153.0,103480.0,103081.5,103250.4,137.1623016
2025-05-17 22:00:00,103250.3,103255.9,102901.0,103133.6,113.55772741
2025-05-18 00:00:00,103133.7,103419.4,103100.1,103254.7,90.1135728
2025-05-18 02:00:00,103254.7,103394.0,103134.7,103282.6,102.7757477
2025-05-18 04:00:00,103282.6,103680.0,103279.6,103644.0,580.97159514
2025-05-18 06:00:00,103644.0,103976.3,103366.0,103927.9,283.74530386
2025-05-18 08:00:00,103928.0,104087.9,103810.7,103869.9,449.47286489
2025-05-18 10:00:00,103870.0,103990.1,103785.2,103802.2,88.14356841
2025-05-18 12:00:00,103803.9,104800.0,103698.6,104733.4,489.33041316
2025-05-18 14:00:00,104733.3,105666.6,104542.3,105515.9,1187.47650964
2025-05-18 16:00:00,105515.9,106000.0,104830.7,104844.6,770.37756622
2025-05-18 18:00:00,104844.6,104931.7,103858.6,103882.9,937.74013582
2025-05-18 20:00:00,103882.4,104618.5,103270.7,104181.0,720.50419778
2025-05-18 22:00:00,104181.0,106669.0,103968.4,106468.7,1182.34129525
2025-05-19 00:00:00,106468.9,107140.1,104731.4,105051.9,1328.60184865
2025-05-19 02:00:00,105052.0,105197.2,103546.2,103609.4,729.51246891
2025-05-19 04:00:00,103610.0,103772.0,102515.8,103031.9,1854.06071909
2025-05-19 06:00:00,103032.0,103343.8,102080.4,103222.1,1138.30622391
2025-05-19 08:00:00,103222.0,103445.1,102921.0,103073.9,499.38682011
2025-05-19 10:00:00,103073.8,103094.1,102780.0,102960.5,280.74246423
2025-05-19 12:00:00,102960.5,103600.0,102155.7,103291.7,762.71294691
2025-05-19 14:00:00,103291.7,104969.7,103184.6,104796.0,1246.30552411
2025-05-19 16:00:00,104796.0,105583.3,104498.3,105379.7,946.08030627
2025-05-19 18:00:00,105378.2,105555.5,104641.5,105518.1,502.12102811
2025-05-19 20:00:00,105513.7,105794.8,105024.7,105460.0,316.07906231
2025-05-19 22:00:00,105458.6,105838.2,105188.8,105568.1,334.45397435
2025-05-20 00:00:00,105568.1,106796.8,105553.8,106451.1,936.44534412
2025-05-20 02:00:00,106451.2,106867.0,105529.7,105755.7,527.10070906
2025-05-20 04:00:00,105755.7,106400.0,105533.3,106111.9,488.69843949
2025-05-20 06:00:00,106112.0,106220.0,104920.0,105018.3,570.9190282
2025-05-20 08:00:00,105014.8,105410.0,104848.0,105297.2,994.10098887
2025-05-20 10:00:00,105297.3,105434.9,104906.1,105206.0,377.02606949
2025-05-20 12:00:00,105206.1,105211.5,104180.0,104448.5,661.83466203
2025-05-20 14:00:00,104448.5,105401.7,104300.0,105340.4,645.71405607
2025-05-20 16:00:00,105341.4,106333.3,105089.6,106200.5,609.04309722
2025-05-20 18:00:00,106200.6,107254.2,105201.3,107017.9,923.8343431
2025-05-20 20:00:00,107018.0,107308.7,106136.1,106613.1,632.51809554
2025-05-20 22:00:00,106613.1,107218.2,105939.9,106846.1,541.18457337
2025-05-21 00:00:00,106846.0,107210.0,106413.8,106489.1,396.69796281
2025-05-21 02:00:00,106489.2,107095.7,106183.0,106838.0,574.81977907
2025-05-21 04:00:00,106839.0,107726.0,106720.0,107533.2,955.91591482
2025-05-21 06:00:00,107533.2,107997.3,106444.1,106509.9,970.95491057
2025-05-21 08:00:00,106506.1,106796.0,106086.1,106200.1,427.20407553
2025-05-21 10:00:00,106200.1,106712.5,106138.0,106528.5,375.14202426
2025-05-21 12:00:00,106528.1,107653.0,106319.7,107259.9,574.74454057
2025-05-21 14:00:00,107260.0,109458.0,107000.0,108972.0,2160.47535304
2025-05-21 16:00:00,108973.9,109860.0,106115.5,106590.0,3190.07693938
2025-05-21 18:00:00,106593.7,108854.0,106328.1,108618.1,1222.32919655
2025-05-21 20:00:00,108612.8,108750.0,107719.3,108420.0,382.90259116
2025-05-21 22:00:00,108420.1,110804.2,108280.8,109642.8,1852.3413724
2025-05-22 00:00:00,109646.0,110552.9,109179.5,109910.1,1234.82900341
2025-05-22 02:00:00,109910.1,111880.0,109815.0,111773.9,1657.10499902
2025-05-22 04:00:00,111774.0,111791.5,110820.5,110868.0,843.4055348
2025-05-22 06:00:00,110870.0,111178.0,110457.3,111038.3,1408.27351051
2025-05-22 08:00:00,111038.4,111157.5,110262.1,110811.0,686.07651426
2025-05-22 10:00:00,110811.1,111333.0,110500.0,110983.7,347.21848269
2025-05-22 12:00:00,110982.1,111616.0,110800.0,110920.6,683.65189496
2025-05-22 14:00:00,110920.6,111533.3,110550.0,111317.8,893.30585781
2025-05-22 16:00:00,111318.0,111963.0,111083.7,111503.3,1128.45168817
2025-05-22 18:00:00,111503.7,111962.6,110916.4,111200.0,498.50239077
2025-05-22 20:00:00,111203.5,111447.9,110756.0,110840.0,243.41797014
2025-05-22 22:00:00,110844.0,111728.0,110844.0,111701.9,235.98391939
2025-05-23 00:00:00,111702.0,111800.0,111210.9,111337.8,397.09480459
2025-05-23 02:00:00,111337.8,111624.0,111016.0,111111.0,360.45925153
2025-05-23 04:00:00,111111.1,111191.4,110536.8,110860.0,548.80428076
2025-05-23 06:00:00,110860.0,110872.0,110406.1,110721.9,729.17987044
2025-05-23 08:00:00,110722.0,111378.0,110705.8,111315.8,340.43658276
2025-05-23 10:00:00,111315.7,111320.0,108856.1,109085.3,1109.89922463
2025-05-23 12:00:00,109083.7,109724.1,107313.9,109650.0,2478.6583316
2025-05-23 14:00:00,109648.6,109999.9,108910.7,108940.6,886.61883374
2025-05-23 16:00:00,108942.4,109812.2,108004.9,109415.8,1786.62330099
2025-05-23 18:00:00,109415.8,109507.2,108575.8,108714.5,520.72522454
2025-05-23 20:00:00,108714.5,108730.1,108060.9,108296.0,322.18204004
2025-05-23 22:00:00,108295.9,108591.9,106800.0,107324.0,851.02164916
2025-05-24 00:00:00,107324.1,107876.6,106880.0,107481.9,342.90493196
2025-05-24 02:00:00,107481.9,108371.9,107250.1,108370.0,278.59922209
2025-05-24 04:00:00,108370.0,108581.8,108125.4,108240.0,332.49376694
2025-05-24 06:00:00,108240.0,108344.0,107567.7,107600.8,754.04958037
2025-05-24 08:00:00,107600.8,108442.0,107600.8,108158.0,296.84469589
2025-05-24 10:00:00,108158.1,109488.6,108157.8,109196.0,582.46165586
2025-05-24 12:00:00,109196.0,109279.9,108540.0,108596.1,441.03713085
2025-05-24 14:00:00,108596.1,109222.0,108586.0,108939.3,285.28776955
2025-05-24 16:00:00,108939.3,109221.9,108680.0,108907.5,532.22139892
2025-05-24 18:00:00,108907.5,109077.0,108762.3,108944.4,304.38731756
2025-05-24 20:00:00,108944.3,109120.5,108561.9,108816.3,236.52604412
2025-05-24 22:00:00,108817.4,108817.5,107500.0,107767.2,664.16298608
2025-05-25 00:00:00,107767.3,108130.0,107192.4,107652.0,655.23349411
2025-05-25 02:00:00,107652.1,108258.0,107469.7,108091.3,209.47144389
2025-05-25 04:00:00,108091.3,108299.1,107928.1,108106.0,184.36673482
2025-05-25 06:00:00,108106.0,108140.0,107440.1,107682.1,234.16914207
2025-05-25 08:00:00,107682.0,107698.0,106703.2,107126.9,955.88647239
2025-05-25 10:00:00,107126.8,107384.0,106826.1,107250.0,268.58666878
2025-05-25 12:00:00,107249.8,107743.8,107177.9,107525.1,414.11104596
2025-05-25 14:00:00,107525.1,107646.0,106600.0,106973.3,484.41302921
2025-05-25 16:00:00,106973.3,107369.3,106648.2,107352.5,219.40642156
2025-05-25 18:00:00,107360.0,107937.3,107261.2,107709.4,130.70334162
2025-05-25 20:00:00,107709.3,107913.9,107172.5,107451.2,145.17498239
2025-05-25 22:00:00,107458.0,109315.3,107346.1,109004.9,840.75212327
2025-05-26 00:00:00,109004.9,109850.0,108666.7,109541.0,624.3700751
2025-05-26 02:00:00,109540.1,109773.7,109186.0,109621.9,311.65384457
2025-05-26 04:00:00,109621.9,109734.0,109360.3,109633.1,292.02068377
2025-05-26 06:00:00,109633.1,110214.8,109495.3,110089.0,629.99086285
2025-05-26 08:00:00,110089.1,110179.9,109588.2,109713.9,266.53586425
2025-05-26 10:00:00,109714.0,109864.0,109556.1,109783.9,212.69004386
2025-05-26 12:00:00,109784.0,110078.8,109471.7,109609.6,413.58638989
2025-05-26 14:00:00,109606.1,110411.2,109500.0,110004.9,569.24731027
2025-05-26 16:00:00,110007.1,110450.0,108877.7,109174.2,1164.01230878
2025-05-26 18:00:00,109175.3,109465.2,108851.1,109123.5,452.01398289
2025-05-26 20:00:00,109123.4,109650.0,108932.1,109344.1,205.70932154
2025-05-26 22:00:00,109344.1,109890.0,109052.1,109437.9,183.49595286
2025-05-27 00:00:00,109436.7,109677.9,107505.2,108396.6,971.17616015
2025-05-27 02:00:00,108397.3,109333.3,107889.6,108886.4,598.86350451
2025-05-27 04:00:00,108886.5,109347.3,108536.9,108915.9,304.89002967
2025-05-27 06:00:00,108916.0,109634.0,108828.1,109539.7,399.13438822
2025-05-27 08:00:00,109540.0,109892.0,109420.8,109823.8,578.00200715
2025-05-27 10:00:00,109823.9,109854.7,109424.3,109588.2,172.51197823
2025-05-27 12:00:00,109588.3,110729.0,109448.1,109846.0,1140.07669805
2025-05-27 14:00:00,109846.0,110258.1,108621.2,110145.7,1397.43256768
2025-05-27 16:00:00,110146.2,110512.0,109944.6,110244.0,862.89958907
2025-05-27 18:00:00,110244.1,110426.0,109570.1,109885.1,352.79383472
2025-05-27 20:00:00,109885.1,109903.0,108823.2,108923.2,339.7346159
2025-05-27 22:00:00,108923.3,109178.5,108600.0,108936.0,308.01703777
2025-05-28 00:00:00,108936.0,109282.0,108629.6,108670.0,328.22099411
2025-05-28 02:00:00,108677.7,108965.6,108400.0,108856.7,353.59883859
2025-05-28 04:00:00,108856.8,109086.8,108629.6,108980.1,279.92894456
2025-05-28 06:00:00,108980.1,109016.9,108630.0,108816.2,276.88929845
2025-05-28 08:00:00,108816.2,109139.3,108510.0,108799.2,446.98364513
2025-05-28 10:00:00,108799.2,108946.0,108250.0,108865.5,448.18973309
2025-05-28 12:00:00,108865.5,109060.0,108007.1,108070.2,601.91272954
2025-05-28 14:00:00,108070.1,108267.2,107036.0,107113.1,1276.74732182
2025-05-28 16:00:00,107113.2,107839.8,107113.2,107691.3,908.73705305
2025-05-28 18:00:00,107691.4,107846.1,106933.4,106934.7,412.28146028
2025-05-28 20:00:00,106934.1,107586.0,106800.0,107504.3,357.28576544
2025-05-28 22:00:00,107504.2,108048.5,107149.8,107783.9,316.30992076
2025-05-29 00:00:00,107783.9,108346.1,107412.6,108153.8,562.00965771
2025-05-29 02:00:00,108153.8,108485.1,107930.0,108035.9,448.45348808
2025-05-29 04:00:00,108036.0,108104.0,106930.8,107683.9,475.16799501
2025-05-29 06:00:00,107684.0,108024.1,107642.0,107883.3,394.42234921
2025-05-29 08:00:00,107883.4,108659.3,107683.0,108517.9,1058.0512254
2025-05-29 10:00:00,108518.0,108897.5,108388.1,108781.2,416.50048741
2025-05-29 12:00:00,108781.2,108800.0,107413.5,107602.0,2149.74185993
2025-05-29 14:00:00,107601.9,107834.0,106455.0,107034.0,2873.44064244
2025-05-29 16:00:00,107034.0,107180.0,106075.9,106313.2,1894.19785571
2025-05-29 18:00:00,106316.5,106625.9,105632.1,105723.5,929.55617219
2025-05-29 20:00:00,105723.5,106479.2,105711.2,106453.9,301.30729661
2025-05-29 22:00:00,106453.9,106467.5,105311.8,105586.1,455.6126672
2025-05-30 00:00:00,105586.1,106228.5,104600.0,105672.5,1015.36663138
2025-05-30 02:00:00,105672.5,106193.4,105650.9,106026.2,285.76265206
2025-05-30 04:00:00,106026.2,106322.9,105904.1,106078.4,219.51282629
2025-05-30 06:00:00,106078.5,106140.0,104710.5,105031.5,1298.74086881
2025-05-30 08:00:00,105031.6,105666.6,104595.4,105627.7,732.26727433
2025-05-30 10:00:00,105627.7,105985.0,105279.9,105874.7,341.92332741
2025-05-30 12:00:00,105874.8,105996.8,105136.8,105492.0,549.89533718
2025-05-30 14:00:00,105492.0,105834.0,105043.7,105538.8,584.65009613
2025-05-30 16:00:00,105538.8,105565.4,103700.1,104175.5,1275.76401376
2025-05-30 18:00:00,104175.6,104994.1,104056.2,104636.9,409.73880394
2025-05-30 20:00:00,104636.8,104894.2,104388.0,104634.7,188.51963301
2025-05-30 22:00:00,104634.9,104810.0,103621.1,103999.9,631.62951203
2025-05-31 00:00:00,104000.0,104299.9,103300.0,103470.4,574.29538196
2025-05-31 02:00:00,103470.1,103857.9,103078.7,103675.4,388.03381099
2025-05-31 04:00:00,103675.5,103907.7,103480.1,103536.9,184.9126623
2025-05-31 06:00:00,103537.0,103921.2,103521.3,103761.3,257.49326216
2025-05-31 08:00:00,103761.2,103822.2,103480.0,103545.5,216.67238563
2025-05-31 10:00:00,103545.5,103617.9,103282.1,103504.7,174.09056754
2025-05-31 12:00:00,103504.8,104207.9,103486.0,104122.3,316.51726081
2025-05-31 14:00:00,104122.4,104850.5,104121.9,104554.2,538.54056476
2025-05-31 16:00:00,104554.2,104795.3,104265.2,104352.9,203.00608579
2025-05-31 18:00:00,104352.9,104760.9,104352.8,104705.3,77.71626914
2025-05-31 20:00:00,104705.9,104886.9,104536.8,104875.9,141.71192495
2025-05-31 22:00:00,104875.9,104907.5,104473.3,104596.8,195.16049305
2025-06-01 00:00:00,104596.8,104647.3,103968.8,104132.7,237.67706515
2025-06-01 02:00:00,104132.6,104466.3,103926.4,104380.2,209.77390284
2025-06-01 04:00:00,104380.3,104740.2,104357.8,104529.5,120.08043075
2025-06-01 06:00:00,104529.5,104529.5,104189.7,104284.5,141.02989977
2025-06-01 08:00:00,104284.6,104481.0,103738.3,103958.0,1024.2208919
2025-06-01 10:00:00,103958.0,104150.0,103780.0,104084.3,297.40306106
2025-06-01 12:00:00,104084.4,104436.6,103768.8,104266.4,147.00585844
2025-06-01 14:00:00,104266.4,104808.0,104266.4,104711.9,225.99195978
2025-06-01 16:00:00,104712.0,105299.9,104648.9,105068.3,355.63583819
2025-06-01 18:00:00,105066.4,105167.8,104333.5,105125.8,322.83585116
2025-06-01 20:00:00,105125.9,105512.1,104899.6,105491.2,257.79382696
2025-06-01 22:00:00,105491.2,105874.2,105403.6,105641.5,225.22440564
2025-06-02 00:00:00,105641.6,105740.4,105346.5,105385.6,153.85425492
2025-06-02 02:00:00,105385.7,105422.9,104565.3,104837.9,293.59743192
2025-06-02 04:00:00,104837.8,105001.4,104612.9,104836.0,141.65092251
2025-06-02 06:00:00,104837.5,105452.9,104737.2,105396.8,402.04867374
2025-06-02 08:00:00,105396.8,105945.0,104483.6,104586.3,529.94877985
2025-06-02 10:00:00,104586.3,104671.6,103942.2,104054.6,391.51314536
2025-06-02 12:00:00,104054.7,104563.7,103700.0,103811.2,552.94923811
2025-06-02 14:00:00,103811.2,104699.9,103668.8,104434.0,606.17115538
2025-06-02 16:00:00,104434.9,104495.0,104031.2,104403.1,238.41726011
2025-06-02 18:00:00,104403.1,104737.7,104053.9,104431.9,266.80418927
2025-06-02 20:00:00,104432.0,105099.9,104432.0,104934.2,277.02955118
2025-06-02 22:00:00,104934.2,105938.1,104933.6,105847.3,738.2528225
2025-06-03 00:00:00,105848.9,106500.0,105744.4,106482.8,394.83065705
2025-06-03 02:00:00,106482.9,106526.3,105344.8,105490.9,409.06338369
2025-06-03 04:00:00,105490.9,105522.5,105115.7,105460.7,372.14209057
2025-06-03 06:00:00,105460.7,105471.8,105165.6,105184.6,169.53006488
2025-06-03 08:00:00,105184.6,105284.5,104871.7,105197.6,234.51812264
2025-06-03 10:00:00,105197.7,105365.0,105143.0,105291.3,145.65656548
2025-06-03 12:00:00,105291.4,105672.7,105028.0,105421.7,352.3595635
2025-06-03 14:00:00,105420.1,106804.0,105147.0,106630.2,1505.54579902
2025-06-03 16:00:00,106630.2,106688.0,105759.2,105943.9,866.35510337
2025-06-03 18:00:00,105944.0,106434.8,105587.6,106240.7,274.13002651
2025-06-03 20:00:00,106240.6,106260.0,105272.7,105371.1,328.91730857
2025-06-03 22:00:00,105371.1,105905.6,105258.0,105386.7,273.41448898
2025-06-04 00:00:00,105386.7,105737.0,105129.8,105580.7,345.20151707
2025-06-04 02:00:00,105580.8,105844.9,105414.4,105524.1,152.41381501
2025-06-04 04:00:00,105524.2,105622.7,105344.4,105362.4,170.77692462
2025-06-04 06:00:00,105362.4,105472.7,105250.0,105309.5,328.27470639
2025-06-04 08:00:00,105309.4,105902.8,105306.1,105815.0,212.50917769
2025-06-04 10:00:00,105815.1,105988.0,105100.0,105103.9,340.09101353
2025-06-04 12:00:00,105104.0,105282.4,104720.0,104764.4,455.63467144
2025-06-04 14:00:00,104765.9,105550.0,104181.4,105302.7,895.00980717
2025-06-04 16:00:00,105302.7,105483.7,104951.0,105051.8,353.18795253
2025-06-04 18:00:00,105051.9,105300.0,104865.1,104909.6,236.39162358
2025-06-04 20:00:00,104908.3,105056.4,104406.5,104926.3,225.71265602
2025-06-04 22:00:00,104926.3,105032.4,104606.8,104680.5,124.22235335
2025-06-05 00:00:00,104688.8,105153.4,104650.6,104776.5,154.08096933
2025-06-05 02:00:00,104776.5,105237.5,104772.3,105038.0,171.23616443
2025-06-05 04:00:00,105038.0,105230.0,104567.1,104648.9,171.25420305
2025-06-05 06:00:00,104648.9,104705.5,104375.8,104525.8,264.18407922
2025-06-05 08:00:00,104525.8,104916.6,104425.4,104894.1,140.55678866
2025-06-05 10:00:00,104894.0,104895.0,104505.4,104810.6,307.85354659
2025-06-05 12:00:00,104810.7,105914.9,104311.1,104529.2,959.23265114
2025-06-05 14:00:00,104529.3,104950.0,103900.0,104539.6,901.35850036
2025-06-05 16:00:00,104540.1,104604.3,103150.0,103236.0,1498.37194167
2025-06-05 18:00:00,103235.9,103363.0,101566.6,101919.5,2376.50221738
2025-06-05 20:00:00,101921.4,102200.1,100400.0,101545.5,1549.11828552
2025-06-05 22:00:00,101545.6,101833.2,100999.9,101500.0,783.00683628
2025-06-06 00:00:00,101499.9,101949.8,101083.0,101854.2,478.87050807
2025-06-06 02:00:00,101854.2,102521.6,101528.3,102496.0,593.85398666
2025-06-06 04:00:00,102496.0,102957.7,102377.7,102944.3,667.77639888
2025-06-06 06:00:00,102944.3,103477.5,102874.3,103149.0,639.32942632
2025-06-06 08:00:00,103149.0,103750.0,103149.0,103648.7,546.0695991
2025-06-06 10:00:00,103648.7,103999.9,103544.4,103928.9,364.45409852
2025-06-06 12:00:00,103928.9,104540.1,103506.7,104096.1,906.18299527
2025-06-06 14:00:00,104096.1,105330.8,104002.8,105094.2,837.74784435
2025-06-06 16:00:00,105094.7,105288.4,104423.6,104930.7,1982.01143183
2025-06-06 18:00:00,104930.8,104989.4,104065.7,104228.4,321.02392208
2025-06-06 20:00:00,104228.5,104626.3,104167.7,104388.4,133.53326226
2025-06-06 22:00:00,104388.5,104490.0,104199.8,104295.5,138.11503536
2025-06-07 00:00:00,104295.5,104589.3,103876.8,104449.2,223.1267099
2025-06-07 02:00:00,104449.3,104929.9,104328.2,104877.5,215.82658051
2025-06-07 04:00:00,104878.9,105015.5,104642.3,104877.9,164.03249818
2025-06-07 06:00:00,104878.0,105323.6,104788.4,104858.8,343.49252242
2025-06-07 08:00:00,104858.8,104967.2,104679.4,104841.3,122.28348527
2025-06-07 10:00:00,104841.4,105267.0,104833.6,105143.5,232.39377957
2025-06-07 12:00:00,105139.9,105799.0,105139.9,105612.2,440.24529567
2025-06-07 14:00:00,105612.2,105686.0,105316.9,105558.3,184.96437875
2025-06-07 16:00:00,105558.4,105666.6,105262.8,105391.9,171.63711122
2025-06-07 18:00:00,105391.9,105888.0,105391.9,105729.9,253.65387922
2025-06-07 20:00:00,105729.9,105909.5,105700.7,105759.0,71.67258077
2025-06-07 22:00:00,105759.0,105916.7,105528.8,105553.6,91.42552171
2025-06-08 00:00:00,105553.6,105790.4,105400.1,105682.6,107.790814
2025-06-08 02:00:00,105682.6,105682.6,105399.9,105475.8,94.42569814
2025-06-08 04:00:00,105475.9,105644.3,105399.9,105438.0,78.85749878
2025-06-08 06:00:00,105438.1,105596.6,105404.8,105427.7,85.99778778
2025-06-08 08:00:00,105427.7,105503.0,105065.3,105134.1,154.76326419
2025-06-08 10:00:00,105134.2,105738.3,104969.6,105673.4,237.69343095
2025-06-08 12:00:00,105673.4,106158.7,105509.4,105622.9,489.04932539
2025-06-08 14:00:00,105623.0,106092.1,105567.3,105975.1,221.69743556
2025-06-08 16:00:00,105975.0,106366.0,105940.8,106092.8,162.38087564
2025-06-08 18:00:00,106092.8,106331.1,106025.2,106301.8,91.84426734
2025-06-08 20:00:00,106301.8,106499.5,106117.7,106331.1,143.57836994
2025-06-08 22:00:00,106332.4,106381.8,105565.4,105729.1,253.88413811
2025-06-09 00:00:00,105729.2,105973.6,105437.0,105530.0,197.89778478
2025-06-09 02:00:00,105529.4,105735.8,105315.2,105667.6,249.4759268
2025-06-09 04:00:00,105667.7,105729.6,105325.1,105379.2,257.15246556
2025-06-09 06:00:00,105379.2,105702.5,105313.4,105557.7,215.42142929
2025-06-09 08:00:00,105557.6,106900.0,105469.1,106608.9,574.69600434
2025-06-09 10:00:00,106608.2,107815.6,106550.7,107761.7,1009.88621438
2025-06-09 12:00:00,107761.7,107960.6,106857.8,107020.6,654.13186735
2025-06-09 14:00:00,107020.1,108034.8,107020.1,107638.1,746.6000829
2025-06-09 16:00:00,107638.2,108444.0,107638.1,108340.3,491.17612003
2025-06-09 18:00:00,108340.3,108772.3,108287.0,108570.4,351.18690366
2025-06-09 20:00:00,108569.7,110650.0,108447.8,109978.0,1175.54610911
2025-06-09 22:00:00,109979.4,110428.5,109699.6,110267.0,595.20197829
2025-06-10 00:00:00,110266.9,110311.6,109636.3,109787.1,442.92950364
2025-06-10 02:00:00,109787.2,109787.2,109375.0,109579.3,268.23222763
2025-06-10 04:00:00,109579.4,109738.6,109196.2,109309.3,251.10379255
2025-06-10 06:00:00,109311.5,109665.1,109088.9,109212.0,517.90352842
2025-06-10 08:00:00,109212.0,109515.1,109048.8,109510.5,229.84536179
2025-06-10 10:00:00,109510.5,109858.9,109200.0,109549.4,521.86292886
2025-06-10 12:00:00,109550.2,109888.8,108860.4,109314.9,527.79718431
2025-06-10 14:00:00,109314.9,109342.2,108344.1,109023.9,705.69819847
2025-06-10 16:00:00,109024.0,109263.9,108615.3,108712.0,229.98020573
2025-06-10 18:00:00,108712.1,110393.0,108521.7,109509.5,473.89421299
2025-06-10 20:00:00,109509.4,110009.9,109243.7,109863.6,208.41037176
2025-06-10 22:00:00,109863.6,110298.6,109584.2,110274.1,307.25918159
2025-06-11 00:00:00,110274.1,110288.9,109565.2,109605.2,199.84607172
2025-06-11 02:00:00,109605.3,109879.0,109542.3,109719.1,133.4767836
2025-06-11 04:00:00,109719.2,109748.3,109425.9,109472.6,165.3601866
2025-06-11 06:00:00,109472.5,109746.6,109367.4,109439.2,235.7167099
2025-06-11 08:00:00,109439.2,109663.9,109218.8,109260.0,195.82190751
2025-06-11 10:00:00,109260.0,109481.4,109182.7,109245.7,124.88470915
2025-06-11 12:00:00,109245.7,109935.4,109011.4,109681.7,833.04582268
2025-06-11 14:00:00,109684.4,110399.9,109642.8,109743.3,583.57378608
2025-06-11 16:00:00,109743.3,109825.4,108956.6,108985.9,377.85146853
2025-06-11 18:00:00,108985.9,109074.9,108400.0,108749.2,573.22527478
2025-06-11 20:00:00,108743.5,109223.3,108352.6,108505.8,277.26201285
2025-06-11 22:00:00,108505.6,108697.1,108050.1,108645.7,329.19393611
2025-06-12 00:00:00,108645.7,108827.6,108256.9,108528.1,259.31338528
2025-06-12 02:00:00,108528.2,108761.8,107715.3,107864.2,1110.75992635
2025-06-12 04:00:00,107863.7,107930.9,107333.2,107745.6,337.94644292
2025-06-12 06:00:00,107745.6,107999.7,107446.5,107630.9,315.64821455
2025-06-12 08:00:00,107630.8,107848.6,107432.2,107510.4,211.09943039
2025-06-12 10:00:00,107510.5,107530.1,106887.7,106910.1,437.25010102
2025-06-12 12:00:00,106910.2,107439.1,106600.0,107078.4,570.97607979
2025-06-12 14:00:00,107076.3,107821.1,106878.1,107017.6,553.3883017
2025-06-12 16:00:00,107017.6,108439.0,106976.6,108294.9,1652.15005812
2025-06-12 18:00:00,108294.6,108429.8,106680.0,106795.9,1201.31152758
2025-06-12 20:00:00,106795.8,106980.5,105768.0,105886.0,789.30590131
2025-06-12 22:00:00,105886.0,106230.9,105661.4,105663.8,373.47829731
2025-06-13 00:00:00,105663.8,105697.1,102640.0,103775.7,2968.19877067
2025-06-13 02:00:00,103775.7,104630.7,103060.2,104287.7,862.33606959
2025-06-13 04:00:00,104287.8,104512.8,103785.7,104006.0,530.15595793
2025-06-13 06:00:00,104006.0,104973.5,103822.6,104897.3,895.46079573
2025-06-13 08:00:00,104897.4,105472.0,104501.9,104833.7,568.58613291
2025-06-13 10:00:00,104833.8,105058.0,104426.6,105037.8,274.40461245
2025-06-13 12:00:00,105039.5,105297.1,104672.8,104732.0,496.58649964
2025-06-13 14:00:00,104735.6,105764.8,104108.6,105431.0,1582.10807808
2025-06-13 16:00:00,105431.1,105977.1,104858.0,105378.3,596.98746889
2025-06-13 18:00:00,105378.4,105483.6,104666.6,105101.9,315.92605144
2025-06-13 20:00:00,105100.6,105793.9,105017.2,105613.7,190.96089542
2025-06-13 22:00:00,105613.8,106188.0,105537.2,106066.1,206.37547929
2025-06-14 00:00:00,106066.1,106219.2,105440.1,105472.1,302.31061665
2025-06-14 02:00:00,105472.1,105627.1,105202.6,105241.2,137.49790309
2025-06-14 04:00:00,105241.2,105433.7,105202.6,105300.0,127.44287291
2025-06-14 06:00:00,105300.1,105335.3,104791.3,105070.9,323.82103284
2025-06-14 08:00:00,105070.8,105139.5,104850.0,104865.9,108.22549153
2025-06-14 10:00:00,104866.0,105126.0,104830.7,105091.0,124.46857028
2025-06-14 12:00:00,105089.1,105129.8,104724.2,105015.1,151.30067854
2025-06-14 14:00:00,105015.1,105072.4,104614.0,104833.1,191.57994242
2025-06-14 16:00:00,104833.1,104912.0,104370.0,104618.5,688.16216089
2025-06-14 18:00:00,104618.6,105060.2,104363.7,104651.4,239.35031955
2025-06-14 20:00:00,104652.0,105476.5,104305.7,105313.2,280.44998665
2025-06-14 22:00:00,105313.2,105491.1,105288.0,105410.9,71.83141509
2025-06-15 00:00:00,105410.9,105677.0,105260.0,105417.0,143.01965266
2025-06-15 02:00:00,105417.0,105628.0,105417.0,105478.4,77.3181719
2025-06-15 04:00:00,105478.4,106098.4,105476.8,106064.4,137.1463931
2025-06-15 06:00:00,106069.9,106140.0,105199.9,105430.1,270.32019733
2025-06-15 08:00:00,105430.2,105498.2,104868.1,104933.9,197.72497311
2025-06-15 10:00:00,104933.3,105199.9,104917.1,104980.0,135.12980181
2025-06-15 12:00:00,104980.0,105661.3,104953.7,105530.0,870.25693956
2025-06-15 14:00:00,105530.1,105839.2,105308.3,105568.0,205.51648778
2025-06-15 16:00:00,105568.0,105776.9,105333.3,105684.0,410.85276192
2025-06-15 18:00:00,105683.8,105694.7,105066.5,105301.5,289.87418048
2025-06-15 20:00:00,105301.5,105306.7,104500.0,104808.0,291.4628815
2025-06-15 22:00:00,104804.8,105616.0,104728.0,105579.9,192.50907593
2025-06-16 00:00:00,105580.0,105900.2,104972.2,105818.1,292.19631414
2025-06-16 02:00:00,105818.0,105975.8,105676.1,105919.2,212.54378495
2025-06-16 04:00:00,105919.3,106791.0,105867.1,106569.3,670.55687175
2025-06-16 06:00:00,106569.3,107265.8,106506.5,107061.9,508.83417864
2025-06-16 08:00:00,107061.9,107239.1,106881.0,106953.9,322.41417097
2025-06-16 10:00:00,106954.0,107213.5,106582.6,106896.4,235.54211039
2025-06-16 12:00:00,106896.4,107179.3,106503.6,107161.2,289.86629389
2025-06-16 14:00:00,107160.0,107787.1,106778.6,107436.0,715.27400103
2025-06-16 16:00:00,107438.1,108019.1,107312.0,107756.0,427.45586165
2025-06-16 18:00:00,107756.0,108899.1,107685.9,108653.9,511.17982103
2025-06-16 20:00:00,108654.0,108850.0,108309.5,108525.5,366.69991157
2025-06-16 22:00:00,108525.6,108974.7,106700.9,106803.8,792.31895531
2025-06-17 00:00:00,106806.0,107407.4,106127.1,107185.4,573.24874137
2025-06-17 02:00:00,107185.4,107761.7,106571.4,107595.9,355.77416053
2025-06-17 04:00:00,107596.0,107712.5,107045.4,107123.9,267.0246436
2025-06-17 06:00:00,107123.9,107239.7,106480.0,106768.8,320.61910499
2025-06-17 08:00:00,106768.7,106838.6,106062.4,106164.1,356.58658874
2025-06-17 10:00:00,106164.1,106247.6,105504.1,105634.7,796.28847637
2025-06-17 12:00:00,105634.8,105867.3,105206.5,105361.1,1099.04275269
2025-06-17 14:00:00,105361.1,105713.2,104138.3,104244.1,1731.48585899
2025-06-17 16:00:00,104244.1,104499.5,103368.1,103814.8,2046.93262171
2025-06-17 18:00:00,103814.7,105353.6,103622.3,104684.1,799.95523102
2025-06-17 20:00:00,104682.0,104903.7,104253.3,104553.1,380.06219937
2025-06-17 22:00:00,104553.1,104740.3,104204.6,104564.0,191.25879218
2025-06-18 00:00:00,104565.1,105183.5,104366.7,104772.0,220.99629387
2025-06-18 02:00:00,104774.0,105246.6,104695.6,105184.5,306.33202828
2025-06-18 04:00:00,105184.5,105544.2,105072.9,105405.4,326.09927953
2025-06-18 06:00:00,105405.4,105535.2,104715.4,104977.7,437.14443422
2025-06-18 08:00:00,104979.4,105313.6,104560.8,104697.6,302.69666015
2025-06-18 10:00:00,104697.6,104873.9,104180.6,104849.1,368.75917589
2025-06-18 12:00:00,104849.1,104916.4,103812.0,104452.2,669.98569969
2025-06-18 14:00:00,104452.2,105329.7,104138.0,104796.1,842.44057606
2025-06-18 16:00:00,104796.0,104836.0,103605.5,104355.7,382.73096598
2025-06-18 18:00:00,104355.7,104717.8,103500.0,103820.0,742.76316095
2025-06-18 20:00:00,103822.1,105140.0,103647.9,105087.3,319.64505188
2025-06-18 22:00:00,105086.0,105136.9,104627.7,104890.1,168.94635201
2025-06-19 00:00:00,104890.0,105225.8,104460.5,104609.9,299.72018734
2025-06-19 02:00:00,104610.0,105108.2,104445.6,105093.0,142.32945858
2025-06-19 04:00:00,105094.2,105224.9,104800.0,104892.5,169.71594223
2025-06-19 06:00:00,104892.6,104985.9,104625.1,104648.1,137.52416501
2025-06-19 08:00:00,104648.0,105038.0,104630.0,105000.0,168.28659582
2025-06-19 10:00:00,105000.0,105078.1,104722.8,104768.0,90.76472431
2025-06-19 12:00:00,104768.1,104916.0,104238.1,104285.6,262.0752387
2025-06-19 14:00:00,104285.9,104692.0,104081.0,104104.1,367.31520816
2025-06-19 16:00:00,104104.1,104838.6,103920.1,104517.7,572.4912568
2025-06-19 18:00:00,104517.6,104699.9,104118.7,104251.2,139.07772466
2025-06-19 20:00:00,104251.2,104501.9,104138.1,104328.0,127.11856879
2025-06-19 22:00:00,104328.1,104916.6,104328.1,104652.4,145.43919106
2025-06-20 00:00:00,104652.1,104822.3,104390.4,104778.3,169.24540292
2025-06-20 02:00:00,104778.4,104808.7,104504.6,104595.3,205.79561663
2025-06-20 04:00:00,104595.4,104602.0,104230.8,104592.4,170.5943121
2025-06-20 06:00:00,104592.5,105809.6,104592.5,105805.8,504.44385338
2025-06-20 08:00:00,105805.9,106520.0,105756.0,105942.0,774.07462459
2025-06-20 10:00:00,105942.0,106168.8,105799.9,105979.8,382.34246868
2025-06-20 12:00:00,105980.0,106147.4,105361.7,105672.0,425.10375635
2025-06-20 14:00:00,105671.9,105797.4,103882.6,104222.1,1114.89155671
2025-06-20 16:00:00,104224.0,104281.2,102340.7,103272.0,1380.16030301
2025-06-20 18:00:00,103270.1,103525.0,103000.0,103308.2,459.64549593
2025-06-20 20:00:00,103308.2,103831.1,103292.3,103548.0,361.02522941
2025-06-20 22:00:00,103548.6,103548.6,102956.2,103304.6,410.50545176
2025-06-21 00:00:00,103304.6,103521.3,103127.5,103519.9,175.92715809
2025-06-21 02:00:00,103520.0,103702.0,103375.5,103492.8,117.85050904
2025-06-21 04:00:00,103492.8,103530.0,103334.1,103424.1,126.0708703
2025-06-21 06:00:00,103424.1,103600.0,103291.8,103468.1,721.13003725
2025-06-21 08:00:00,103468.1,103941.6,103461.3,103845.3,372.8620845
2025-06-21 10:00:00,103845.4,103991.6,103720.1,103880.0,155.01760441
2025-06-21 12:00:00,103879.9,103966.1,103536.5,103576.0,309.05662149
2025-06-21 14:00:00,103576.1,103793.3,103290.6,103566.1,747.40056609
2025-06-21 16:00:00,103566.1,103657.2,103185.4,103192.1,109.05042596
2025-06-21 18:00:00,103192.1,103448.2,102207.7,102256.3,395.83546142
2025-06-21 20:00:00,102254.4,102898.9,101100.0,101451.9,903.98890082
2025-06-21 22:00:00,101451.9,102287.9,100866.0,102124.4,870.63997394
2025-06-22 00:00:00,102126.3,103396.6,101822.3,102396.7,716.44690105
2025-06-22 02:00:00,102396.9,102894.4,101880.1,102384.9,400.91645087
2025-06-22 04:00:00,102384.9,102920.0,102260.0,102854.0,216.13017478
2025-06-22 06:00:00,102856.1,102954.0,102232.9,102442.1,876.46389121
2025-06-22 08:00:00,102442.1,102820.0,102072.6,102204.1,256.79469255
2025-06-22 10:00:00,102204.1,102785.1,102146.0,102739.2,245.8287987
2025-06-22 12:00:00,102739.3,102830.0,100279.7,100868.1,1403.69172599
2025-06-22 14:00:00,100868.1,101246.7,98900.4,98911.3,2569.99633689
2025-06-22 16:00:00,98911.2,100375.9,98680.0,99476.1,1318.36429677
2025-06-22 18:00:00,99476.0,99788.0,98800.0,98884.1,404.25041308
2025-06-22 20:00:00,98884.1,99764.0,98188.4,99184.0,877.51687481
2025-06-22 22:00:00,99184.0,101030.3,99133.6,100949.2,960.68969893
2025-06-23 00:00:00,100948.1,101606.0,100474.6,101102.7,589.92556646
2025-06-23 02:00:00,101102.8,101382.7,100923.0,101163.1,279.37065916
2025-06-23 04:00:00,101163.2,101852.1,100974.0,101766.7,276.41904286
2025-06-23 06:00:00,101766.8,102156.3,101647.9,101935.7,565.31340816
2025-06-23 08:00:00,101935.7,102085.9,101378.0,101558.1,339.02968464
2025-06-23 10:00:00,101558.1,101578.0,101107.1,101297.9,422.64019604
2025-06-23 12:00:00,101298.0,102483.8,100808.0,102359.3,1098.12510896
2025-06-23 14:00:00,102359.4,102625.0,101304.5,101431.5,986.72704241
2025-06-23 16:00:00,101431.6,102714.8,99636.6,102492.0,1587.02545009
2025-06-23 18:00:00,102492.0,103323.0,102400.0,103160.9,801.99326191
2025-06-23 20:00:00,103167.5,104214.0,102880.8,103701.5,587.61752088
2025-06-23 22:00:00,103702.1,106052.1,103696.0,105356.0,2109.75351954
2025-06-24 00:00:00,105355.9,105514.4,104913.5,105444.0,489.98950592
2025-06-24 02:00:00,105443.8,105443.8,104706.8,104920.0,1370.94183848
2025-06-24 04:00:00,104919.4,105416.6,104702.3,105385.2,616.78572749
2025-06-24 06:00:00,105385.2,105827.4,104890.1,104935.0,813.04274509
2025-06-24 08:00:00,104934.7,105568.5,104625.1,105200.6,471.5720938
2025-06-24 10:00:00,105200.6,105432.9,105004.5,105175.3,267.47549773
2025-06-24 12:00:00,105175.3,105398.0,104804.1,105085.0,553.97030514
2025-06-24 14:00:00,105084.9,105739.0,104956.0,105238.1,790.90377535
2025-06-24 16:00:00,105241.8,106290.8,105182.8,106061.6,606.51627009
2025-06-24 18:00:00,106061.6,106103.9,105280.4,105650.0,301.15894668
2025-06-24 20:00:00,105648.0,106128.1,105442.1,105998.1,333.6231914
2025-06-24 22:00:00,105998.0,106094.1,105740.0,106094.1,161.23958585
2025-06-25 00:00:00,106094.2,106665.9,105820.1,106394.9,526.94980676
2025-06-25 02:00:00,106394.9,106808.8,106197.5,106237.9,352.94240124
2025-06-25 04:00:00,106237.9,106410.6,106000.0,106219.9,262.02491286
2025-06-25 06:00:00,106220.0,106710.0,106119.7,106600.0,345.56689094
2025-06-25 08:00:00,106600.1,106989.3,106340.1,106642.0,554.06841658
2025-06-25 10:00:00,106643.6,107228.0,106574.1,107191.2,1100.72139967
2025-06-25 12:00:00,107191.2,108125.0,106927.9,107918.0,790.38308141
2025-06-25 14:00:00,107917.8,108130.0,106737.5,107034.6,1109.2573867
2025-06-25 16:00:00,107034.5,107545.9,106912.1,107400.1,476.55094487
2025-06-25 18:00:00,107400.2,107900.0,107172.0,107757.5,544.28498898
2025-06-25 20:00:00,107754.9,108000.0,107446.0,107560.0,320.32470919
2025-06-25 22:00:00,107560.1,107561.9,107075.0,107335.5,200.46312919
2025-06-26 00:00:00,107335.6,107901.0,107095.2,107625.5,292.32787256
2025-06-26 02:00:00,107625.6,108290.0,107553.5,107858.9,334.01262756
2025-06-26 04:00:00,107860.0,107975.4,107519.9,107637.9,180.4426229
2025-06-26 06:00:00,107638.0,108086.0,107556.3,107812.7,247.85153759
2025-06-26 08:00:00,107812.7,108196.3,107290.4,107331.5,774.16179934
2025-06-26 10:00:00,107331.4,107476.0,107124.8,107340.2,407.27409409
2025-06-26 12:00:00,107340.3,107446.0,106814.7,106956.0,723.68613661
2025-06-26 14:00:00,106956.1,107766.6,106546.8,107316.0,717.26973983
2025-06-26 16:00:00,107316.0,107449.2,107012.0,107197.1,293.69650772
2025-06-26 18:00:00,107197.2,107684.8,107139.0,107544.0,350.35160459
2025-06-26 20:00:00,107541.3,108007.0,106826.5,107025.8,442.34185772
2025-06-26 22:00:00,107025.8,107235.2,106872.6,106962.8,155.02889815
2025-06-27 00:00:00,106962.9,107227.1,106437.3,107124.1,303.52194056
2025-06-27 02:00:00,107124.1,107500.0,107054.1,107475.9,258.86817314
2025-06-27 04:00:00,107476.0,107573.3,107244.5,107259.6,220.48703334
2025-06-27 06:00:00,107259.7,107742.0,106850.6,106866.6,715.99142863
2025-06-27 08:00:00,106866.7,107139.0,106681.5,107088.0,463.52761962
2025-06-27 10:00:00,107088.0,107164.8,106924.0,106999.4,255.43539428
2025-06-27 12:00:00,106999.4,107213.9,106377.0,106835.6,492.08933391
2025-06-27 14:00:00,106835.6,107457.8,106379.1,107312.9,929.36652586
2025-06-27 16:00:00,107313.0,107727.9,106477.5,106878.1,595.82347895
2025-06-27 18:00:00,106878.0,107035.9,106450.0,106811.3,351.40869255
2025-06-27 20:00:00,106811.5,107278.0,106800.0,107046.0,239.10458269
2025-06-27 22:00:00,107046.1,107208.0,106971.1,107054.0,102.02698394
2025-06-28 00:00:00,107054.5,107181.9,106806.4,107074.7,124.60024394
2025-06-28 02:00:00,107074.8,107343.0,107018.0,107292.0,174.4907821
2025-06-28 04:00:00,107292.1,107355.1,107173.1,107301.4,206.79852119
2025-06-28 06:00:00,107301.4,107504.6,107301.3,107486.2,182.44912382
2025-06-28 08:00:00,107486.2,107504.1,107274.0,107309.7,90.01379018
2025-06-28 10:00:00,107309.8,107428.1,107227.9,107367.8,615.90878443
2025-06-28 12:00:00,107367.9,107370.0,107052.9,107103.9,145.45270555
2025-06-28 14:00:00,107104.0,107550.0,107102.5,107451.5,142.65321549
2025-06-28 16:00:00,107451.6,107552.4,107240.0,107467.3,149.89472128
2025-06-28 18:00:00,107467.4,107478.0,107224.3,107224.3,57.5211596
2025-06-28 20:00:00,107224.4,107359.7,107156.0,107327.5,60.71424989
2025-06-28 22:00:00,107327.6,107382.0,107267.2,107302.7,47.29942781
2025-06-29 00:00:00,107302.7,107512.0,107262.0,107317.9,113.56782225
2025-06-29 02:00:00,107318.0,107360.0,107169.2,107214.5,67.83910429
2025-06-29 04:00:00,107214.5,107316.0,107210.0,107316.0,35.24689457
2025-06-29 06:00:00,107316.0,107425.6,107312.6,107413.9,132.19872294
2025-06-29 08:00:00,107413.9,107985.3,107406.5,107902.1,314.32706856
2025-06-29 10:00:00,107902.2,108499.0,107853.0,108479.4,424.32747981
2025-06-29 12:00:00,108479.3,108539.0,108010.7,108054.1,687.67360196
2025-06-29 14:00:00,108054.1,108210.0,107650.0,107744.1,304.64319748
2025-06-29 16:00:00,107744.0,107787.4,107303.0,107535.9,252.96630136
2025-06-29 18:00:00,107535.9,107712.0,107363.4,107400.0,148.31238542
2025-06-29 20:00:00,107400.0,107746.4,107236.0,107551.9,148.00248468
2025-06-29 22:00:00,107552.0,108440.0,107552.0,108361.5,297.17024339
2025-06-30 00:00:00,108361.5,108800.0,108250.2,108505.9,414.23259548
2025-06-30 02:00:00,108505.9,108661.9,108423.0,108506.0,155.55646992
2025-06-30 04:00:00,108506.0,108542.0,108166.0,108285.9,227.69489993
2025-06-30 06:00:00,108286.0,108304.0,107464.7,107621.0,436.76753997
2025-06-30 08:00:00,107620.9,107746.8,107458.0,107477.1,166.90231613
2025-06-30 10:00:00,107477.1,107965.8,107395.1,107662.3,279.47674806
2025-06-30 12:00:00,107662.3,107887.7,107487.4,107531.0,398.07654243
2025-06-30 14:00:00,107528.1,107787.6,106736.9,107575.1,986.60392247
2025-06-30 16:00:00,107575.0,107800.0,107273.6,107464.1,283.07726099
2025-06-30 18:00:00,107464.1,107809.5,107121.2,107736.1,299.38439258
2025-06-30 20:00:00,107736.1,107771.4,106918.2,107123.0,218.72624394
2025-06-30 22:00:00,107123.0,107311.8,107008.0,107140.0,166.9252642
2025-07-01 00:00:00,107140.1,107547.9,107026.0,107219.8,172.87682764
2025-07-01 02:00:00,107219.8,107415.6,107073.6,107196.9,137.68251214
2025-07-01 04:00:00,107196.8,107216.7,106733.0,106945.5,300.29887446
2025-07-01 06:00:00,106945.4,107195.9,106621.1,107184.1,339.7439656
2025-07-01 08:00:00,107184.1,107184.1,106506.6,106559.4,306.15696256
2025-07-01 10:00:00,106559.5,106644.0,106315.7,106614.1,367.43323574
2025-07-01 12:00:00,106614.1,106879.3,106287.1,106806.5,618.61771657
2025-07-01 14:00:00,106806.5,107184.0,105633.3,105961.9,1441.50322472
2025-07-01 16:00:00,105962.0,106289.4,105827.6,106250.1,252.82283278
2025-07-01 18:00:00,106250.0,106262.3,105386.6,105392.6,367.96154876
2025-07-01 20:00:00,105392.7,106106.0,105239.2,105789.9,241.08661879
2025-07-01 22:00:00,105784.5,105913.3,105361.8,105688.1,132.088862
2025-07-02 00:00:00,105688.1,105797.8,105100.0,105720.0,312.16413885
2025-07-02 02:00:00,105720.0,106211.6,105534.5,106190.0,227.63623293
2025-07-02 04:00:00,106190.0,106677.7,106131.3,106635.2,329.78837782
2025-07-02 06:00:00,106635.2,107188.5,106624.5,107080.1,531.18769896
2025-07-02 08:00:00,107080.9,107788.0,107080.9,107638.0,583.64107945
2025-07-02 10:00:00,107638.0,107843.8,107340.0,107479.9,367.05352046
2025-07-02 12:00:00,107480.0,108000.0,107181.8,107772.7,494.68807022
2025-07-02 14:00:00,107772.7,108770.0,107660.0,108745.3,1233.32969759
2025-07-02 16:00:00,108745.3,109750.0,108654.2,109133.9,1578.37910038
2025-07-02 18:00:00,109134.0,109688.0,108994.9,109675.9,302.69917112
2025-07-02 20:00:00,109675.8,109675.9,109139.7,109444.5,191.55280669
2025-07-02 22:00:00,109444.5,109515.9,108727.2,108838.9,166.23635028
2025-07-03 00:00:00,108838.9,109121.9,108706.6,108986.0,213.6913814
2025-07-03 02:00:00,108986.1,108986.1,108526.1,108638.0,208.15202698
2025-07-03 04:00:00,108638.0,109376.1,108564.0,109347.9,267.41637298
2025-07-03 06:00:00,109348.0,109560.8,109130.7,109273.9,308.15865152
2025-07-03 08:00:00,109273.9,110278.0,109273.9,109937.9,809.74525056
2025-07-03 10:00:00,109937.9,110000.0,109585.1,109598.6,203.30559545
2025-07-03 12:00:00,109598.6,110529.0,108758.0,110268.0,1121.83439116
2025-07-03 14:00:00,110264.0,110500.0,109094.3,109128.2,746.1054761
2025-07-03 16:00:00,109128.3,109675.9,109020.5,109560.0,275.07919815
2025-07-03 18:00:00,109559.9,109913.0,109330.2,109796.7,209.98379904
2025-07-03 20:00:00,109796.7,110000.0,109676.5,109788.7,109.00588197
2025-07-03 22:00:00,109788.7,109879.9,109536.1,109593.4,101.77835379
2025-07-04 00:00:00,109593.5,109777.8,109375.0,109510.1,189.8730435
2025-07-04 02:00:00,109510.1,109510.1,109105.4,109240.1,206.80259029
2025-07-04 04:00:00,109240.1,109327.5,108940.8,109012.0,189.93045194
2025-07-04 06:00:00,109012.1,109144.0,108702.9,108703.0,275.77029679
2025-07-04 08:00:00,108703.0,109077.6,108529.0,108992.7,273.44061679
2025-07-04 10:00:00,108992.8,109113.5,108855.6,108897.9,182.25467441
2025-07-04 12:00:00,108898.0,108976.0,107972.5,107982.8,353.26591585
2025-07-04 14:00:00,107982.9,108122.5,107507.3,107592.2,771.66590515
2025-07-04 16:00:00,107592.1,107925.9,107345.3,107882.3,325.64852717
2025-07-04 18:00:00,107886.2,107890.0,107255.7,107483.9,206.80621323
2025-07-04 20:00:00,107484.0,107944.0,107444.0,107923.7,113.37870557
2025-07-04 22:00:00,107923.7,108278.9,107885.4,107985.4,134.5655612
2025-07-05 00:00:00,107985.5,108233.5,107899.2,107994.4,84.31476468
2025-07-05 02:00:00,107994.5,108280.0,107750.1,108156.2,181.26253485
2025-07-05 04:00:00,108156.3,108432.7,108005.3,108134.0,119.36595698
2025-07-05 06:00:00,108134.1,108288.5,107986.9,108057.8,218.53465644
2025-07-05 08:00:00,108057.9,108131.7,107869.5,108082.4,120.76064096
2025-07-05 10:00:00,108082.5,108222.0,108055.1,108104.1,56.20336211
2025-07-05 12:00:00,108104.1,108231.9,107962.0,108122.4,63.60039558
2025-07-05 14:00:00,108122.4,108234.0,108047.1,108057.9,61.35391035
2025-07-05 16:00:00,108058.0,108160.0,107849.8,108088.1,112.00221886
2025-07-05 18:00:00,108088.1,108173.3,107950.6,108143.9,77.21424035
2025-07-05 20:00:00,108144.0,108165.6,107988.4,108083.6,56.83101198
2025-07-05 22:00:00,108083.5,108225.7,108051.0,108199.7,97.10107446
2025-07-06 00:00:00,108199.8,108250.0,108088.0,108201.9,71.08555204
2025-07-06 02:00:00,108202.0,108263.4,108002.9,108038.3,125.68482474
2025-07-06 04:00:00,108038.4,108096.4,107945.8,107993.2,104.62014826
2025-07-06 06:00:00,107993.2,108217.9,107965.2,108029.6,110.14632995
2025-07-06 08:00:00,108029.5,108074.0,107817.7,107852.4,133.18249938
2025-07-06 10:00:00,107852.4,108139.0,107804.1,108079.7,89.65683302
2025-07-06 12:00:00,108079.8,109134.4,108040.0,108774.0,370.44034303
2025-07-06 14:00:00,108774.0,109040.0,108625.0,108909.9,286.5275997
2025-07-06 16:00:00,108910.0,108964.0,108700.1,108913.0,111.20631992
2025-07-06 18:00:00,108913.1,108924.9,108281.6,108544.9,142.47358385
2025-07-06 20:00:00,108545.0,109719.6,108534.0,109216.0,259.90162464
2025-07-06 22:00:00,109216.0,109532.0,108975.5,109202.6,225.68755697
2025-07-07 00:00:00,109202.6,109285.6,108676.7,109022.1,198.52030024
2025-07-07 02:00:00,109022.1,109707.9,109022.0,109393.1,259.99716293
2025-07-07 04:00:00,109393.1,109460.0,109025.9,109084.0,140.62388031
2025-07-07 06:00:00,109084.1,109183.4,108668.0,109068.0,323.81934501
2025-07-07 08:00:00,109068.0,109094.8,108768.0,108852.3,145.45033988
2025-07-07 10:00:00,108852.3,108908.7,108580.7,108653.1,157.42148775
2025-07-07 12:00:00,108653.1,108653.1,108003.1,108533.3,452.07988757
2025-07-07 14:00:00,108532.0,108685.4,107966.0,108301.9,302.94425203
2025-07-07 16:00:00,108300.7,108506.7,107814.1,107950.0,288.95161525
2025-07-07 18:00:00,107950.0,108310.5,107506.5,108054.0,239.55567628
2025-07-07 20:00:00,108055.0,108213.1,107777.5,108169.9,111.57916313
2025-07-07 22:00:00,108170.0,108303.0,107972.1,108262.1,61.68516755
2025-07-08 00:00:00,108262.1,108527.5,107684.5,107700.0,259.63336053
2025-07-08 02:00:00,107700.1,108012.7,107421.4,107900.0,270.63955153
2025-07-08 04:00:00,107900.1,108225.9,107742.1,108209.0,118.42704477
2025-07-08 06:00:00,108209.1,108488.0,108128.6,108483.9,181.57743542
2025-07-08 08:00:00,108483.9,108522.0,108216.1,108466.8,111.26174768
2025-07-08 10:00:00,108466.9,109000.0,108406.0,108755.9,324.54526972
2025-07-08 12:00:00,108756.0,109218.8,108632.6,109021.4,373.33554199
2025-07-08 14:00:00,109021.3,109073.9,108210.0,108264.9,393.19807697
2025-07-08 16:00:00,108266.0,109099.9,108097.6,108989.7,335.16755292
2025-07-08 18:00:00,108989.7,109154.0,108721.6,108766.1,271.06639605
2025-07-08 20:00:00,108766.1,108976.8,108612.0,108896.2,120.86747242
2025-07-08 22:00:00,108898.0,108976.0,108804.0,108926.0,74.7542247
2025-07-09 00:00:00,108926.0,109142.7,108718.1,108788.6,224.26508847
2025-07-09 02:00:00,108788.6,108851.9,108336.0,108373.1,139.13541875
2025-07-09 04:00:00,108373.1,108949.4,108333.4,108784.4,317.435134
2025-07-09 06:00:00,108784.4,108884.0,108678.0,108721.9,151.54210054
2025-07-09 08:00:00,108721.9,108854.6,108560.6,108768.1,157.57593385
2025-07-09 10:00:00,108768.0,109138.0,108710.0,109066.0,192.66607306
2025-07-09 12:00:00,109066.0,109790.0,108990.0,109193.8,691.07533177
2025-07-09 14:00:00,109193.8,109479.4,108500.0,109079.9,434.28513909
2025-07-09 16:00:00,109080.0,109480.0,109032.3,109164.1,200.4941957
2025-07-09 18:00:00,109164.0,112000.0,109132.1,111751.8,1801.6838517
2025-07-09 20:00:00,111751.8,111951.3,110556.0,110829.1,737.04630329
2025-07-09 22:00:00,110829.1,111527.6,110829.0,111239.3,362.91876553
2025-07-10 00:00:00,111239.3,111379.0,110888.0,111208.1,588.42091116
2025-07-10 02:00:00,111208.1,111587.9,110998.7,111080.9,405.68258082
2025-07-10 04:00:00,111080.8,111196.8,110955.1,111102.1,206.64806261
2025-07-10 06:00:00,111102.0,111440.0,111092.2,111225.1,448.40379698
2025-07-10 08:00:00,111225.2,111408.9,111010.9,111045.9,227.44660365
2025-07-10 10:00:00,111046.0,111192.0,110880.0,111035.9,261.70303009
2025-07-10 12:00:00,111036.0,111039.7,110504.4,110820.0,363.95297877
2025-07-10 14:00:00,110820.0,111416.0,110642.2,111412.0,934.87213989
2025-07-10 16:00:00,111412.0,113800.0,111336.0,113728.5,2235.20164245
2025-07-10 18:00:00,113729.9,113756.0,112982.0,113290.0,687.9747619
2025-07-10 20:00:00,113288.1,117548.2,113260.0,116487.8,2707.72379063
2025-07-10 22:00:00,116485.9,116499.7,115655.6,116015.9,799.96264143
2025-07-11 00:00:00,116016.0,116080.1,115208.1,115968.5,486.70666033
2025-07-11 02:00:00,115968.6,116985.5,115708.3,116899.1,684.38895092
2025-07-11 04:00:00,116899.1,118409.0,116480.0,117855.9,968.69492484
2025-07-11 06:00:00,117856.0,118399.5,117443.3,117537.9,1561.33874127
2025-07-11 08:00:00,117537.8,118868.0,117533.4,118468.1,681.14678771
2025-07-11 10:00:00,118468.1,118468.1,117600.0,117814.0,403.99162292
2025-07-11 12:00:00,117814.1,118250.0,117272.7,117978.9,541.96478072
2025-07-11 14:00:00,117978.9,118180.0,116726.8,116921.2,764.13324808
2025-07-11 16:00:00,116921.3,117745.5,116608.9,117640.1,727.63354124
2025-07-11 18:00:00,117640.0,118158.0,117306.1,118107.3,603.39583145
2025-07-11 20:00:00,118107.2,118107.2,117467.2,117618.0,216.6293757
2025-07-11 22:00:00,117616.3,117706.6,117156.1,117542.3,397.09689567
2025-07-12 00:00:00,117542.2,117701.6,117140.9,117657.9,265.72861785
2025-07-12 02:00:00,117657.9,117850.0,117580.0,117782.9,150.59064843
2025-07-12 04:00:00,117784.0,117927.6,117510.0,117687.4,451.41888435
2025-07-12 06:00:00,117687.5,118072.7,117640.6,117745.9,295.3688918
2025-07-12 08:00:00,117746.0,118230.5,117730.4,118170.8,272.29083322
2025-07-12 10:00:00,118170.9,118191.3,117629.4,117818.0,1096.25504631
2025-07-12 12:00:00,117818.0,117871.9,117247.4,117527.5,1373.64329615
2025-07-12 14:00:00,117527.4,117762.0,116916.6,117112.0,829.48640326
2025-07-12 16:00:00,117112.1,117540.6,117052.2,117486.1,200.63454704
2025-07-12 18:00:00,117486.0,117650.0,117375.2,117568.0,105.47689409
2025-07-12 20:00:00,117568.0,117568.7,117005.0,117500.7,113.42381631
2025-07-12 22:00:00,117500.7,117563.9,117217.0,117437.1,92.95073592
2025-07-13 00:00:00,117438.0,117659.9,117222.5,117544.8,128.57945209
2025-07-13 02:00:00,117544.7,117826.0,117404.0,117752.2,114.76998634
2025-07-13 04:00:00,117752.2,117914.7,117676.0,117756.9,124.41020182
2025-07-13 06:00:00,117757.0,118067.8,117733.2,117999.9,127.03407576
2025-07-13 08:00:00,118000.0,118012.0,117698.7,117753.8,124.90911976
2025-07-13 10:00:00,117753.7,118139.5,117736.0,118086.9,139.74348491
2025-07-13 12:00:00,118086.9,118782.7,117992.0,118613.1,476.62650842
2025-07-13 14:00:00,118613.2,119449.9,118361.1,118678.1,989.68960109
2025-07-13 16:00:00,118678.1,118990.7,118370.0,118698.7,280.49129212
2025-07-13 18:00:00,118698.9,119500.0,118586.4,118970.1,247.1362131
2025-07-13 20:00:00,118970.1,119383.7,118470.9,118653.4,189.05714844
2025-07-13 22:00:00,118653.5,119202.0,118248.4,119096.0,243.41085137
2025-07-14 00:00:00,119095.9,119480.2,118906.5,119108.0,245.35071649
2025-07-14 02:00:00,119108.1,121656.4,118976.0,120780.7,1590.54896164
2025-07-14 04:00:00,120780.8,122679.7,120560.0,122453.4,1538.67793402
2025-07-14 06:00:00,122453.4,123226.0,122041.0,122744.0,791.36441506
2025-07-14 08:00:00,122745.9,122763.9,121887.9,121967.9,623.17170638
2025-07-14 10:00:00,121968.0,122159.4,121360.1,121461.2,448.3988099
2025-07-14 12:00:00,121461.1,122115.9,121180.0,121710.0,501.28523682
2025-07-14 14:00:00,121708.1,121972.6,119600.1,119882.0,1165.28448532
2025-07-14 16:00:00,119881.9,120524.0,119226.6,119909.9,1222.64729181
2025-07-14 18:00:00,119909.8,120186.4,119594.5,119938.1,563.33426797
2025-07-14 20:00:00,119939.2,120448.0,119520.0,120032.9,199.56786146
2025-07-14 22:00:00,120032.9,120308.8,119756.4,119848.7,156.15335476
2025-07-15 00:00:00,119848.7,119950.0,118400.0,118517.9,595.47611837
2025-07-15 02:00:00,118517.9,118887.3,116846.1,117158.1,2463.06006999
2025-07-15 04:00:00,117158.1,117750.7,116285.8,117318.1,1166.88709649
2025-07-15 06:00:00,117318.1,117318.1,116396.6,116790.0,862.78427134
2025-07-15 08:00:00,116789.9,117216.6,116268.0,116776.0,574.16876598
2025-07-15 10:00:00,116776.1,117207.5,116320.1,117115.1,598.78363489
2025-07-15 12:00:00,117115.1,118450.0,116406.0,118082.9,1242.07201631
2025-07-15 14:00:00,118083.8,118450.0,115726.7,116385.7,1788.81578686
2025-07-15 16:00:00,116385.7,117726.7,116354.8,117375.8,680.43495083
2025-07-15 18:00:00,117375.8,117385.0,116007.5,116404.0,720.61667318
2025-07-15 20:00:00,116403.9,117588.0,116180.6,117547.9,306.5686178
2025-07-15 22:00:00,117547.8,117966.0,117232.4,117752.7,387.96959525
2025-07-16 00:00:00,117752.6,118204.9,117394.0,117718.0,446.44354678
2025-07-16 02:00:00,117718.1,117771.3,117018.2,117480.1,223.65373828
2025-07-16 04:00:00,117480.1,118024.1,117276.0,117866.4,261.98374321
2025-07-16 06:00:00,117866.5,118301.7,117746.1,118195.1,273.32286116
2025-07-16 08:00:00,118195.1,119198.8,118117.4,119195.0,460.03383329
2025-07-16 10:00:00,119195.0,119299.9,118621.4,118769.9,249.1485915
2025-07-16 12:00:00,118769.9,119087.8,118176.6,118684.1,424.03557354
2025-07-16 14:00:00,118684.2,119814.2,118208.0,119106.0,1321.18860675
2025-07-16 16:00:00,119106.3,119708.1,118461.9,119078.4,509.46736638
2025-07-16 18:00:00,119078.4,119948.7,118848.1,119241.5,460.02626788
2025-07-16 20:00:00,119241.5,120069.3,118937.5,119302.1,401.21094765
2025-07-16 22:00:00,119302.1,119500.0,118404.4,118629.7,284.10361299
2025-07-17 00:00:00,118629.7,119183.8,117677.1,118136.4,631.55408434
2025-07-17 02:00:00,118136.4,118519.6,117739.8,118120.1,327.24155277
2025-07-17 04:00:00,118120.0,118649.9,117966.0,118582.4,267.00591616
2025-07-17 06:00:00,118582.4,118785.7,117854.3,118327.7,524.39994515
2025-07-17 08:00:00,118327.7,119224.0,118084.4,118779.5,452.21101819
2025-07-17 10:00:00,118779.4,118888.0,117958.6,117978.0,265.55421439
2025-07-17 12:00:00,117978.1,118454.4,117444.0,118281.7,582.84230154
2025-07-17 14:00:00,118281.6,119100.0,118117.2,118875.9,649.57961496
2025-07-17 16:00:00,118876.0,119363.7,118327.7,119266.6,420.2153102
2025-07-17 18:00:00,119266.6,119870.6,118814.3,118963.9,320.6334431
2025-07-17 20:00:00,118964.0,120941.8,118385.1,120257.3,732.65842049
2025-07-17 22:00:00,120257.3,120688.1,119156.0,119178.0,409.52240155
2025-07-18 00:00:00,119178.0,120776.0,119005.4,120341.9,504.80136033
2025-07-18 02:00:00,120342.0,120492.8,119854.4,120219.4,368.15928102
2025-07-18 04:00:00,120219.5,120635.0,119739.1,120584.5,394.1503594
2025-07-18 06:00:00,120584.6,120822.7,119290.0,119352.0,949.01885106
2025-07-18 08:00:00,119351.8,119470.5,118375.7,118888.1,906.89939706
2025-07-18 10:00:00,118888.1,119282.1,118504.1,119168.0,369.5863649
2025-07-18 12:00:00,119168.1,119515.1,118480.0,118767.9,542.44248976
2025-07-18 14:00:00,118768.0,119261.0,117292.6,117844.4,1075.6599787
2025-07-18 16:00:00,117844.5,118057.9,117350.0,117599.1,496.11846583
2025-07-18 18:00:00,117599.1,117878.2,117122.6,117368.1,524.7891807
2025-07-18 20:00:00,117368.1,117897.6,116811.0,117681.4,402.52510315
2025-07-18 22:00:00,117681.3,118033.2,117368.3,117934.0,259.44347266
2025-07-19 00:00:00,117934.1,118111.1,117614.2,118042.6,142.82860595
2025-07-19 02:00:00,118042.7,118417.2,117939.6,118361.0,350.26195572
2025-07-19 04:00:00,118361.1,118400.9,118034.8,118208.1,957.87866714
2025-07-19 06:00:00,118208.1,118330.0,118068.1,118172.1,115.22665785
2025-07-19 08:00:00,118172.0,118330.0,117941.1,118239.4,340.96216562
2025-07-19 10:00:00,118239.5,118492.0,118160.1,118327.9,123.7200045
2025-07-19 12:00:00,118328.0,118333.0,118082.0,118197.7,111.88609513
2025-07-19 14:00:00,118197.7,118245.0,117633.9,118052.1,231.9553169
2025-07-19 16:00:00,118052.1,118162.0,117734.2,117810.9,163.00322046
2025-07-19 18:00:00,117810.9,118142.2,117569.3,118005.9,113.76973393
2025-07-19 20:00:00,118005.8,118148.0,117267.9,117692.0,198.43030402
2025-07-19 22:00:00,117692.0,117940.4,117523.8,117838.2,67.13115596
2025-07-20 00:00:00,117838.3,118138.0,117648.3,117946.0,112.20205489
2025-07-20 02:00:00,117946.1,118166.9,117700.8,117969.5,162.14707672
2025-07-20 04:00:00,117969.5,118139.8,117793.8,117846.0,129.65635992
2025-07-20 06:00:00,117846.0,118218.3,117756.7,118017.8,157.62622834
2025-07-20 08:00:00,118017.7,118287.0,117890.9,117920.0,398.30766391
2025-07-20 10:00:00,117916.0,118103.9,117822.1,117889.9,162.92053587
2025-07-20 12:00:00,117890.0,118412.0,117715.9,118404.0,452.80235284
2025-07-20 14:00:00,118404.0,118811.8,118287.9,118683.9,506.24197342
2025-07-20 16:00:00,118683.9,118865.9,117948.6,118011.9,328.41301109
2025-07-20 18:00:00,118012.0,118563.6,118012.0,118160.1,108.33827327
2025-07-20 20:00:00,118160.1,118268.0,117838.0,118003.4,168.49670872
2025-07-20 22:00:00,118003.4,118054.0,116462.0,117260.1,782.29073623
2025-07-21 00:00:00,117260.1,117444.4,116520.0,117310.0,335.46778087
2025-07-21 02:00:00,117310.7,118613.9,117310.7,118398.0,375.14361974
2025-07-21 04:00:00,118398.0,118642.3,118164.2,118426.3,368.71826631
2025-07-21 06:00:00,118426.4,119669.0,118280.0,119365.2,582.37243758
2025-07-21 08:00:00,119365.3,119500.0,118531.0,118688.3,314.81319283
2025-07-21 10:00:00,118688.4,118811.9,118072.0,118075.9,312.00211122
2025-07-21 12:00:00,118077.1,119109.2,117769.2,118856.8,615.07660151
2025-07-21 14:00:00,118856.9,119227.4,118254.2,118318.1,621.43930761
2025-07-21 16:00:00,118318.0,118396.0,117328.8,117841.3,559.69589179
2025-07-21 18:00:00,117841.3,118205.2,116666.0,116761.3,532.86327072
2025-07-21 20:00:00,116763.5,117377.6,116666.0,117224.0,286.70302883
2025-07-21 22:00:00,117224.1,117647.3,117104.0,117378.1,108.31007226
2025-07-22 00:00:00,117378.1,117976.7,116116.0,117761.8,774.18986896
2025-07-22 02:00:00,117761.9,117821.1,116700.0,117219.1,369.5579412
2025-07-22 04:00:00,117219.1,117387.1,116560.8,117341.9,696.95542407
2025-07-22 06:00:00,117341.9,118592.0,117276.0,117999.9,532.98332819
2025-07-22 08:00:00,117999.9,118651.7,117488.1,118398.1,499.49826851
2025-07-22 10:00:00,118398.0,119187.9,118301.7,119152.7,1248.10522246
2025-07-22 12:00:00,119152.7,119600.0,118040.1,118158.1,1383.54118805
2025-07-22 14:00:00,118158.9,119194.6,117544.1,118922.4,718.70003417
2025-07-22 16:00:00,118922.4,119391.8,118401.4,119210.0,579.23398888
2025-07-22 18:00:00,119210.1,120234.9,119070.2,119272.0,693.9716524
2025-07-22 20:00:00,119271.3,119889.9,119201.9,119392.1,580.77463019
2025-07-22 22:00:00,119392.1,120249.3,119386.1,119954.9,607.0521632
2025-07-23 00:00:00,119955.0,120080.0,119395.3,119494.3,257.89675716
2025-07-23 02:00:00,119494.3,119533.5,118506.0,118610.0,762.3498898
2025-07-23 04:00:00,118610.0,119037.9,118560.0,118650.0,845.70861446
2025-07-23 06:00:00,118650.0,118724.0,118288.0,118353.1,378.29564601
2025-07-23 08:00:00,118353.1,118555.5,117905.3,118036.1,432.71069822
2025-07-23 10:00:00,118036.0,118624.0,117821.8,118528.1,274.94990769
2025-07-23 12:00:00,118528.1,118653.8,117333.0,117376.1,830.07522498
2025-07-23 14:00:00,117376.1,118730.1,117313.6,118578.1,497.68437088
2025-07-23 16:00:00,118578.1,118578.1,117332.6,118147.9,439.65649526
2025-07-23 18:00:00,118148.0,118474.0,118002.2,118395.9,220.69629317
2025-07-23 20:00:00,118396.0,118499.8,117379.3,118192.0,304.34044951
2025-07-23 22:00:00,118191.9,118759.3,117944.0,118757.9,226.3397784
2025-07-24 00:00:00,118757.9,119126.0,118568.2,119082.1,291.13173296
2025-07-24 02:00:00,119082.1,119264.7,118470.1,118494.0,301.84069837
2025-07-24 04:00:00,118496.0,118589.3,117496.1,117600.8,547.51889043
2025-07-24 06:00:00,117600.9,118480.0,117072.0,118398.7,941.21622254
2025-07-24 08:00:00,118398.8,118812.0,118219.0,118487.5,709.99246143
2025-07-24 10:00:00,118487.6,118747.9,117939.9,118598.0,350.54126973
2025-07-24 12:00:00,118597.9,118730.0,118202.0,118213.3,379.56654124
2025-07-24 14:00:00,118213.3,119500.0,117824.8,119110.1,1051.92301766
2025-07-24 16:00:00,119110.2,119323.9,118353.4,119122.0,341.35664227
2025-07-24 18:00:00,119122.0,119412.5,118905.1,118951.2,197.76117375
2025-07-24 20:00:00,118951.3,119022.9,118476.7,118516.2,320.74383106
2025-07-24 22:00:00,118516.2,118624.0,118181.1,118341.8,447.42318878
2025-07-25 00:00:00,118341.9,118462.5,117216.1,117372.0,1340.21724518
2025-07-25 02:00:00,117368.1,117395.6,115336.0,115414.1,3091.37643946
2025-07-25 04:00:00,115414.1,116120.0,115070.2,115520.1,2521.21569478
2025-07-25 06:00:00,115520.1,115956.0,114712.4,115324.1,1349.42254706
2025-07-25 08:00:00,115324.1,116030.3,114991.8,116024.1,2501.21460055
2025-07-25 10:00:00,116024.0,116784.0,115973.7,116528.1,453.14939026
2025-07-25 12:00:00,116528.1,116651.9,115566.6,116236.7,1366.43377284
2025-07-25 14:00:00,116236.7,116297.9,114905.0,115722.1,829.04782183
2025-07-25 16:00:00,115718.1,116352.0,115449.8,116034.5,299.2580181
2025-07-25 18:00:00,116034.6,117040.8,116034.5,116688.0,441.91883523
2025-07-25 20:00:00,116685.3,117427.7,116570.3,117215.3,325.22103673
2025-07-25 22:00:00,117215.3,117682.5,117107.7,117615.8,304.55184054
2025-07-26 00:00:00,117615.9,117623.8,117129.7,117156.1,178.73892433
2025-07-26 02:00:00,117156.2,117754.5,117156.1,117498.0,295.31511383
2025-07-26 04:00:00,117498.1,117570.6,117406.7,117450.7,89.37367103
2025-07-26 06:00:00,117450.8,117480.8,117303.0,117331.2,298.50317165
2025-07-26 08:00:00,117331.3,117640.0,117331.2,117587.3,159.03710088
2025-07-26 10:00:00,117587.4,118220.0,117536.0,117778.0,319.2466776
2025-07-26 12:00:00,117778.1,118233.2,117753.7,118134.3,186.47343497
2025-07-26 14:00:00,118134.4,118221.8,117820.8,118126.5,333.61399905
2025-07-26 16:00:00,118126.6,118200.0,117968.7,118024.0,128.1058075
2025-07-26 18:00:00,118024.1,118290.0,117928.5,118227.1,155.36507111
2025-07-26 20:00:00,118227.1,118227.1,117867.7,118028.0,141.20996604
2025-07-26 22:00:00,118028.1,118289.6,117861.1,117917.3,145.33461495
2025-07-27 00:00:00,117917.9,118239.8,117818.0,118088.1,114.01173582
2025-07-27 02:00:00,118088.1,118386.0,118010.4,118186.1,147.34845857
2025-07-27 04:00:00,118186.0,118309.0,118149.0,118293.9,81.03432559
2025-07-27 06:00:00,118293.9,118458.0,118078.0,118112.2,173.73192278
2025-07-27 08:00:00,118112.2,118146.0,117828.9,117955.7,164.04304495
2025-07-27 10:00:00,117955.8,118306.5,117955.7,118079.9,194.38707382
2025-07-27 12:00:00,118079.9,118235.0,117884.9,118213.7,179.00326171
2025-07-27 14:00:00,118213.8,118600.0,118147.0,118600.0,427.74555773
2025-07-27 16:00:00,118600.0,119573.3,118599.9,119199.2,1281.15247551
2025-07-27 18:00:00,119193.2,119397.9,118895.2,118959.9,178.71401558
2025-07-27 20:00:00,118960.0,119278.0,118726.0,119275.9,141.38576428
2025-07-27 22:00:00,119276.0,119786.0,119114.5,119439.3,403.00494412
2025-07-28 00:00:00,119440.0,119699.9,118947.3,119037.4,276.59629336
2025-07-28 02:00:00,119037.4,119828.0,119014.0,119286.4,277.76589917
2025-07-28 04:00:00,119286.4,119695.9,119132.0,119524.0,207.14680073
2025-07-28 06:00:00,119524.0,119613.3,118762.0,118884.0,387.93988166
2025-07-28 08:00:00,118884.0,119096.9,118699.2,118934.1,271.03123024
2025-07-28 10:00:00,118934.1,118969.7,118486.9,118823.8,211.97844042
2025-07-28 12:00:00,118823.8,119099.8,118250.0,118445.9,420.25002262
2025-07-28 14:00:00,118446.0,118687.5,117914.4,118170.4,439.24943228
2025-07-28 16:00:00,118170.5,118384.0,117648.0,117672.0,332.0547256
2025-07-28 18:00:00,117672.0,118245.5,117400.4,118073.9,341.76968073
2025-07-28 20:00:00,118074.0,118357.6,117499.9,118119.2,158.94275148
2025-07-28 22:00:00,118119.2,118266.5,117757.8,118073.9,162.62594316
2025-07-29 00:00:00,118073.9,118454.9,117538.0,117780.1,344.83076682
2025-07-29 02:00:00,117780.1,118804.0,117450.0,118769.6,365.08181652
2025-07-29 04:00:00,118769.5,118862.0,118420.0,118804.4,221.33405878
2025-07-29 06:00:00,118804.4,119300.0,118734.9,118893.4,367.16082026
2025-07-29 08:00:00,118893.3,119055.9,118752.0,118783.5,192.5065373
2025-07-29 10:00:00,118783.5,118833.9,118162.9,118599.9,385.25060786
2025-07-29 12:00:00,118599.9,119088.0,118468.0,118619.9,297.19673946
2025-07-29 14:00:00,118620.0,118640.0,117266.6,117384.1,662.28422479
2025-07-29 16:00:00,117384.1,118053.0,116954.4,117772.0,489.26485931
2025-07-29 18:00:00,117772.0,118036.5,117412.0,117520.0,227.50939664
2025-07-29 20:00:00,117521.4,117870.8,117089.9,117592.0,259.63980912
2025-07-29 22:00:00,117592.1,117998.0,117445.2,117944.1,116.14763814
2025-07-30 00:00:00,117944.0,118016.0,117418.0,117862.1,144.28990805
2025-07-30 02:00:00,117862.1,118263.0,117786.6,118161.7,188.09485247
2025-07-30 04:00:00,118161.6,118276.5,117674.9,117995.0,139.75160201
2025-07-30 06:00:00,117995.0,118421.9,117995.0,118128.1,236.10737612
2025-07-30 08:00:00,118128.0,118489.0,117941.3,118164.0,210.5537257
2025-07-30 10:00:00,118164.1,118426.5,117359.7,117577.0,282.90279022
2025-07-30 12:00:00,117577.6,117922.4,117355.3,117680.4,398.0221918
2025-07-30 14:00:00,117680.0,118800.0,117615.6,118007.0,549.18944528
2025-07-30 16:00:00,118007.0,118035.9,117633.6,117802.8,183.04194367
2025-07-30 18:00:00,117802.9,118055.0,115716.3,116914.1,1673.80473627
2025-07-30 20:00:00,116914.1,117333.3,116872.1,117333.3,240.42825823
2025-07-30 22:00:00,117333.2,117920.9,117238.1,117836.4,403.40556782
2025-07-31 00:00:00,117836.4,118550.0,117779.1,118065.6,349.92420938
2025-07-31 02:00:00,118066.0,118615.9,117961.1,118475.3,344.69456036
2025-07-31 04:00:00,118475.3,118567.9,118327.8,118365.4,250.58252909
2025-07-31 06:00:00,118365.5,118936.8,118282.0,118679.9,362.13390078
2025-07-31 08:00:00,118679.9,118773.6,118470.0,118600.0,174.35758666
2025-07-31 10:00:00,118600.1,118727.8,118293.2,118374.0,196.96219907
2025-07-31 12:00:00,118374.1,118708.8,117826.0,118570.1,489.98803609
2025-07-31 14:00:00,118570.1,118659.2,117893.9,118314.0,391.30090988
2025-07-31 16:00:00,118313.9,118887.4,117709.4,117745.9,489.35930478
2025-07-31 18:00:00,117746.0,118006.3,116745.5,116781.1,563.78020612
2025-07-31 20:00:00,116781.0,116983.5,116235.8,116529.4,642.75042311
2025-07-31 22:00:00,116529.5,116535.2,115500.0,115754.8,941.16145999
2025-08-01 00:00:00,115754.8,115931.9,114300.1,115331.9,1883.01259271
2025-08-01 02:00:00,115329.7,116063.2,115222.2,115645.9,321.94992558
2025-08-01 04:00:00,115646.0,115924.9,115241.6,115568.5,262.2027423
2025-08-01 06:00:00,115568.5,115657.7,114628.9,115080.0,950.63729769
2025-08-01 08:00:00,115080.1,115344.0,114116.5,114951.8,716.10356809
2025-08-01 10:00:00,114951.9,115342.1,114600.0,115298.2,411.6711851
2025-08-01 12:00:00,115298.2,116018.4,114155.1,114340.0,1202.66929844
2025-08-01 14:00:00,114340.0,115823.9,113929.2,115352.6,1079.88952672
2025-08-01 16:00:00,115352.6,115700.0,114342.6,114428.1,462.45526767
2025-08-01 18:00:00,114428.0,114508.0,113218.0,113315.2,1145.59027629
2025-08-01 20:00:00,113308.2,114090.6,113158.0,113896.7,358.29046234
2025-08-01 22:00:00,113896.6,114011.9,112724.3,113294.3,850.95340725
2025-08-02 00:00:00,113294.4,113922.8,113188.3,113660.4,302.87012973
2025-08-02 02:00:00,113660.5,113908.0,113524.0,113907.9,144.78449577
2025-08-02 04:00:00,113907.9,114061.3,113816.0,113983.9,212.08194963
2025-08-02 06:00:00,113984.0,114031.0,113448.2,113986.2,338.61676034
2025-08-02 08:00:00,113986.2,114045.1,113572.0,113686.2,150.43145614
2025-08-02 10:00:00,113686.2,113918.9,113434.0,113782.4,234.45536615
2025-08-02 12:00:00,113782.4,113796.0,113220.0,113460.0,208.05274569
2025-08-02 14:00:00,113460.1,113542.0,112817.1,112843.9,471.43732384
2025-08-02 16:00:00,112839.5,113426.4,112582.0,112725.0,437.56387779
2025-08-02 18:00:00,112725.0,112950.0,112005.4,112230.1,556.14525581
2025-08-02 20:00:00,112230.1,113067.6,112076.3,112863.9,199.45572744
2025-08-02 22:00:00,112863.9,113025.9,112288.0,112559.9,170.9229856
2025-08-03 00:00:00,112560.0,113266.0,111903.1,113096.0,505.02977627
2025-08-03 02:00:00,113096.1,113736.5,113085.8,113600.1,340.70110515
2025-08-03 04:00:00,113600.1,113657.5,113333.3,113618.8,162.47753824
2025-08-03 06:00:00,113618.9,113718.2,113442.9,113700.1,138.0178064
2025-08-03 08:00:00,113700.0,113788.0,113532.5,113648.1,153.06410318
2025-08-03 10:00:00,113648.1,114250.0,113648.0,113851.3,236.92193646
2025-08-03 12:00:00,113851.4,114100.0,113638.6,113939.9,149.1893713
2025-08-03 14:00:00,113939.9,114062.0,113577.4,113943.4,194.69369723
2025-08-03 16:00:00,113943.3,114167.4,113749.1,114114.8,119.46233301
2025-08-03 18:00:00,114114.8,114780.4,114046.0,114306.0,315.58821952
2025-08-03 20:00:00,114306.0,114530.2,114159.0,114430.3,85.80992829
2025-08-03 22:00:00,114430.2,114624.0,114064.0,114202.0,151.46811733
2025-08-04 00:00:00,114202.1,115016.0,114109.1,114679.9,316.60442377
2025-08-04 02:00:00,114679.9,114886.0,114422.0,114577.6,176.36466835
2025-08-04 04:00:00,114577.5,114658.0,114188.0,114397.4,200.37274707
2025-08-04 06:00:00,114397.4,114785.5,114152.6,114660.9,213.41852724
2025-08-04 08:00:00,114660.0,114770.0,114295.7,114330.0,234.01507543
2025-08-04 10:00:00,114330.0,114529.9,114213.2,114503.9,169.18110314
2025-08-04 12:00:00,114504.0,114945.8,114132.0,114926.5,354.22685952
2025-08-04 14:00:00,114927.7,115486.1,114555.6,114823.7,630.68656978
2025-08-04 16:00:00,114823.8,115738.9,114823.8,115204.0,474.01065059
2025-08-04 18:00:00,115204.0,115322.1,114728.5,114778.0,207.21007314
2025-08-04 20:00:00,114778.1,115273.8,114632.1,115114.0,150.28820629
2025-08-04 22:00:00,115114.6,115350.6,115051.0,115053.6,188.94348493
2025-08-05 00:00:00,115053.7,115128.4,114700.0,114722.0,223.00294534
2025-08-05 02:00:00,114722.0,114831.0,114243.1,114243.1,627.61739638
2025-08-05 04:00:00,114243.2,114498.1,114169.3,114422.0,244.43936231
2025-08-05 06:00:00,114422.0,114517.0,113710.1,113983.9,407.90203961
2025-08-05 08:00:00,113983.9,114811.0,113932.8,114693.9,222.18941779
2025-08-05 10:00:00,114694.0,115100.0,114588.3,114828.1,179.71631752
2025-08-05 12:00:00,114828.1,114908.8,113488.0,114387.1,382.23091523
2025-08-05 14:00:00,114387.1,114394.0,112653.0,112931.8,943.08569834
2025-08-05 16:00:00,112930.1,113684.0,112812.7,113642.1,434.99520486
2025-08-05 18:00:00,113642.0,113776.6,113262.2,113628.0,188.29409229
2025-08-05 20:00:00,113630.1,113999.9,113496.0,113593.1,114.37381538
2025-08-05 22:00:00,113593.1,114234.9,113298.6,114126.8,133.80574375
2025-08-06 00:00:00,114126.8,114142.1,113582.5,113830.2,145.96198188
2025-08-06 02:00:00,113830.2,113840.0,113409.0,113514.1,113.51603411
2025-08-06 04:00:00,113514.1,114425.0,113357.6,114157.1,224.28499818
2025-08-06 06:00:00,114157.1,114302.0,113919.7,114233.2,162.04200018
2025-08-06 08:00:00,114233.2,114375.0,113731.3,114096.0,335.99086337
2025-08-06 10:00:00,114096.0,114424.0,113892.0,114241.6,169.30533276
2025-08-06 12:00:00,114241.5,114411.1,113580.9,114266.2,261.27457173
2025-08-06 14:00:00,114267.6,115546.1,113866.6,115416.2,651.92430984
2025-08-06 16:00:00,115416.1,115522.3,114950.0,115515.9,308.81949265
2025-08-06 18:00:00,115516.0,115711.0,115126.3,115266.0,208.06752103
2025-08-06 20:00:00,115266.0,115284.9,114782.2,115064.4,192.80746688
2025-08-06 22:00:00,115064.6,115218.0,114976.2,114999.8,200.30260778
2025-08-07 00:00:00,114999.6,115200.0,114587.8,114755.9,157.43591793
2025-08-07 02:00:00,114755.9,114867.1,114400.0,114549.6,161.59217063
2025-08-07 04:00:00,114549.6,114659.5,114260.7,114582.6,118.03133591
2025-08-07 06:00:00,114582.7,114885.1,114515.0,114796.2,208.02988094
2025-08-07 08:00:00,114796.2,115186.0,114791.8,115070.0,192.87134302
2025-08-07 10:00:00,115070.0,116822.0,115046.2,116524.0,1506.84281019
2025-08-07 12:00:00,116524.1,116758.0,116032.0,116654.0,572.02978103
2025-08-07 14:00:00,116654.8,116800.0,116200.0,116700.0,300.63325164
2025-08-07 16:00:00,116700.0,116756.0,115625.0,116515.3,370.2797408
2025-08-07 18:00:00,116514.4,117535.5,116147.5,117465.0,386.24409611
2025-08-07 20:00:00,117464.6,117508.9,117007.1,117095.2,211.4748259
2025-08-07 22:00:00,117095.2,117636.4,117077.6,117478.0,267.03763943
2025-08-08 00:00:00,117478.1,117663.8,116779.3,116887.9,1400.17022703
2025-08-08 02:00:00,116888.0,116994.4,116684.1,116746.1,311.23397473
2025-08-08 04:00:00,116746.0,116874.0,116508.0,116534.1,129.958771
2025-08-08 06:00:00,116534.2,116991.9,116392.0,116807.2,780.70751418
2025-08-08 08:00:00,116807.1,116934.9,116439.0,116686.1,141.04850504
2025-08-08 10:00:00,116685.9,116914.5,116321.7,116896.1,103.99992785
2025-08-08 12:00:00,116896.1,116958.0,116498.0,116926.1,179.09986219
2025-08-08 14:00:00,116926.0,117271.1,115888.0,116204.2,583.03313008
2025-08-08 16:00:00,116204.2,116713.2,116000.0,116710.1,202.31006042
2025-08-08 18:00:00,116710.1,116900.0,116318.0,116434.5,363.99070562
2025-08-08 20:00:00,116434.1,116977.9,116308.0,116929.9,175.84743306
2025-08-08 22:00:00,116929.9,116980.0,116640.6,116665.9,88.69855714
2025-08-09 00:00:00,116666.0,116760.8,116522.1,116562.0,132.56897951
2025-08-09 02:00:00,116562.1,116562.1,116348.8,116388.0,228.65277901
2025-08-09 04:00:00,116388.1,117016.9,116360.0,116744.0,731.27429927
2025-08-09 06:00:00,116744.1,116907.9,116549.1,116748.1,150.95298163
2025-08-09 08:00:00,116748.1,117500.0,116744.0,117499.9,395.50895627
2025-08-09 10:00:00,117500.0,117923.2,117083.4,117115.9,536.24698836
2025-08-09 12:00:00,117116.0,117240.8,116875.0,116970.0,209.17977624
2025-08-09 14:00:00,116970.1,117154.3,116700.1,116888.9,516.90868623
2025-08-09 16:00:00,116889.0,116947.9,116616.9,116674.2,205.49807288
2025-08-09 18:00:00,116674.3,116733.6,116501.0,116542.5,226.06341534
2025-08-09 20:00:00,116542.5,117022.3,116369.2,116513.8,210.62106333
2025-08-09 22:00:00,116513.8,116745.3,116439.8,116470.0,217.81520403
2025-08-10 00:00:00,116470.1,116789.0,116457.9,116577.3,141.2497972
2025-08-10 02:00:00,116577.3,118502.9,116572.4,118502.0,1125.34889553
2025-08-10 04:00:00,118502.1,118738.5,117887.3,118044.6,620.50376261
2025-08-10 06:00:00,118044.6,118240.0,117459.4,117815.9,535.47885673
2025-08-10 08:00:00,117816.0,118429.8,117616.0,118274.6,409.75467336
2025-08-10 10:00:00,118274.6,118500.0,117922.0,118321.9,213.76596302
2025-08-10 12:00:00,118322.0,118738.5,118210.3,118440.0,284.56527661
2025-08-10 14:00:00,118440.0,119100.0,118307.3,118787.0,840.893916
2025-08-10 16:00:00,118787.0,118931.5,118442.4,118513.8,191.59838699
2025-08-10 18:00:00,118513.9,118726.5,118400.9,118648.1,95.61536455
2025-08-10 20:00:00,118648.1,118760.0,118078.6,118706.8,255.46288636
2025-08-10 22:00:00,118706.9,119317.7,118609.6,119287.8,313.22354103
2025-08-11 00:00:00,119287.7,119999.0,118984.0,119998.6,562.61300775
2025-08-11 02:00:00,119998.5,122152.0,119933.5,121711.2,1847.62029101
2025-08-11 04:00:00,121711.2,122325.0,121600.0,122049.9,629.09896022
2025-08-11 06:00:00,122050.0,122335.8,121461.3,121530.7,754.9828865
2025-08-11 08:00:00,121530.8,121817.6,121126.6,121420.3,476.73000236
2025-08-11 10:00:00,121421.1,121453.8,120251.2,120554.0,614.63451871
2025-08-11 12:00:00,120554.0,120656.0,119364.6,120008.0,896.98053055
2025-08-11 14:00:00,120008.0,120584.3,119790.0,120302.0,386.01091256
2025-08-11 16:00:00,120302.1,120792.8,119467.2,119509.6,459.71521768
2025-08-11 18:00:00,119508.1,119887.7,118605.8,119085.9,389.49976077
2025-08-11 20:00:00,119085.9,119210.4,118036.2,118719.9,532.51197594
2025-08-11 22:00:00,118719.9,118927.8,118276.0,118686.1,225.55678448
2025-08-12 00:00:00,118686.1,119120.0,118600.0,118975.9,227.24268201
2025-08-12 02:00:00,118975.8,119304.4,118750.1,118865.0,247.92505644
2025-08-12 04:00:00,118865.1,119184.6,118430.6,118828.8,283.80535713
2025-08-12 06:00:00,118828.9,119166.6,118611.1,119000.5,613.38225891
2025-08-12 08:00:00,119000.6,119075.3,118400.1,118408.0,439.51469582
2025-08-12 10:00:00,118408.1,118675.5,118203.7,118504.9,491.38386217
2025-08-12 12:00:00,118504.8,119714.2,118268.8,118866.1,1047.676995
2025-08-12 14:00:00,118864.0,119961.9,118732.9,119934.7,596.21589057
2025-08-12 16:00:00,119934.7,120187.5,119153.6,119269.9,601.08473529
2025-08-12 18:00:00,119270.0,120087.0,119261.7,119649.9,287.45227958
2025-08-12 20:00:00,119649.9,120320.0,119485.7,119904.0,320.46021839
2025-08-12 22:00:00,119904.1,120306.7,119648.3,120132.0,249.70854041
2025-08-13 00:00:00,120132.1,120195.9,119338.9,119472.7,355.15157042
2025-08-13 02:00:00,119472.8,119744.3,119078.0,119486.1,392.41493909
2025-08-13 04:00:00,119486.1,119858.4,118929.1,119064.3,359.61490298
2025-08-13 06:00:00,119064.3,119653.5,118951.6,119582.3,387.88246986
2025-08-13 08:00:00,119582.4,120172.0,119448.0,120112.6,528.87798971
2025-08-13 10:00:00,120112.7,120735.7,120040.0,120566.1,486.37418187
2025-08-13 12:00:00,120566.1,122057.7,120102.0,121774.2,999.11549208
2025-08-13 14:00:00,121774.2,122210.5,120300.0,120914.0,1213.65515651
2025-08-13 16:00:00,120914.0,121861.9,120914.0,121808.1,432.71077623
2025-08-13 18:00:00,121808.0,122842.2,121418.5,122753.0,644.59639767
2025-08-13 20:00:00,122748.0,123046.4,122296.8,122575.9,458.96647205
2025-08-13 22:00:00,122576.0,123700.0,122566.5,123308.0,855.38580742
2025-08-14 00:00:00,123308.1,124500.0,123258.4,123338.2,1067.05875704
2025-08-14 02:00:00,123338.3,123880.0,123282.7,123344.0,752.86778457
2025-08-14 04:00:00,123344.1,123428.0,122075.5,122132.1,757.02386444
2025-08-14 06:00:00,122132.1,122141.4,121308.1,121717.2,776.1487709
2025-08-14 08:00:00,121717.3,122037.8,121511.0,121647.4,315.91455338
2025-08-14 10:00:00,121646.0,121792.4,120700.0,120959.2,468.59308592
2025-08-14 12:00:00,120959.1,121173.9,117475.2,118424.1,3136.41825145
2025-08-14 14:00:00,118424.1,119364.7,117866.0,118237.9,1032.9584541
2025-08-14 16:00:00,118237.9,118243.0,117400.0,117918.0,614.96699096
2025-08-14 18:00:00,117917.9,118529.5,117156.1,117933.0,591.91728909
2025-08-14 20:00:00,117932.9,118193.9,117305.9,117896.0,326.66184028
2025-08-14 22:00:00,117896.0,118528.8,117630.8,118298.5,256.58728459
2025-08-15 00:00:00,118298.5,118750.0,118026.1,118684.0,266.80227052
2025-08-15 02:00:00,118684.1,119090.3,118586.1,118970.1,230.30097749
2025-08-15 04:00:00,118970.1,119200.0,118629.4,118984.4,268.26063143
2025-08-15 06:00:00,118984.4,119229.5,118772.1,118973.5,635.5861039
2025-08-15 08:00:00,118973.6,119161.0,118607.2,118711.8,247.97742325
2025-08-15 10:00:00,118711.8,119101.9,118711.8,119002.7,111.89371617
2025-08-15 12:00:00,119002.1,119135.9,117729.9,117768.5,546.5746653
2025-08-15 14:00:00,117763.8,118278.1,116819.0,117278.5,874.86793598
2025-08-15 16:00:00,117278.6,117885.3,116800.0,117582.8,846.90418578
2025-08-15 18:00:00,117582.8,117658.6,116850.0,116929.8,235.12322274
2025-08-15 20:00:00,116929.7,117366.3,116850.0,117323.7,140.38707719
2025-08-15 22:00:00,117323.7,117770.0,117040.7,117338.1,179.44577404
2025-08-16 00:00:00,117338.0,117899.1,117226.0,117820.5,387.6749099
2025-08-16 02:00:00,117820.6,117821.4,117382.1,117431.9,212.33016286
2025-08-16 04:00:00,117432.0,117890.7,117412.7,117606.8,153.30110922
2025-08-16 06:00:00,117607.9,117697.2,117295.4,117611.8,959.74293507
2025-08-16 08:00:00,117611.8,117700.1,117286.2,117294.1,617.85392306
2025-08-16 10:00:00,117294.0,117540.0,117136.3,117385.1,233.0919252
2025-08-16 12:00:00,117385.9,117788.0,117326.0,117636.7,284.19907366
2025-08-16 14:00:00,117636.7,117835.6,117552.0,117687.7,257.18744821
2025-08-16 16:00:00,117687.8,117832.0,117652.1,117700.2,95.31664052
2025-08-16 18:00:00,117700.2,117783.9,117626.0,117680.3,77.20197717
2025-08-16 20:00:00,117680.3,117718.2,117420.0,117448.3,78.72052824
2025-08-16 22:00:00,117448.3,117569.3,117215.9,117386.1,85.52412328
2025-08-17 00:00:00,117386.1,117499.9,117180.0,117440.0,88.91288664
2025-08-17 02:00:00,117440.0,117765.9,117384.0,117681.7,136.17345028
2025-08-17 04:00:00,117681.7,118237.0,117681.7,118001.9,279.09910279
2025-08-17 06:00:00,118002.0,118114.8,117839.2,118014.7,137.31430617
2025-08-17 08:00:00,118014.7,118489.7,117921.0,118338.0,253.42709603
2025-08-17 10:00:00,118336.5,118398.0,118183.9,118307.1,86.23930727
2025-08-17 12:00:00,118307.2,118585.5,118062.0,118439.9,163.15398002
2025-08-17 14:00:00,118440.0,118485.9,118133.3,118243.5,111.96501348
2025-08-17 16:00:00,118243.6,118326.6,117644.7,117903.6,209.22511499
2025-08-17 18:00:00,117903.5,117958.8,117311.3,117589.9,130.07660813
2025-08-17 20:00:00,117590.0,117785.0,117512.0,117713.5,54.19740092
2025-08-17 22:00:00,117713.5,118000.0,117377.5,117409.6,119.21226584
2025-08-18 00:00:00,117409.6,117555.6,116183.2,116285.8,1044.7394748
2025-08-18 02:00:00,116285.8,116351.9,115000.1,115322.3,1010.63706033
2025-08-18 04:00:00,115320.0,115699.9,115000.0,115699.9,350.99853222
2025-08-18 06:00:00,115700.0,115728.5,114890.1,115224.0,649.53694854
2025-08-18 08:00:00,115223.9,115410.5,114652.5,115052.0,509.15418735
2025-08-18 10:00:00,115052.0,115286.5,114842.8,114957.3,255.31955646
2025-08-18 12:00:00,114957.3,115752.4,114828.0,114855.6,577.19545773
2025-08-18 14:00:00,114856.0,116182.3,114849.8,116152.0,355.50497125
2025-08-18 16:00:00,116151.9,116811.4,115826.9,116422.1,287.50818557
2025-08-18 18:00:00,116422.1,116652.7,116195.1,116312.0,137.55916558
2025-08-18 20:00:00,116312.0,116696.8,115980.1,116662.8,139.3148213
2025-08-18 22:00:00,116662.9,117004.0,116094.1,116234.4,327.09081064
2025-08-19 00:00:00,116234.4,116732.0,115521.4,115817.7,403.41234268
2025-08-19 02:00:00,115817.7,116057.0,114800.0,114818.0,538.96774584
2025-08-19 04:00:00,114816.3,115489.1,114375.9,114971.0,579.59830974
2025-08-19 06:00:00,114971.1,115230.0,114616.6,114998.7,358.19155498
2025-08-19 08:00:00,114998.9,115495.0,114800.1,115321.9,295.97799613
2025-08-19 10:00:00,115324.0,115653.2,115311.7,115503.3,163.27157507
2025-08-19 12:00:00,115503.3,115876.8,114882.8,115190.8,344.3927541
2025-08-19 14:00:00,115192.0,115379.9,113577.3,113789.2,1234.65080667
2025-08-19 16:00:00,113789.2,113899.8,113113.0,113512.0,695.62207255
2025-08-19 18:00:00,113512.1,113546.4,112757.5,113123.3,428.42468476
2025-08-19 20:00:00,113123.2,113569.0,112920.1,113412.0,195.22398101
2025-08-19 22:00:00,113412.0,113433.4,112710.9,112865.6,333.89473687
2025-08-20 00:00:00,112864.1,113408.9,112568.0,113010.5,396.37284496
2025-08-20 02:00:00,113010.5,113648.0,112953.2,113526.4,339.31797907
2025-08-20 04:00:00,113526.5,113781.0,113474.0,113711.9,323.7477171
2025-08-20 06:00:00,113712.0,113848.4,113430.6,113487.8,447.32139125
2025-08-20 08:00:00,113487.9,114069.6,113400.0,113701.2,440.301953
2025-08-20 10:00:00,113701.3,113868.0,113058.1,113666.5,289.19979802
2025-08-20 12:00:00,113666.6,113948.9,112591.6,112680.1,504.01968228
2025-08-20 14:00:00,112680.0,114324.0,112371.6,113362.1,974.82268066
2025-08-20 16:00:00,113362.1,114465.0,113280.1,114208.1,544.51838832
2025-08-20 18:00:00,114208.1,114346.4,113264.0,114283.9,387.75510265
2025-08-20 20:00:00,114281.6,114482.0,114000.0,114360.1,440.75513304
2025-08-20 22:00:00,114360.1,114625.0,114215.5,114279.6,263.24475709
2025-08-21 00:00:00,114279.7,114740.0,113960.0,114729.8,334.68659142
2025-08-21 02:00:00,114729.8,114824.5,113908.3,113964.9,348.71891501
2025-08-21 04:00:00,113965.0,114051.4,113622.9,113986.0,333.82167856
2025-08-21 06:00:00,113986.1,113986.1,113574.0,113892.4,370.60265092
2025-08-21 08:00:00,113894.0,113993.2,113300.0,113379.2,609.27215606
2025-08-21 10:00:00,113379.3,113540.3,112986.6,113138.3,451.81675468
2025-08-21 12:00:00,113137.5,113730.3,112944.5,113492.9,799.13007585
2025-08-21 14:00:00,113492.9,113988.0,112608.0,112792.0,734.56415526
2025-08-21 16:00:00,112792.1,112975.0,112184.0,112417.7,406.27689819
2025-08-21 18:00:00,112417.7,112721.7,112006.0,112197.9,298.133288
2025-08-21 20:00:00,112194.0,112874.7,112058.1,112626.0,223.98575292
2025-08-21 22:00:00,112626.0,112713.0,112264.0,112511.4,160.83535065
2025-08-22 00:00:00,112511.5,112945.0,112329.8,112839.9,307.09537466
2025-08-22 02:00:00,112839.9,113533.3,112785.2,112938.7,562.72029497
2025-08-22 04:00:00,112938.7,113291.9,112714.5,113247.4,321.43593946
2025-08-22 06:00:00,113247.4,113400.0,112843.4,113097.3,543.42025515
2025-08-22 08:00:00,113097.2,113316.3,112807.8,113044.4,263.63944279
2025-08-22 10:00:00,113044.4,113054.8,112162.2,112312.0,275.07844135
2025-08-22 12:00:00,112312.1,112735.4,111684.0,112486.0,786.05356666
2025-08-22 14:00:00,112485.9,117302.3,112471.1,116374.4,2369.09031386
2025-08-22 16:00:00,116374.4,117011.0,116109.3,117009.2,1042.29942466
2025-08-22 18:00:00,117009.2,117420.0,116506.0,116646.0,508.06164595
2025-08-22 20:00:00,116648.0,117181.0,116568.0,117027.9,307.19229845
2025-08-22 22:00:00,117028.0,117050.0,116561.6,116943.7,226.60314444
2025-08-23 00:00:00,116943.8,117031.5,116285.5,116447.3,316.58199153
2025-08-23 02:00:00,116447.3,116545.2,115456.5,115568.1,640.66943467
2025-08-23 04:00:00,115568.2,116047.8,115545.6,115952.1,239.37870909
2025-08-23 06:00:00,115952.1,116044.3,115656.1,115804.0,638.54894202
2025-08-23 08:00:00,115803.9,115868.5,115606.7,115759.9,163.51073872
2025-08-23 10:00:00,115760.0,115775.4,115213.4,115307.2,282.95591675
2025-08-23 12:00:00,115308.8,115490.9,114748.0,114865.8,310.49346264
2025-08-23 14:00:00,114865.8,115097.4,114540.4,114819.3,320.25818587
2025-08-23 16:00:00,114819.4,115170.0,114679.0,115093.1,214.21308506
2025-08-23 18:00:00,115093.1,115200.0,115038.0,115138.5,73.97162793
2025-08-23 20:00:00,115138.6,115333.0,115000.0,115019.5,125.86862775
2025-08-23 22:00:00,115019.4,115429.7,115019.4,115424.1,73.8721989
2025-08-24 00:00:00,115424.1,115579.2,115178.8,115473.0,183.66101053
2025-08-24 02:00:00,115473.0,115666.6,114944.1,115035.5,202.48782293
2025-08-24 04:00:00,115035.6,115290.0,114930.2,115010.0,256.8320224
2025-08-24 06:00:00,115009.9,115130.8,114841.9,114890.0,316.36145442
2025-08-24 08:00:00,114890.1,115059.8,114674.7,114848.0,198.57743628
2025-08-24 10:00:00,114848.1,114961.9,114600.1,114735.9,167.01305548
2025-08-24 12:00:00,114735.9,114893.7,114559.8,114560.0,535.27889744
2025-08-24 14:00:00,114560.0,114860.0,114350.7,114406.6,526.65595191
2025-08-24 16:00:00,114406.7,114603.0,114233.9,114426.3,365.18634143
2025-08-24 18:00:00,114426.3,114916.0,110481.8,112608.0,2750.36104936
2025-08-24 20:00:00,112607.9,113410.0,111657.0,112991.9,749.24600321
2025-08-24 22:00:00,112992.0,113701.2,112614.1,113490.0,335.90469098
2025-08-25 00:00:00,113491.9,113527.4,112150.0,113073.3,762.08969468
2025-08-25 02:00:00,113073.3,113662.8,112880.8,112901.7,440.72610744
2025-08-25 04:00:00,112901.7,113055.3,112320.7,112326.1,327.2875607
2025-08-25 06:00:00,112326.0,112460.6,111284.5,111510.3,687.84452772
2025-08-25 08:00:00,111510.3,111857.3,110974.8,111804.1,630.93213254
2025-08-25 10:00:00,111804.0,111816.0,110912.9,111216.0,1122.00395309
2025-08-25 12:00:00,111216.0,111771.8,110589.0,111498.7,701.82063364
2025-08-25 14:00:00,111499.6,112580.1,111324.1,112204.0,781.51794499
2025-08-25 16:00:00,112204.0,112943.9,112030.4,112431.9,314.15637846
2025-08-25 18:00:00,112432.0,112626.4,110658.0,110704.0,564.2465771
2025-08-25 20:00:00,110704.3,111094.0,109284.7,109896.0,1545.76132707
2025-08-25 22:00:00,109896.0,110600.0,109788.0,110119.0,361.38341745
2025-08-26 00:00:00,110119.0,110122.0,108680.6,109906.1,1159.45296419
2025-08-26 02:00:00,109906.1,110027.0,109436.9,109884.0,1070.09821908
2025-08-26 04:00:00,109884.0,110376.0,109884.0,110200.0,911.78030981
2025-08-26 06:00:00,110200.1,110554.9,109770.0,110300.1,406.94980605
2025-08-26 08:00:00,110300.0,110459.4,110000.0,110152.0,430.33108691
2025-08-26 10:00:00,110152.0,110413.0,109563.0,109880.0,331.92520105
2025-08-26 12:00:00,109880.0,110824.8,109390.3,110082.4,617.53022098
2025-08-26 14:00:00,110083.9,110564.0,109550.0,109672.0,501.77785877
2025-08-26 16:00:00,109672.1,110212.0,109446.0,109994.9,332.82858281
2025-08-26 18:00:00,109995.0,111159.4,109974.0,111112.0,331.31695216
2025-08-26 20:00:00,111112.0,111588.0,110908.8,111587.9,210.28562952
2025-08-26 22:00:00,111587.9,112373.0,111552.1,111771.8,302.52716767
2025-08-27 00:00:00,111771.9,111833.6,111088.2,111303.9,261.72993865
2025-08-27 02:00:00,111304.0,111731.9,110920.0,111428.1,211.29619364
2025-08-27 04:00:00,111428.1,111752.9,111333.3,111361.2,308.76987351
2025-08-27 06:00:00,111360.1,111369.6,110638.7,110736.0,317.46057248
2025-08-27 08:00:00,110736.0,111131.2,110355.8,110810.0,232.44107367
2025-08-27 10:00:00,110810.1,111374.4,110810.1,111316.9,240.66338225
2025-08-27 12:00:00,111316.9,111911.2,111012.2,111488.0,360.64623296
2025-08-27 14:00:00,111489.6,112625.3,111283.2,112008.2,674.23202751
2025-08-27 16:00:00,112008.3,112450.0,111548.0,112348.1,246.26125244
2025-08-27 18:00:00,112348.0,112600.0,111566.7,112088.0,296.17803121
2025-08-27 20:00:00,112086.1,112455.0,110920.0,111527.5,703.84242832
2025-08-27 22:00:00,111528.0,111599.5,111045.0,111254.1,160.56669481
2025-08-28 00:00:00,111254.1,111717.0,110869.6,111650.1,202.12920142
2025-08-28 02:00:00,111650.1,112059.9,111408.0,112007.9,213.40315271
2025-08-28 04:00:00,112007.9,113190.1,111951.0,112860.1,577.05739978
2025-08-28 06:00:00,112860.1,113368.8,112725.0,113126.5,564.30942651
2025-08-28 08:00:00,113126.4,113358.9,112849.9,112867.9,605.02594682
2025-08-28 10:00:00,112868.0,113163.4,112826.4,112924.8,502.87825521
2025-08-28 12:00:00,112924.7,113484.9,112586.5,112833.5,610.94412071
2025-08-28 14:00:00,112833.5,113301.6,112374.1,112675.1,521.66627893
2025-08-28 16:00:00,112675.2,113182.7,112219.2,112392.0,389.27363002
2025-08-28 18:00:00,112392.0,112711.2,111890.7,111896.3,658.90143403
2025-08-28 20:00:00,111896.4,112135.9,111858.2,112022.1,149.1234747
2025-08-28 22:00:00,112022.1,112578.0,112020.4,112564.0,124.28456111
2025-08-29 00:00:00,112564.1,112642.0,111423.9,111480.1,257.22403963
2025-08-29 02:00:00,111480.1,111824.0,111303.4,111714.0,190.78920672
2025-08-29 04:00:00,111714.1,111883.1,111134.5,111312.1,880.13836983
2025-08-29 06:00:00,111312.1,111404.0,109900.8,110016.1,1156.58518163
2025-08-29 08:00:00,110016.1,110273.5,109400.0,109764.7,870.4520247
2025-08-29 10:00:00,109764.8,110159.9,109742.8,110093.2,227.48675293
2025-08-29 12:00:00,110093.2,111510.5,108904.0,109104.4,1293.50657707
2025-08-29 14:00:00,109104.4,109529.3,108092.1,108390.1,1081.81075275
2025-08-29 16:00:00,108390.0,108843.0,108136.3,108468.4,468.77792301
2025-08-29 18:00:00,108468.1,108741.4,107929.9,108215.9,370.17123774
2025-08-29 20:00:00,108212.9,108477.3,107474.9,108440.1,422.700859
2025-08-29 22:00:00,108440.1,108556.3,108206.0,108385.7,104.19403076
2025-08-30 00:00:00,108385.8,108426.5,107343.7,107449.2,314.43343845
2025-08-30 02:00:00,107449.3,108448.1,107372.1,108438.0,958.28940133
2025-08-30 04:00:00,108438.0,108691.2,108131.9,108348.0,881.5337251
2025-08-30 06:00:00,108348.1,108564.4,108114.2,108539.6,971.61661461
2025-08-30 08:00:00,108539.9,108783.9,108467.1,108525.6,270.92073988
2025-08-30 10:00:00,108525.6,108747.1,108408.2,108714.0,390.84126176
2025-08-30 12:00:00,108714.1,108714.1,108200.0,108537.5,626.77088879
2025-08-30 14:00:00,108537.6,108922.9,108407.3,108871.7,182.89569747
2025-08-30 16:00:00,108868.9,108906.5,108618.7,108784.0,153.54855223
2025-08-30 18:00:00,108783.9,108899.0,108604.9,108835.9,66.54146832
2025-08-30 20:00:00,108836.0,108841.4,108504.2,108588.0,101.37777013
2025-08-30 22:00:00,108588.1,108815.1,108474.1,108815.0,68.89465164
2025-08-31 00:00:00,108815.1,109486.0,108798.0,109431.3,249.86726121
2025-08-31 02:00:00,109431.3,109448.6,109151.2,109226.0,155.73453581
2025-08-31 04:00:00,109226.0,109240.0,108567.0,108760.2,169.60138068
2025-08-31 06:00:00,108760.2,108830.0,108520.0,108709.8,130.29803158
2025-08-31 08:00:00,108709.7,109100.3,108450.0,108516.0,163.0669384
2025-08-31 10:00:00,108516.0,108627.6,108308.2,108384.6,179.49435554
2025-08-31 12:00:00,108384.6,108485.8,108193.5,108417.6,188.99555141
2025-08-31 14:00:00,108417.6,108844.6,108253.2,108801.7,260.18917552
2025-08-31 16:00:00,108801.7,108998.3,108549.7,108993.6,204.66024851
2025-08-31 18:00:00,108993.7,109235.9,108909.6,108931.1,126.59447804
2025-08-31 20:00:00,108931.0,109120.8,108871.2,109037.1,133.98872754
2025-08-31 22:00:00,109039.2,109231.2,108064.9,108248.3,342.74159777
2025-09-01 00:00:00,108248.0,108480.0,107630.5,108150.1,359.8922832
2025-09-01 02:00:00,108150.1,108200.0,107400.0,107652.6,344.71710851
2025-09-01 04:00:00,107652.0,107990.4,107250.0,107858.4,233.68397978
2025-09-01 06:00:00,107858.6,109435.2,107600.0,109435.1,610.09867952
2025-09-01 08:00:00,109435.1,109911.0,109420.9,109523.1,469.88217242
2025-09-01 10:00:00,109523.2,109545.2,108187.4,108779.6,442.02162696
2025-09-01 12:00:00,108777.5,109522.0,108643.2,109024.0,415.45429373
2025-09-01 14:00:00,109022.6,109371.1,108567.0,108787.1,327.8091841
2025-09-01 16:00:00,108787.1,109099.2,108386.4,108928.8,300.18689206
2025-09-01 18:00:00,108928.8,109326.9,108921.7,109220.0,142.85087674
2025-09-01 20:00:00,109220.0,109220.0,107458.0,107790.5,426.31119478
2025-09-01 22:00:00,107790.4,109454.0,107589.4,109235.9,268.80418467
2025-09-02 00:00:00,109236.0,109617.5,108888.9,109305.5,295.611574
2025-09-02 02:00:00,109305.6,110622.6,109173.4,110331.4,490.00141919
2025-09-02 04:00:00,110331.4,110426.7,110042.2,110208.0,220.74876843
2025-09-02 06:00:00,110208.1,110618.7,110000.0,110235.9,657.31691321
2025-09-02 08:00:00,110236.0,110699.9,110052.0,110447.8,731.71870629
2025-09-02 10:00:00,110447.9,110482.0,109569.8,109748.0,280.08575634
2025-09-02 12:00:00,109748.0,111290.3,108386.5,111156.1,1909.34402882
2025-09-02 14:00:00,111156.0,111773.1,110632.6,110837.9,839.72340774
2025-09-02 16:00:00,110837.9,111124.0,110460.0,110911.8,594.07725297
2025-09-02 18:00:00,110911.6,110940.0,110178.0,110808.1,425.27685542
2025-09-02 20:00:00,110808.1,111537.8,110720.1,111131.1,172.70560285
2025-09-02 22:00:00,111131.1,111272.0,110874.1,111233.7,133.91091992
2025-09-03 00:00:00,111234.0,111780.0,110900.0,111180.1,307.57742043
2025-09-03 02:00:00,111180.0,111480.0,110886.0,111042.2,354.47896552
2025-09-03 04:00:00,111042.2,111149.9,110669.0,110694.0,263.07703136
2025-09-03 06:00:00,110694.0,111122.0,110530.0,111094.8,778.99415334
2025-09-03 08:00:00,111094.8,111323.6,110882.0,111310.1,312.3190679
2025-09-03 10:00:00,111310.1,111710.9,111160.0,111440.0,193.77652791
2025-09-03 12:00:00,111440.1,111912.1,111032.0,111472.1,346.62393239
2025-09-03 14:00:00,111472.1,112519.2,111122.2,112215.5,605.00148325
2025-09-03 16:00:00,112215.5,112571.3,111681.7,112308.1,261.77968688
2025-09-03 18:00:00,112310.0,112527.7,111777.3,112196.0,185.92164046
2025-09-03 20:00:00,112197.0,112257.0,111756.0,111980.1,125.74478258
2025-09-03 22:00:00,111980.0,112162.3,111620.3,111700.0,101.38573916
2025-09-04 00:00:00,111700.0,112180.0,111615.6,111955.5,154.24174164
2025-09-04 02:00:00,111955.6,111984.0,111130.4,111156.0,235.16078705
2025-09-04 04:00:00,111157.7,111323.1,110590.0,110658.9,267.76418756
2025-09-04 06:00:00,110659.0,110737.2,110292.1,110468.1,217.81873505
2025-09-04 08:00:00,110468.0,110859.3,110428.0,110813.9,256.52117872
2025-09-04 10:00:00,110814.0,111142.8,110546.0,110809.9,206.10331999
2025-09-04 12:00:00,110810.0,111124.9,110214.1,110457.4,331.77854598
2025-09-04 14:00:00,110456.0,110517.9,109312.3,109496.1,909.2394763
2025-09-04 16:00:00,109495.8,109906.8,109344.5,109775.9,351.66439652
2025-09-04 18:00:00,109775.9,110194.0,109687.8,109794.6,183.19710972
2025-09-04 20:00:00,109794.6,110547.8,109741.6,110486.0,152.82947795
2025-09-04 22:00:00,110486.1,111763.5,110470.0,110721.1,396.0163899
2025-09-05 00:00:00,110720.1,111142.7,110435.6,111127.9,183.04153077
2025-09-05 02:00:00,111128.0,111490.7,111040.5,111315.9,214.19396538
2025-09-05 04:00:00,111316.0,111737.0,111144.4,111596.1,370.77382661
2025-09-05 06:00:00,111596.1,113015.6,111508.3,112956.0,863.07076158
2025-09-05 08:00:00,112956.0,112995.9,112132.0,112302.0,424.58921008
2025-09-05 10:00:00,112302.0,112588.2,112134.0,112364.1,442.6222688
2025-09-05 12:00:00,112364.1,113400.0,112040.1,113069.6,1508.28657785
2025-09-05 14:00:00,113069.5,113069.5,110280.9,110712.3,1205.47400365
2025-09-05 16:00:00,110712.4,110927.7,110215.8,110606.4,148.97429705
2025-09-05 18:00:00,110606.5,111615.4,110570.8,111609.5,281.34099106
2025-09-05 20:00:00,111609.5,111700.0,110362.0,110602.1,454.78046724
2025-09-05 22:00:00,110602.1,110928.4,110510.2,110673.3,121.12650142
2025-09-06 00:00:00,110673.4,110936.0,110561.2,110879.7,142.95949253
2025-09-06 02:00:00,110879.8,111356.1,110728.6,111085.9,908.94332322
2025-09-06 04:00:00,111086.0,111086.0,110700.0,110722.0,148.82126967
2025-09-06 06:00:00,110721.9,110849.4,110710.1,110841.1,115.93117867
2025-09-06 08:00:00,110841.0,110974.3,110693.4,110704.1,69.72651097
2025-09-06 10:00:00,110704.1,110891.0,110675.5,110790.7,105.1459696
2025-09-06 12:00:00,110790.8,110950.0,110756.0,110934.3,83.60868324
2025-09-06 14:00:00,110934.3,111004.4,110345.8,110384.1,223.70398701
2025-09-06 16:00:00,110384.1,110412.4,109967.1,110154.2,1175.17368204
2025-09-06 18:00:00,110154.2,110295.0,110002.4,110049.9,116.14488116
2025-09-06 20:00:00,110049.9,110231.4,110038.1,110214.0,49.64640632
2025-09-06 22:00:00,110214.1,110293.3,110080.8,110192.1,65.92325306
2025-09-07 00:00:00,110192.1,110599.3,110181.0,110561.2,87.38640818
2025-09-07 02:00:00,110561.3,110741.1,110440.7,110637.8,87.80335463
2025-09-07 04:00:00,110637.8,110729.1,110492.0,110651.9,582.47448545
2025-09-07 06:00:00,110652.0,110956.3,110473.5,110770.3,758.44263205
2025-09-07 08:00:00,110770.2,111379.9,110722.0,111125.8,1290.100203
2025-09-07 10:00:00,111125.8,111300.0,111038.0,111299.9,129.54614795
2025-09-07 12:00:00,111300.0,111300.0,111045.8,111218.0,100.88513063
2025-09-07 14:00:00,111219.1,111415.1,111058.2,111336.4,157.68554658
2025-09-07 16:00:00,111336.4,111372.9,110884.7,110968.0,91.07239427
2025-09-07 18:00:00,110968.0,111305.5,110866.9,111257.9,56.20895769
2025-09-07 20:00:00,111257.9,111368.0,111044.4,111044.4,68.17811576
2025-09-07 22:00:00,111044.4,111610.2,111002.0,111137.6,134.35026004
2025-09-08 00:00:00,111137.6,111290.4,110723.7,110898.3,212.76502859
2025-09-08 02:00:00,110898.3,111370.0,110608.8,111048.0,777.87716162
2025-09-08 04:00:00,111048.0,111222.0,110904.7,111032.0,209.18129826
2025-09-08 06:00:00,111032.0,111602.0,110909.4,111267.9,283.57711198
2025-09-08 08:00:00,111268.0,112090.0,111241.8,112088.0,465.15516424
2025-09-08 10:00:00,112090.0,112231.8,111762.0,112056.0,289.64293898
2025-09-08 12:00:00,112056.1,112368.4,111869.2,111910.3,365.68559858
2025-09-08 14:00:00,111910.3,112920.4,111880.1,112638.2,463.94827823
2025-09-08 16:00:00,112638.5,112678.0,112080.9,112216.4,308.70388632
2025-09-08 18:00:00,112216.4,112523.0,111981.7,112110.7,168.64395347
2025-09-08 20:00:00,112110.7,112340.0,111900.0,112333.6,123.93978167
2025-09-08 22:00:00,112333.9,112510.0,111983.6,112063.4,119.28737027
2025-09-09 00:00:00,112063.5,112106.0,111270.1,111370.1,272.9805772
2025-09-09 02:00:00,111370.2,111742.0,111117.9,111702.7,303.39732482
2025-09-09 04:00:00,111702.8,112239.6,111622.9,112191.2,364.2342186
2025-09-09 06:00:00,112191.2,113277.5,112148.6,112981.7,1563.64264627
2025-09-09 08:00:00,112981.7,113170.0,112885.7,112961.4,212.68536388
2025-09-09 10:00:00,112961.5,113034.5,112411.4,112433.0,255.38260476
2025-09-09 12:00:00,112433.1,112961.3,112399.8,112758.5,446.33767296
2025-09-09 14:00:00,112758.6,112960.0,110762.0,110869.9,1724.70800078
2025-09-09 16:00:00,110869.9,111187.4,110772.1,111027.9,381.83952473
2025-09-09 18:00:00,111028.0,111396.2,110923.8,111302.3,148.97881987
2025-09-09 20:00:00,111302.4,111730.0,111092.4,111301.2,188.8271571
2025-09-09 22:00:00,111301.2,111634.0,111256.8,111541.9,107.01031387
2025-09-10 00:00:00,111542.0,111563.5,110923.1,111016.3,229.40283884
2025-09-10 02:00:00,111016.3,111579.3,111016.3,111549.9,199.72719292
2025-09-10 04:00:00,111550.0,111729.6,111370.3,111582.0,881.54454812
2025-09-10 06:00:00,111582.0,112590.1,111398.1,112549.9,957.30266209
2025-09-10 08:00:00,112549.9,112852.6,112102.1,112274.0,468.23084591
2025-09-10 10:00:00,112274.1,112426.0,112166.0,112308.0,171.02170774
2025-09-10 12:00:00,112308.4,114318.0,112308.4,113954.5,1612.52644387
2025-09-10 14:00:00,113954.5,114285.7,113676.0,113850.1,667.47575871
2025-09-10 16:00:00,113852.1,114088.0,113409.0,113740.8,317.85595088
2025-09-10 18:00:00,113740.7,113893.3,113154.1,113568.0,470.41878584
2025-09-10 20:00:00,113569.0,113932.9,113516.8,113831.8,252.86170637
2025-09-10 22:00:00,113831.9,114028.0,113711.2,113957.7,310.52348322
2025-09-11 00:00:00,113957.7,114182.1,113657.9,113903.9,599.29711614
2025-09-11 02:00:00,113904.0,114450.1,113726.7,114417.0,657.78737901
2025-09-11 04:00:00,114417.1,114417.1,113948.8,114264.6,228.41255692
2025-09-11 06:00:00,114264.5,114462.0,113935.3,114082.4,340.80187226
2025-09-11 08:00:00,114082.5,114200.0,113775.0,113900.0,333.22613581
2025-09-11 10:00:00,113899.9,114131.7,113888.0,114015.9,300.76609016
2025-09-11 12:00:00,114016.0,114731.4,113417.5,114635.6,1372.96358173
2025-09-11 14:00:00,114635.8,114698.6,113936.0,114186.0,422.03256271
2025-09-11 16:00:00,114186.1,114603.0,114186.1,114602.5,189.99346794
2025-09-11 18:00:00,114602.5,114629.9,114092.0,114425.9,175.98158903
2025-09-11 20:00:00,114425.9,114520.0,114264.0,114488.4,66.41510914
2025-09-11 22:00:00,114488.5,115480.0,114442.6,115477.9,431.99224135
2025-09-12 00:00:00,115477.9,116325.2,115376.0,115386.6,731.39233873
2025-09-12 02:00:00,115386.6,115671.8,115050.2,115200.1,319.84268083
2025-09-12 04:00:00,115200.0,115666.6,115087.3,115615.1,710.56079912
2025-09-12 06:00:00,115615.2,115615.2,115082.0,115089.5,291.97771874
2025-09-12 08:00:00,115089.5,115276.8,114880.1,115056.1,364.08292718
2025-09-12 10:00:00,115056.1,115157.8,114904.8,114933.5,173.95456106
2025-09-12 12:00:00,114933.6,115216.8,114750.1,115161.6,304.06343764
2025-09-12 14:00:00,115161.6,115476.0,114860.6,115120.8,328.17705732
2025-09-12 16:00:00,115120.8,115957.9,115038.5,115816.9,470.13746417
2025-09-12 18:00:00,115817.0,116666.0,115772.0,116643.6,655.92439629
2025-09-12 20:00:00,116643.6,116643.6,115753.6,115860.1,250.37567224
2025-09-12 22:00:00,115860.1,116366.8,115860.0,116030.1,303.04616438
2025-09-13 00:00:00,116030.1,116285.3,115588.0,115759.8,467.5915554
2025-09-13 02:00:00,115759.9,116026.0,115689.3,115977.8,192.83446679
2025-09-13 04:00:00,115977.8,115977.9,115657.8,115718.8,504.82202248
2025-09-13 06:00:00,115718.8,115871.5,115660.6,115780.5,216.83474306
2025-09-13 08:00:00,115780.5,116067.3,115780.5,116037.0,193.58428745
2025-09-13 10:00:00,116036.9,116194.0,115880.6,115976.7,141.04532954
2025-09-13 12:00:00,115976.7,116065.4,115629.8,115765.0,156.19134535
2025-09-13 14:00:00,115765.0,115957.0,115600.1,115782.5,202.91083285
2025-09-13 16:00:00,115782.5,115823.1,115116.5,115566.1,370.19110257
2025-09-13 18:00:00,115566.0,115800.0,115429.4,115792.6,108.34623003
2025-09-13 20:00:00,115793.2,115995.0,115793.2,115902.6,71.08096933
2025-09-13 22:00:00,115904.0,115995.0,115811.6,115924.4,44.27683469
2025-09-14 00:00:00,115924.5,116011.6,115744.9,115959.3,122.90142987
2025-09-14 02:00:00,115959.4,116122.0,115648.5,115676.0,202.59906633
2025-09-14 04:00:00,115676.0,115920.8,115464.7,115862.0,98.18436181
2025-09-14 06:00:00,115862.0,115939.3,115693.6,115802.0,118.78837735
2025-09-14 08:00:00,115802.0,116164.4,115753.3,116045.0,213.20435236
2025-09-14 10:00:00,116045.0,116138.0,115753.0,115801.2,132.30768189
2025-09-14 12:00:00,115801.3,115879.3,115219.3,115347.3,244.97277811
2025-09-14 14:00:00,115347.3,115710.0,115167.0,115224.0,245.54385932
2025-09-14 16:00:00,115224.1,115670.4,115200.0,115560.1,230.58710347
2025-09-14 18:00:00,115560.1,115640.6,115330.0,115635.3,122.4653018
2025-09-14 20:00:00,115635.4,116082.6,115604.2,116065.9,135.70348291
2025-09-14 22:00:00,116066.5,116083.0,115131.3,115268.3,263.02935549
2025-09-15 00:00:00,115268.4,115281.9,114822.5,115232.7,258.04308585
2025-09-15 02:00:00,115232.7,115580.8,115207.8,115442.0,161.9401336
2025-09-15 04:00:00,115442.1,116576.6,115397.0,116512.5,953.17660899
2025-09-15 06:00:00,116511.7,116773.1,115631.4,115809.9,899.00439025
2025-09-15 08:00:00,115810.0,115814.0,114623.3,114866.5,908.92053626
2025-09-15 10:00:00,114866.5,115199.8,114701.4,115054.6,280.30913471
2025-09-15 12:00:00,115054.7,115094.0,114370.0,114657.0,398.10419288
2025-09-15 14:00:00,114660.5,115031.6,114385.4,114841.1,632.82733953
2025-09-15 16:00:00,114841.1,115141.2,114601.1,115131.7,318.36136192
2025-09-15 18:00:00,115130.9,115575.9,114895.4,115304.0,530.33300391
2025-09-15 20:00:00,115304.3,115531.2,115208.0,115519.2,132.24681641
2025-09-15 22:00:00,115519.2,115607.9,115209.9,115350.6,108.8193375
2025-09-16 00:00:00,115350.6,115526.4,114952.0,115025.0,177.89721132
2025-09-16 02:00:00,115025.1,115434.0,115004.0,115300.5,145.1909019
2025-09-16 04:00:00,115300.5,115973.1,114937.5,115946.3,564.00150456
2025-09-16 06:00:00,115946.4,116016.0,115588.8,115833.5,906.34049411
2025-09-16 08:00:00,115833.6,115983.0,115453.8,115483.0,430.77910953
2025-09-16 10:00:00,115483.1,115610.4,115203.4,115291.0,199.52861706
2025-09-16 12:00:00,115291.1,115564.8,114708.0,115206.6,380.39571232
2025-09-16 14:00:00,115206.6,115920.0,114815.7,115919.9,385.16561086
2025-09-16 16:00:00,115920.0,116893.5,115610.8,116465.0,759.29271979
2025-09-16 18:00:00,116465.0,116827.5,116236.1,116814.8,346.48677532
2025-09-16 20:00:00,116814.8,116955.0,116600.0,116806.8,181.04975855
2025-09-16 22:00:00,116806.8,116969.3,116626.0,116797.7,154.68705187
2025-09-17 00:00:00,116797.8,116834.0,116507.3,116666.0,192.32860328
2025-09-17 02:00:00,116666.0,117080.0,116370.0,116370.1,254.21603757
2025-09-17 04:00:00,116370.2,117200.0,116159.6,117115.9,395.39992853
2025-09-17 06:00:00,117116.0,117282.0,116981.6,117159.0,326.76646667
2025-09-17 08:00:00,117159.0,117220.3,116562.7,116562.8,245.67889519
2025-09-17 10:00:00,116562.8,116616.7,116242.5,116257.4,295.64336689
2025-09-17 12:00:00,116257.6,116532.5,115909.4,116112.1,483.55633322
2025-09-17 14:00:00,116112.1,116244.0,115458.0,115884.7,603.42904456
2025-09-17 16:00:00,115884.7,116295.5,115390.1,115505.5,541.67690887
2025-09-17 18:00:00,115505.5,116320.0,114722.0,115638.0,1814.1107377
2025-09-17 20:00:00,115638.9,116138.6,115318.3,116044.5,240.66825296
2025-09-17 22:00:00,116044.5,116999.9,116038.7,116451.3,1200.99473997
2025-09-18 00:00:00,116451.3,116874.9,116095.4,116649.1,292.49410661
2025-09-18 02:00:00,116649.1,117900.0,116443.0,117591.0,762.29281569
2025-09-18 04:00:00,117590.9,117767.4,117189.7,117286.0,795.64537571
2025-09-18 06:00:00,117287.9,117350.0,116893.2,117085.6,385.44933691
2025-09-18 08:00:00,117085.7,117420.7,117013.5,117314.0,256.74338736
2025-09-18 10:00:00,117314.1,117324.0,117011.1,117076.6,166.05692994
2025-09-18 12:00:00,117076.6,117666.6,116946.9,117428.9,694.15950027
2025-09-18 14:00:00,117428.9,117850.0,117334.6,117596.6,637.55264944
2025-09-18 16:00:00,117596.6,117806.5,117399.9,117584.6,290.64222285
2025-09-18 18:00:00,117584.6,117910.0,117198.4,117466.1,260.95506523
2025-09-18 20:00:00,117466.1,117666.4,117287.0,117288.0,139.95854055
2025-09-18 22:00:00,117288.0,117343.9,116647.0,117081.1,304.65820971
2025-09-19 00:00:00,117081.0,117469.0,117018.4,117240.1,248.79814699
2025-09-19 02:00:00,117240.0,117292.0,116875.0,116980.0,187.55603009
2025-09-19 04:00:00,116979.9,117104.0,116706.3,116902.0,187.34244727
2025-09-19 06:00:00,116902.0,116992.0,116640.0,116914.9,233.11595538
2025-09-19 08:00:00,116914.9,117100.0,116469.5,116481.4,329.52469482
2025-09-19 10:00:00,116481.4,116561.0,116303.7,116396.1,342.46762837
2025-09-19 12:00:00,116396.1,116537.6,116064.7,116287.9,290.83694014
2025-09-19 14:00:00,116288.0,116485.6,115466.1,115880.1,600.92619893
2025-09-19 16:00:00,115880.0,116142.0,115546.0,115546.1,290.23385258
2025-09-19 18:00:00,115546.0,115656.9,115100.0,115123.2,308.5082596
2025-09-19 20:00:00,115123.2,115547.7,115088.0,115469.9,120.21136333
2025-09-19 22:00:00,115470.0,115659.9,115447.1,115630.1,118.28361002
2025-09-20 00:00:00,115630.1,115729.6,115550.0,115625.0,98.94305613
2025-09-20 02:00:00,115625.1,115625.1,115416.0,115454.0,67.95020941
2025-09-20 04:00:00,115454.0,115720.6,115408.0,115720.5,107.08933404
2025-09-20 06:00:00,115720.6,115985.0,115622.0,115962.0,325.81614591
2025-09-20 08:00:00,115962.0,115962.0,115652.5,115660.9,113.04504826
2025-09-20 10:00:00,115660.9,115910.9,115660.9,115892.1,70.43909998
2025-09-20 12:00:00,115892.0,115954.4,115806.1,115917.9,79.59337343
2025-09-20 14:00:00,115918.0,116136.9,115884.2,115989.9,110.87517219
2025-09-20 16:00:00,115990.0,116096.1,115819.9,115826.0,75.4777381
2025-09-20 18:00:00,115826.1,115826.1,115680.8,115681.0,85.24742375
2025-09-20 20:00:00,115682.0,115940.0,115676.9,115785.1,166.04799249
2025-09-20 22:00:00,115785.2,115796.3,115586.2,115685.9,170.79671339
2025-09-21 00:00:00,115686.0,115730.1,115500.0,115500.9,118.47599002
2025-09-21 02:00:00,115501.0,115714.2,115446.0,115668.6,110.48242239
2025-09-21 04:00:00,115668.7,115674.0,115477.9,115674.0,99.64376533
2025-09-21 06:00:00,115674.8,115820.0,115618.3,115820.0,99.29596668
2025-09-21 08:00:00,115819.9,115826.0,115340.0,115691.1,214.0828739
2025-09-21 10:00:00,115691.1,115718.0,115510.0,115617.9,70.7619375
2025-09-21 12:00:00,115617.9,115756.0,115617.9,115670.0,75.05266739
2025-09-21 14:00:00,115670.1,115692.0,115475.0,115534.1,98.89775557
2025-09-21 16:00:00,115534.0,115636.0,115212.0,115630.1,143.37654936
2025-09-21 18:00:00,115630.0,115671.2,115324.0,115487.9,48.20904837
2025-09-21 20:00:00,115488.0,115510.0,115250.1,115406.0,47.14536093
2025-09-21 22:00:00,115406.0,115550.0,115162.2,115236.0,108.63587424
2025-09-22 00:00:00,115236.0,115382.8,114250.0,114266.5,697.2687225
2025-09-22 02:00:00,114266.5,114655.5,114152.0,114655.0,670.88240589
2025-09-22 04:00:00,114655.0,114655.1,113589.9,113667.8,405.95590167
2025-09-22 06:00:00,113667.8,113694.4,111514.3,112523.1,2896.60468462
2025-09-22 08:00:00,112523.9,112790.2,112166.8,112343.0,500.77443092
2025-09-22 10:00:00,112342.9,112974.2,112258.0,112879.2,214.99270923
2025-09-22 12:00:00,112879.2,113150.0,112382.1,113128.5,340.76722672
2025-09-22 14:00:00,113128.6,113442.4,112576.0,112828.9,660.69887966
2025-09-22 16:00:00,112829.0,112897.9,112224.6,112386.1,249.45341597
2025-09-22 18:00:00,112386.0,112824.9,111936.0,112120.0,360.15307166
2025-09-22 20:00:00,112120.0,112986.0,111979.8,112976.1,245.58280889
2025-09-22 22:00:00,112976.0,112976.0,112582.4,112656.0,134.00620553
2025-09-23 00:00:00,112656.1,112840.0,112144.1,112157.9,232.1820225
2025-09-23 02:00:00,112158.0,112491.9,111481.5,112333.9,443.69587502
2025-09-23 04:00:00,112334.0,112897.1,111866.3,112666.0,243.11450397
2025-09-23 06:00:00,112666.0,113119.6,112612.0,113093.9,264.90725532
2025-09-23 08:00:00,113093.9,113275.0,112869.0,112936.6,196.13730793
2025-09-23 10:00:00,112936.6,113075.0,112689.1,112979.0,120.90141351
2025-09-23 12:00:00,112977.8,113050.0,112713.0,112944.0,172.0081298
2025-09-23 14:00:00,112944.1,113290.8,112484.2,112872.0,208.7895851
2025-09-23 16:00:00,112872.0,112966.0,111877.0,111954.2,426.36290157
2025-09-23 18:00:00,111954.3,112197.2,111538.8,111658.0,256.46598141
2025-09-23 20:00:00,111658.0,112200.0,111466.0,112164.0,120.32476423
2025-09-23 22:00:00,112164.1,112232.4,111876.0,112004.6,85.82072765
2025-09-24 00:00:00,112004.6,112504.5,111820.5,112447.7,166.50115201
2025-09-24 02:00:00,112447.7,112502.9,111678.0,111687.5,338.11501033
2025-09-24 04:00:00,111687.5,112682.2,111020.0,112645.3,572.0998317
2025-09-24 06:00:00,112645.4,112794.9,112452.8,112594.4,212.31201709
2025-09-24 08:00:00,112594.7,112833.3,112389.1,112752.3,184.01029932
2025-09-24 10:00:00,112752.3,113186.0,112670.1,113030.2,628.64674806
2025-09-24 12:00:00,113030.1,113241.7,112805.4,112838.3,232.48692953
2025-09-24 14:00:00,112838.2,113894.9,112838.2,113350.9,535.6082815
2025-09-24 16:00:00,113350.9,113946.0,113152.1,113758.4,179.3657546
2025-09-24 18:00:00,113760.0,113834.9,113278.7,113420.8,166.67803123
2025-09-24 20:00:00,113424.1,113612.9,113271.3,113340.3,216.4811433
2025-09-24 22:00:00,113342.0,113640.2,113179.5,113303.1,203.58223752
2025-09-25 00:00:00,113303.1,113514.0,112436.5,112673.0,428.9980445
2025-09-25 02:00:00,112674.3,113197.1,112222.2,112541.5,297.55996549
2025-09-25 04:00:00,112541.5,112625.0,111582.9,111739.0,827.94806884
2025-09-25 06:00:00,111739.0,111888.9,111440.2,111770.8,507.36028223
2025-09-25 08:00:00,111770.8,112250.0,111571.0,111571.0,248.17544781
2025-09-25 10:00:00,111571.1,111866.0,111277.0,111361.6,236.6904349
2025-09-25 12:00:00,111361.6,111721.5,110620.0,110995.2,832.85239902
2025-09-25 14:00:00,110995.8,111730.7,110859.0,111586.9,532.20888672
2025-09-25 16:00:00,111587.0,111671.7,108646.2,108829.9,1080.14108901
2025-09-25 18:00:00,108836.0,109981.4,108625.1,109374.1,710.18217469
2025-09-25 20:00:00,109374.1,109666.6,109057.0,109411.1,172.63955099
2025-09-25 22:00:00,109411.2,109681.4,108749.2,108990.8,240.25178329
2025-09-26 00:00:00,108990.9,109767.9,108809.9,109682.6,347.94234406
2025-09-26 02:00:00,109683.9,109811.1,109278.6,109573.0,411.68343852
2025-09-26 04:00:00,109573.1,109633.2,109072.0,109240.0,261.87463384
2025-09-26 06:00:00,109240.1,109626.4,108896.0,109308.0,1426.84484016
2025-09-26 08:00:00,109308.0,109696.0,109296.0,109560.2,254.33284608
2025-09-26 10:00:00,109560.3,109575.0,108617.3,109133.0,511.71646404
2025-09-26 12:00:00,109133.0,109784.8,108810.7,109669.7,456.518263
2025-09-26 14:00:00,109669.8,109775.9,108766.4,109029.9,620.42955384
2025-09-26 16:00:00,109030.0,109999.0,109024.5,109903.7,300.96254447
2025-09-26 18:00:00,109903.7,110294.3,109020.7,109164.2,412.46891225
2025-09-26 20:00:00,109164.2,109536.5,109090.1,109474.8,114.63165959
2025-09-26 22:00:00,109474.8,109685.9,109344.4,109639.9,97.65890729
2025-09-27 00:00:00,109640.0,109667.9,109321.1,109433.0,161.05601244
2025-09-27 02:00:00,109433.1,109755.4,109320.0,109549.1,182.90203998
2025-09-27 04:00:00,109549.1,109732.8,109500.0,109629.1,142.39943826
2025-09-27 06:00:00,109629.1,109630.3,109333.3,109404.0,184.53515591
2025-09-27 08:00:00,109404.0,109404.0,109064.9,109305.3,162.5854825
2025-09-27 10:00:00,109305.3,109505.0,109261.2,109313.9,238.32942721
2025-09-27 12:00:00,109314.0,109502.0,109240.2,109315.0,147.47837203
2025-09-27 14:00:00,109315.0,109431.7,109190.0,109392.1,160.85597738
2025-09-27 16:00:00,109392.1,109424.6,109234.1,109373.8,128.50009443
2025-09-27 18:00:00,109373.2,109438.7,109333.1,109413.7,89.81512801
2025-09-27 20:00:00,109413.8,109473.9,109349.0,109473.9,57.36253467
2025-09-27 22:00:00,109473.9,109700.0,109446.9,109630.7,301.65325743
2025-09-28 00:00:00,109630.8,109783.3,109324.0,109354.0,191.20601246
2025-09-28 02:00:00,109353.9,109543.0,109337.1,109447.1,97.59401553
2025-09-28 04:00:00,109447.2,109489.8,109349.2,109355.6,70.75785073
2025-09-28 06:00:00,109355.7,109542.6,109260.1,109515.0,126.86775146
2025-09-28 08:00:00,109515.0,109591.3,109324.7,109516.8,155.02241447
2025-09-28 10:00:00,109516.9,109516.9,109250.0,109382.0,180.03821054
2025-09-28 12:00:00,109382.1,109675.0,109200.0,109627.9,278.75583462
2025-09-28 14:00:00,109628.0,110035.6,109499.8,110035.6,245.08603845
2025-09-28 16:00:00,110035.5,110399.0,110007.1,110204.7,191.30137161
2025-09-28 18:00:00,110204.2,110388.0,110062.0,110338.7,101.82688356
2025-09-28 20:00:00,110338.7,110947.4,110290.0,110834.0,208.42486385
2025-09-28 22:00:00,110834.0,112354.8,110827.5,112172.1,524.19259865
2025-09-29 00:00:00,112171.0,112314.9,111725.0,111861.9,416.56863966
2025-09-29 02:00:00,111861.9,112029.0,111585.0,111878.5,335.26607298
2025-09-29 04:00:00,111878.6,111910.9,111572.0,111757.1,204.419128
2025-09-29 06:00:00,111757.1,111870.8,111558.4,111868.3,344.31505739
2025-09-29 08:00:00,111868.2,112447.6,111864.1,112115.8,2235.50067154
2025-09-29 10:00:00,112115.9,112256.7,111920.6,112115.0,307.69931029
2025-09-29 12:00:00,112115.0,113498.1,111908.1,113227.1,748.78838811
2025-09-29 14:00:00,113227.0,114239.2,113207.1,113819.0,811.29858638
2025-09-29 16:00:00,113819.1,114193.8,113442.5,114060.0,405.28781348
2025-09-29 18:00:00,114059.9,114400.0,113849.8,114269.0,327.45109006
2025-09-29 20:00:00,114268.1,114425.7,114088.0,114178.1,246.61178109
2025-09-29 22:00:00,114178.0,114394.0,114020.5,114313.0,154.12159712
2025-09-30 00:00:00,114313.0,114800.0,114032.3,114512.0,370.72568027
2025-09-30 02:00:00,114511.7,114600.7,114298.1,114374.9,256.86294804
2025-09-30 04:00:00,114375.0,114375.0,113828.6,113910.0,1413.0059421
2025-09-30 06:00:00,113908.8,114094.9,113595.0,113717.0,599.71376688
2025-09-30 08:00:00,113717.0,113770.0,112750.0,112794.3,445.50396191
2025-09-30 10:00:00,112794.3,113136.4,112666.9,113046.8,255.23612077
2025-09-30 12:00:00,113046.8,113681.0,112857.9,113399.6,384.17486845
2025-09-30 14:00:00,113399.6,113642.0,112907.0,113120.3,373.85580558
2025-09-30 16:00:00,113120.4,113537.1,112787.2,113249.6,577.99698829
2025-09-30 18:00:00,113252.7,114606.8,113175.1,114359.3,529.94106933
2025-09-30 20:00:00,114359.2,114767.5,114118.1,114166.0,276.54689423
2025-09-30 22:00:00,114166.1,114366.0,113760.0,114047.2,195.4334773
2025-10-01 00:00:00,114047.1,114550.0,113955.4,114550.0,280.43038348
2025-10-01 02:00:00,114550.0,114555.0,114101.0,114179.8,262.24441756
2025-10-01 04:00:00,114179.8,114742.1,114142.0,114566.0,244.99972323
2025-10-01 06:00:00,114566.1,114625.0,114224.2,114534.6,263.82710291
2025-10-01 08:00:00,114534.6,116636.9,114480.0,116414.2,1170.32543479
2025-10-01 10:00:00,116414.2,116787.1,116194.0,116782.0,463.2404242
2025-10-01 12:00:00,116782.0,116887.9,116361.0,116812.0,471.40536645
2025-10-01 14:00:00,116811.9,117657.0,116716.0,117425.0,823.1799641
2025-10-01 16:00:00,117426.0,118200.0,116724.0,116761.0,1399.35240522
2025-10-01 18:00:00,116762.0,117619.6,116762.0,117443.0,487.92562246
2025-10-01 20:00:00,117443.1,117588.0,117165.3,117563.9,167.47428158
2025-10-01 22:00:00,117564.0,118655.7,117564.0,118607.7,573.68823072
2025-10-02 00:00:00,118607.7,119458.9,118375.0,118634.4,1132.8934986
2025-10-02 02:00:00,118634.4,119067.5,118477.7,118739.6,536.63563715
2025-10-02 04:00:00,118739.6,118937.5,118279.1,118382.0,402.21212859
2025-10-02 06:00:00,118380.7,118688.9,118302.7,118488.0,369.87596916
2025-10-02 08:00:00,118488.0,118878.2,118359.3,118878.1,346.226125
2025-10-02 10:00:00,118878.2,118941.5,118538.2,118774.5,356.26308606
2025-10-02 12:00:00,118772.8,119766.0,118754.7,119618.3,1106.6495028
2025-10-02 14:00:00,119618.3,119920.0,118500.0,119919.9,1027.49650216
2025-10-02 16:00:00,119919.9,120313.2,119368.4,119916.2,920.85035965
2025-10-02 18:00:00,119916.2,121039.9,119904.1,120841.7,901.50249151
2025-10-02 20:00:00,120841.7,120927.7,120142.9,120150.0,265.00657721
2025-10-02 22:00:00,120150.1,120677.1,120073.3,120540.8,378.29121415
2025-10-03 00:00:00,120540.8,120560.0,119833.5,119885.5,332.76146924
2025-10-03 02:00:00,119885.5,120485.7,119861.7,120239.2,377.78281687
2025-10-03 04:00:00,120239.2,120341.7,119762.5,119939.0,385.41412309
2025-10-03 06:00:00,119939.0,120079.0,119610.9,119638.1,1213.89763526
2025-10-03 08:00:00,119638.2,120384.1,119257.0,120309.8,487.65992218
2025-10-03 10:00:00,120309.8,120519.7,120141.8,120344.8,273.43139508
2025-10-03 12:00:00,120344.9,120709.7,120099.9,120381.5,526.87679372
2025-10-03 14:00:00,120381.4,122367.2,119870.7,122271.2,1108.23064275
2025-10-03 16:00:00,122271.3,123888.0,121605.8,122075.7,2610.94670618
2025-10-03 18:00:00,122075.8,122959.4,121486.9,122671.3,779.37978546
2025-10-03 20:00:00,122664.6,122733.8,122007.2,122311.4,343.50754042
2025-10-03 22:00:00,122311.5,122672.0,122174.6,122239.4,150.57926445
2025-10-04 00:00:00,122239.4,122298.0,121698.8,121864.9,332.96605246
2025-10-04 02:00:00,121865.0,122336.6,121682.6,122245.0,314.51430858
2025-10-04 04:00:00,122247.0,122800.0,122223.0,122537.9,386.02156216
2025-10-04 06:00:00,122538.0,122611.4,122249.0,122304.0,1100.02611965
2025-10-04 08:00:00,122304.0,122540.2,122200.0,122225.0,667.27469249
2025-10-04 10:00:00,122225.1,122350.6,121967.5,121978.4,218.89943126
2025-10-04 12:00:00,121978.4,122519.9,121951.4,122393.0,248.10630014
2025-10-04 14:00:00,122393.0,122464.0,121709.0,121797.7,280.38587565
2025-10-04 16:00:00,121797.8,121969.3,121600.0,121757.8,279.32781192
2025-10-04 18:00:00,121757.8,121969.3,121519.4,121969.3,78.766436
2025-10-04 20:00:00,121969.3,122352.9,121877.2,122198.8,155.69486253
2025-10-04 22:00:00,122198.9,122435.8,122141.0,122396.9,123.95590458
2025-10-05 00:00:00,122397.0,122420.0,122133.9,122373.6,104.21164232
2025-10-05 02:00:00,122373.7,124358.6,122335.4,123779.0,1382.96078733
2025-10-05 04:00:00,123779.1,125790.0,123738.6,125122.3,1844.65614639
2025-10-05 06:00:00,125122.2,125224.1,124607.9,124711.8,737.14381269
2025-10-05 08:00:00,124711.8,124844.0,122784.0,123025.0,970.58932328
2025-10-05 10:00:00,123020.1,123543.6,122510.7,123468.1,600.94651334
2025-10-05 12:00:00,123468.0,123468.1,122944.0,123175.4,411.22997719
2025-10-05 14:00:00,123171.5,123330.2,122667.6,122807.0,301.57424237
2025-10-05 16:00:00,122807.0,123472.1,122300.1,123072.0,457.12383419
2025-10-05 18:00:00,123070.1,123230.2,122520.3,122605.4,952.73722472
2025-10-05 20:00:00,122605.5,123066.5,122484.2,122740.5,172.6512424
2025-10-05 22:00:00,122740.5,123558.5,122740.4,123480.1,375.53372254
2025-10-06 00:00:00,123480.1,124372.0,123088.0,124025.9,689.53990254
2025-10-06 02:00:00,124024.0,124229.8,123438.3,123833.8,387.12873724
2025-10-06 04:00:00,123831.4,123992.0,123291.6,123575.7,248.66563296
2025-10-06 06:00:00,123575.7,124173.9,123280.7,123393.3,510.68003106
2025-10-06 08:00:00,123393.3,124077.4,123391.6,123959.1,827.61040714
2025-10-06 10:00:00,123959.1,124556.0,123735.6,124222.8,354.33816947
2025-10-06 12:00:00,124222.9,125079.0,124173.0,125036.0,717.72802373
2025-10-06 14:00:00,125036.0,125420.6,124300.0,124999.8,700.95114367
2025-10-06 16:00:00,124999.8,125832.0,124790.2,125286.4,731.38307721
2025-10-06 18:00:00,125286.5,126200.0,125040.0,125411.0,855.67655974
2025-10-06 20:00:00,125410.1,125552.7,124517.8,125118.9,449.25701903
2025-10-06 22:00:00,125119.0,125297.9,124635.0,124673.0,218.23850693
2025-10-07 00:00:00,124674.9,125091.4,124452.3,124711.0,321.77212624
2025-10-07 02:00:00,124711.0,124711.0,124089.1,124329.7,425.01588761
2025-10-07 04:00:00,124329.6,124660.0,124107.0,124404.0,391.69346256
2025-10-07 06:00:00,124404.0,124463.0,123564.0,123676.1,607.87759085
2025-10-07 08:00:00,123676.1,124242.3,123323.8,124109.3,472.65574283
2025-10-07 10:00:00,124109.3,124513.1,124017.6,124447.1,346.58780352
2025-10-07 12:00:00,124447.1,125139.2,123386.5,123895.3,886.2379405
2025-10-07 14:00:00,123895.3,124011.0,121182.7,121859.5,1681.46275508
2025-10-07 16:00:00,121859.6,122099.9,120824.1,121149.9,828.12799348
2025-10-07 18:00:00,121149.9,122016.8,120592.0,121639.0,980.10264871
2025-10-07 20:00:00,121640.0,122292.0,121640.0,122009.9,250.47235092
2025-10-07 22:00:00,122010.0,122176.8,121255.2,121344.9,243.59245163
2025-10-08 00:00:00,121344.9,122081.9,121280.8,121956.0,410.07392323
2025-10-08 02:00:00,121956.1,122242.3,121221.0,121372.4,350.57977474
2025-10-08 04:00:00,121373.6,121916.8,121076.0,121378.9,306.62115581
2025-10-08 06:00:00,121379.0,121899.2,121072.1,121611.1,710.29040655
2025-10-08 08:00:00,121611.0,122862.4,121521.0,122528.9,561.38883118
2025-10-08 10:00:00,122529.0,123214.5,122488.0,122884.0,324.33411804
2025-10-08 12:00:00,122884.0,123061.9,121666.6,122595.8,406.26039538
2025-10-08 14:00:00,122595.7,123351.6,121963.6,122194.9,533.25601565
2025-10-08 16:00:00,122194.9,124185.8,122113.4,124037.1,717.8890056
2025-10-08 18:00:00,124037.2,124200.0,123156.0,123430.1,551.04932239
2025-10-08 20:00:00,123430.1,123719.9,122808.0,123273.3,227.63900003
2025-10-08 22:00:00,123273.4,123534.0,123047.8,123304.1,107.34632578
2025-10-09 00:00:00,123304.1,123349.0,122334.5,122549.4,230.58720027
2025-10-09 02:00:00,122549.3,122553.4,121473.1,122035.9,396.07811824
2025-10-09 04:00:00,122036.0,122270.3,121826.2,122112.1,227.25852486
2025-10-09 06:00:00,122112.1,122184.9,121718.5,121900.8,268.01540286
2025-10-09 08:00:00,121900.7,121955.6,121144.1,121814.5,473.51063466
2025-10-09 10:00:00,121814.5,122844.8,121648.7,122730.3,383.53058121
2025-10-09 12:00:00,122730.4,123793.6,122239.7,122409.1,825.67995848
2025-10-09 14:00:00,122409.9,122598.9,120687.4,121161.3,1376.96255046
2025-10-09 16:00:00,121161.3,121492.6,119651.4,120970.8,947.54090324
2025-10-09 18:00:00,120970.9,121124.3,120400.1,120961.0,294.08064633
2025-10-09 20:00:00,120961.6,121517.9,120855.7,121463.0,191.02405582
2025-10-09 22:00:00,121464.0,121789.3,121341.2,121656.4,255.99184593
2025-10-10 00:00:00,121656.5,121886.8,121476.1,121635.9,170.37321094
2025-10-10 02:00:00,121635.9,121656.8,120910.7,121037.8,440.54962474
2025-10-10 04:00:00,121037.8,121611.0,121000.0,121591.9,241.51875883
2025-10-10 06:00:00,121591.9,121766.0,120860.0,120936.8,1202.55820601
2025-10-10 08:00:00,120936.9,121778.6,120922.6,121321.3,440.69221464
2025-10-10 10:00:00,121321.3,121661.0,121224.9,121565.7,143.84009541
2025-10-10 12:00:00,121565.7,122564.1,121383.3,121669.7,783.20344083
2025-10-10 14:00:00,121669.6,122060.4,118485.6,119017.0,2324.40375105
2025-10-10 16:00:00,119017.0,119460.8,117562.8,117635.8,1457.136059
2025-10-10 18:00:00,117635.8,117856.2,115952.9,116665.9,1414.63757772
2025-10-10 20:00:00,116666.0,117198.1,101500.0,112933.3,10176.57507549
2025-10-10 22:00:00,112920.0,114662.4,110933.0,112769.0,4916.01028902
2025-10-11 00:00:00,112770.0,113157.8,110962.2,111026.0,3398.72510277
2025-10-11 02:00:00,111026.0,113298.5,111004.0,112262.0,1276.34980765
2025-10-11 04:00:00,112262.1,112951.1,111678.4,112377.0,1071.00005806
2025-10-11 06:00:00,112377.9,112758.6,110100.0,110412.9,2491.0172611
2025-10-11 08:00:00,110413.0,111893.6,110143.6,111618.1,1185.92484098
2025-10-11 10:00:00,111618.0,112359.1,111592.2,112260.2,991.02581405
2025-10-11 12:00:00,112260.1,112502.3,111872.4,112264.9,695.48754676
2025-10-11 14:00:00,112264.9,112395.9,111785.6,111785.6,650.80689063
2025-10-11 16:00:00,111785.6,112197.6,111433.1,112007.0,508.27420831
2025-10-11 18:00:00,112007.1,112039.9,110850.5,111184.3,346.92553725
2025-10-11 20:00:00,111187.0,111383.1,109568.2,110900.1,882.33998255
2025-10-11 22:00:00,110900.0,111304.9,110638.7,110654.0,272.50858838
2025-10-12 00:00:00,110654.0,110690.0,109588.0,109986.9,660.29072214
2025-10-12 02:00:00,109986.9,111408.3,109615.2,110698.1,737.43969391
2025-10-12 04:00:00,110698.2,111959.4,110614.0,111707.6,439.32950804
2025-10-12 06:00:00,111707.6,112121.2,111500.0,111537.4,674.06539708
2025-10-12 08:00:00,111537.4,111904.7,111132.6,111821.1,395.8798589
2025-10-12 10:00:00,111821.1,112117.6,111434.0,111843.0,493.71543262
2025-10-12 12:00:00,111842.9,112250.8,111224.3,111298.0,801.97389436
2025-10-12 14:00:00,111298.0,113766.0,111173.1,113199.0,2305.23926824
2025-10-12 16:00:00,113199.1,114700.0,113199.1,113818.1,1734.02503188
2025-10-12 18:00:00,113818.1,114400.0,113554.0,114339.1,410.36768171
2025-10-12 20:00:00,114339.1,115610.8,114242.3,114886.0,777.25216706
2025-10-12 22:00:00,114888.0,115766.0,114737.4,114972.6,715.7019091
2025-10-13 00:00:00,114972.6,115895.6,114773.6,115710.1,793.72930475
2025-10-13 02:00:00,115710.1,115960.0,114617.5,114821.1,483.08665669
2025-10-13 04:00:00,114821.1,115005.7,114415.6,114624.4,468.40320708
2025-10-13 06:00:00,114624.4,115571.5,114424.6,115407.8,675.99466241
2025-10-13 08:00:00,115406.7,115434.0,114752.5,115126.0,395.50780908
2025-10-13 10:00:00,115127.0,115172.0,113603.6,114187.8,595.01684519
2025-10-13 12:00:00,114187.8,115550.0,113936.1,115350.4,996.3244705
2025-10-13 14:00:00,115350.3,115478.9,113811.0,114337.1,794.49042722
2025-10-13 16:00:00,114337.1,115194.8,114234.0,115035.0,559.0114415
2025-10-13 18:00:00,115035.0,115887.6,114712.0,115791.8,463.03494878
2025-10-13 20:00:00,115798.7,115877.9,115387.5,115713.0,232.02871105
2025-10-13 22:00:00,115713.0,115851.5,115011.9,115174.9,306.15569834
2025-10-14 00:00:00,115174.9,115417.2,114141.6,114280.5,530.14654268
2025-10-14 02:00:00,114280.6,114304.1,113280.0,113500.5,650.40401323
2025-10-14 04:00:00,113500.6,113699.7,112391.1,112497.9,1124.86046877
2025-10-14 06:00:00,112498.0,112712.0,111365.9,111738.8,1349.27991169
2025-10-14 08:00:00,111732.5,112142.6,111056.9,111292.0,919.33581968
2025-10-14 10:00:00,111292.0,111692.5,110047.7,111325.1,995.1124307
2025-10-14 12:00:00,111325.0,111372.3,109872.7,111032.7,1397.85054495
2025-10-14 14:00:00,111026.1,112910.7,110927.9,112894.6,1387.60680229
2025-10-14 16:00:00,112894.5,113216.6,111704.5,112777.0,1494.22525535
2025-10-14 18:00:00,112777.0,113557.2,112026.4,112612.0,1345.99868184
2025-10-14 20:00:00,112617.9,113199.9,112228.8,113124.6,360.07829131
2025-10-14 22:00:00,113124.6,113578.5,112825.0,113036.0,324.83750644
2025-10-15 00:00:00,113035.1,113123.7,112325.5,112735.0,454.25643995
2025-10-15 02:00:00,112734.0,113619.9,111811.7,112027.1,1236.36975106
2025-10-15 04:00:00,112027.2,112663.0,111743.5,112435.0,431.27769509
2025-10-15 06:00:00,112435.0,112700.0,111899.9,112574.0,541.6724496
2025-10-15 08:00:00,112574.0,113511.1,112391.4,112561.7,1010.09428378
2025-10-15 10:00:00,112561.7,112664.0,111652.8,111904.6,1177.78454636
2025-10-15 12:00:00,111904.5,112100.0,110730.5,111407.1,896.07274065
2025-10-15 14:00:00,111407.1,112248.6,110354.5,110802.6,1110.29304088
2025-10-15 16:00:00,110802.6,111190.2,110158.7,111190.1,657.09979688
2025-10-15 18:00:00,111190.0,111554.0,110825.0,111268.0,440.20758209
2025-10-15 20:00:00,111265.4,111556.0,110471.4,110847.4,583.00688572
2025-10-15 22:00:00,110850.0,111391.6,110583.3,110763.2,255.81317846
2025-10-16 00:00:00,110763.1,111338.0,110367.8,111308.0,360.55068966
2025-10-16 02:00:00,111308.1,111864.0,111025.1,111332.0,688.14121746
2025-10-16 04:00:00,111334.0,111675.0,110733.3,110956.0,452.04795866
2025-10-16 06:00:00,110958.9,111774.0,110549.9,110569.9,724.22543939
2025-10-16 08:00:00,110569.9,111650.1,109605.7,111160.4,1461.88783746
2025-10-16 10:00:00,111155.1,111724.6,111015.8,111407.5,637.75514209
2025-10-16 12:00:00,111407.6,112000.0,110681.9,110861.6,827.97846149
2025-10-16 14:00:00,110859.6,111422.3,108345.4,108557.9,2145.31484069
2025-10-16 16:00:00,108557.9,109260.5,107580.0,108271.5,1891.15623259
2025-10-16 18:00:00,108271.5,108744.0,107668.5,108200.9,1400.15173805
2025-10-16 20:00:00,108198.7,108474.5,107430.9,108433.3,537.50004569
2025-10-16 22:00:00,108433.4,108507.3,107734.4,108195.1,345.95334899
2025-10-17 00:00:00,108195.1,109116.6,107932.8,108837.5,551.30322089
2025-10-17 02:00:00,108837.5,109237.5,108377.1,109180.0,440.5003935
2025-10-17 04:00:00,109180.0,109244.2,108311.8,108388.9,381.21257184
2025-10-17 06:00:00,108388.9,108523.7,105500.0,105629.1,2483.40370358
2025-10-17 08:00:00,105629.1,105699.9,104482.4,104524.4,2089.48119302
2025-10-17 10:00:00,104522.0,106620.2,103514.5,105685.8,2342.82463949
2025-10-17 12:00:00,105685.8,106180.5,104883.0,105839.2,1081.60938497
2025-10-17 14:00:00,105831.0,106845.5,104531.7,106794.2,1480.24655744
2025-10-17 16:00:00,106794.2,107571.4,106080.0,106450.1,916.45776119
2025-10-17 18:00:00,106454.1,107107.0,106236.8,106460.9,528.80935258
2025-10-17 20:00:00,106468.6,107449.9,106359.9,107297.6,296.91058217
2025-10-17 22:00:00,107297.6,107430.6,106389.3,106430.8,317.26986323
2025-10-18 00:00:00,106430.9,107305.4,106330.6,107161.3,420.79689148
2025-10-18 02:00:00,107161.4,107305.0,106505.0,107085.0,448.1750616
2025-10-18 04:00:00,107085.0,107094.6,106443.3,106830.1,475.70449614
2025-10-18 06:00:00,106830.1,107500.0,106646.2,106699.0,599.36688466
2025-10-18 08:00:00,106704.0,106985.0,106624.3,106900.0,436.75624428
2025-10-18 10:00:00,106900.0,107248.5,106774.6,107217.8,241.34569617
2025-10-18 12:00:00,107217.9,107307.2,106810.0,106892.0,196.5515458
2025-10-18 14:00:00,106892.1,107155.0,106730.0,106947.0,210.91108011
2025-10-18 16:00:00,106947.0,107064.5,106469.9,106876.8,340.96370968
2025-10-18 18:00:00,106876.9,107094.6,106722.3,107072.9,89.15693587
2025-10-18 20:00:00,107073.0,107337.6,106837.4,107163.7,164.08121091
2025-10-18 22:00:00,107163.7,107287.9,107000.0,107175.6,139.49037156
2025-10-19 00:00:00,107175.5,107288.0,106732.3,106972.2,303.3442519
2025-10-19 02:00:00,106972.4,107372.0,106803.5,107274.9,316.74656287
2025-10-19 04:00:00,107275.0,107289.2,106807.0,106894.6,229.11932184
2025-10-19 06:00:00,106894.7,106920.7,106555.5,106782.7,188.57542178
2025-10-19 08:00:00,106782.6,108218.5,106110.5,107405.5,2369.00038127
2025-10-19 10:00:00,107405.8,108262.2,107000.0,107783.0,911.88452147
2025-10-19 12:00:00,107783.1,108227.1,107375.0,108082.1,419.00881279
2025-10-19 14:00:00,108082.1,108625.0,107890.9,108480.0,638.60843388
2025-10-19 16:00:00,108480.0,109437.9,108238.1,109116.1,531.62158477
2025-10-19 18:00:00,109116.2,109450.0,108806.9,108916.7,230.98897436
2025-10-19 20:00:00,108916.7,108991.7,108600.1,108744.0,152.13789959
2025-10-19 22:00:00,108744.1,109376.4,108475.7,108649.8,489.71257285
2025-10-20 00:00:00,108649.6,108649.6,107425.6,108063.1,836.08220331
2025-10-20 02:00:00,108063.1,110422.6,107853.9,110144.0,817.44129528
2025-10-20 04:00:00,110143.9,111135.8,109948.1,111038.0,1307.55643279
2025-10-20 06:00:00,111040.0,111406.5,111000.2,111182.1,828.02772135
2025-10-20 08:00:00,111182.2,111666.6,110694.7,110975.0,818.83176966
2025-10-20 10:00:00,110975.0,111116.0,110630.5,111029.9,438.38328153
2025-10-20 12:00:00,111029.9,111263.0,110600.0,111164.0,660.75304807
2025-10-20 14:00:00,111164.1,111719.3,110743.0,111153.9,861.79409053
2025-10-20 16:00:00,111154.0,111317.5,109851.5,110292.7,1496.62475799
2025-10-20 18:00:00,110295.2,111062.5,110218.8,110800.3,578.36062991
2025-10-20 20:00:00,110800.1,111275.0,110475.0,110575.0,393.94992028
2025-10-20 22:00:00,110574.9,110877.8,110425.0,110544.4,217.00164805
2025-10-21 00:00:00,110544.5,110544.5,109543.9,109858.4,485.95210833
2025-10-21 02:00:00,109858.5,109917.4,109068.8,109068.8,527.21345171
2025-10-21 04:00:00,109068.8,109068.8,107476.8,107548.6,1232.00938873
2025-10-21 06:00:00,107548.7,108211.3,107506.0,108091.1,1047.77802111
2025-10-21 08:00:00,108091.1,108110.7,107476.8,107747.9,810.29468677
2025-10-21 10:00:00,107747.9,108819.0,107565.7,108569.8,1020.63409638
2025-10-21 12:00:00,108569.9,109494.7,107901.9,108434.5,990.91725249
2025-10-21 14:00:00,108442.0,113558.0,108397.3,113426.5,2848.86301824
2025-10-21 16:00:00,113426.6,114013.6,111814.1,112017.8,2037.33016589
2025-10-21 18:00:00,112017.8,112313.4,111343.0,111790.9,709.94138941
2025-10-21 20:00:00,111792.3,111816.7,110086.6,110833.0,891.08354293
2025-10-21 22:00:00,110832.9,110832.9,108035.5,108310.0,1794.37670461
2025-10-22 00:00:00,108310.0,108649.5,107833.9,108368.3,760.57876518
2025-10-22 02:00:00,108374.7,108684.4,107850.3,108219.6,390.54517075
2025-10-22 04:00:00,108219.7,108644.1,107888.9,108167.9,581.78362031
2025-10-22 06:00:00,108168.0,108339.6,107600.0,108330.3,668.87878913
2025-10-22 08:00:00,108330.3,108392.2,107775.5,107968.2,567.96586559
2025-10-22 10:00:00,107968.2,108216.8,106650.9,107550.7,1355.02265286
2025-10-22 12:00:00,107550.7,109025.3,107450.0,108781.1,1312.54805534
2025-10-22 14:00:00,108781.1,109150.0,107483.1,108412.8,2389.70478222
2025-10-22 16:00:00,108412.8,108800.0,107566.1,107780.1,1324.64494901
2025-10-22 18:00:00,107780.1,108394.4,107460.1,107867.0,848.61078488
2025-10-22 20:00:00,107867.4,108075.0,106666.6,107208.8,804.43774868
2025-10-22 22:00:00,107208.8,107950.0,106928.6,107584.0,523.69007952
2025-10-23 00:00:00,107584.0,108491.3,107517.1,108168.8,631.2938887
2025-10-23 02:00:00,108172.3,108750.0,108075.0,108375.0,335.24327013
2025-10-23 04:00:00,108375.0,108986.0,108354.7,108950.4,339.32593599
2025-10-23 06:00:00,108950.5,110300.3,108846.9,109269.5,1053.79060354
2025-10-23 08:00:00,109269.5,109901.6,109128.1,109437.0,435.2761536
2025-10-23 10:00:00,109437.0,109706.4,109106.6,109263.2,492.32534029
2025-10-23 12:00:00,109260.2,109631.0,108700.0,109507.7,909.54538132
2025-10-23 14:00:00,109507.7,110110.7,108724.5,109899.9,1110.60094274
2025-10-23 16:00:00,109899.9,111291.9,109631.7,111237.7,1062.86145131
2025-10-23 18:00:00,111238.0,111288.0,110100.0,110204.9,578.92180978
2025-10-23 20:00:00,110205.1,110210.4,109350.0,109550.0,665.76296585
2025-10-23 22:00:00,109550.0,110166.4,109517.4,110073.8,384.18451891
2025-10-24 00:00:00,110073.9,110699.9,109988.1,110585.1,492.60297886
2025-10-24 02:00:00,110585.1,110833.9,110282.0,110451.9,335.4931429
2025-10-24 04:00:00,110452.0,111477.2,110338.0,111254.5,734.62577307
2025-10-24 06:00:00,111255.3,111548.1,110781.3,111053.9,872.50585095
2025-10-24 08:00:00,111053.9,111497.5,110700.0,111338.8,749.7903015
2025-10-24 10:00:00,111338.9,111342.2,110604.2,111075.5,459.44118163
2025-10-24 12:00:00,111075.6,112188.0,110385.0,110946.1,1595.80240177
2025-10-24 14:00:00,110946.0,110946.0,109700.6,110056.0,1297.91634694
2025-10-24 16:00:00,110056.1,110575.0,109808.8,110224.9,389.15880578
2025-10-24 18:00:00,110224.8,110942.0,110153.4,110613.1,290.96004885
2025-10-24 20:00:00,110613.2,111109.5,110482.9,111083.0,371.89724631
2025-10-24 22:00:00,111083.1,111130.4,110880.1,111010.0,127.2147397
2025-10-25 00:00:00,111009.9,111243.3,110663.3,111075.3,255.36652082
2025-10-25 02:00:00,111075.3,111139.0,110955.9,111023.1,132.11711084
2025-10-25 04:00:00,111023.1,111447.6,111023.0,111382.7,254.2710168
2025-10-25 06:00:00,111383.2,111825.4,111249.8,111501.1,397.55428991
2025-10-25 08:00:00,111501.1,111838.0,111482.0,111524.7,241.95370311
2025-10-25 10:00:00,111524.8,111725.1,111391.0,111569.9,344.90397669
2025-10-25 12:00:00,111570.0,111950.0,111524.8,111700.0,342.50640747
2025-10-25 14:00:00,111700.0,111771.0,111325.8,111391.9,232.34707051
2025-10-25 16:00:00,111392.0,111489.8,111176.0,111386.7,303.84721935
2025-10-25 18:00:00,111386.8,111742.5,111324.9,111631.4,191.6575441
2025-10-25 20:00:00,111631.2,111665.9,111349.4,111486.5,144.9363571
2025-10-25 22:00:00,111486.5,111694.3,111416.0,111650.0,124.76533206
2025-10-26 00:00:00,111650.0,111917.8,111525.0,111643.6,239.93661983
2025-10-26 02:00:00,111643.7,111683.5,111260.3,111266.0,178.21668787
2025-10-26 04:00:00,111266.0,111644.0,111250.2,111601.1,140.78200245
2025-10-26 06:00:00,111601.2,111725.1,111531.6,111719.9,102.02828095
2025-10-26 08:00:00,111719.9,112799.3,111702.5,112541.0,641.34781008
2025-10-26 10:00:00,112541.0,113499.0,112200.5,113299.9,788.27724827
2025-10-26 12:00:00,113299.9,114047.7,113272.0,113714.7,918.58826032
2025-10-26 14:00:00,113715.0,113903.8,113418.1,113699.7,421.42578851
2025-10-26 16:00:00,113699.8,113751.0,113280.0,113433.5,396.60305922
2025-10-26 18:00:00,113433.5,113787.4,113433.4,113591.9,172.34534362
2025-10-26 20:00:00,113591.9,113591.9,112900.0,113498.9,228.28917316
2025-10-26 22:00:00,113499.0,115590.0,113499.0,114554.6,1177.48788297
2025-10-27 00:00:00,114555.7,115389.3,114366.0,115281.9,502.06965193
2025-10-27 02:00:00,115282.0,115495.5,114826.0,114984.4,411.28182983
2025-10-27 04:00:00,114984.4,115650.6,114951.6,115550.0,420.16022449
2025-10-27 06:00:00,115549.2,116400.0,115355.2,115550.8,1158.12481723
2025-10-27 08:00:00,115550.8,115602.0,114825.5,115254.1,713.41290918
2025-10-27 10:00:00,115254.1,115559.6,115122.7,115353.1,296.73609187
2025-10-27 12:00:00,115353.1,115442.3,114600.0,115262.2,957.26537013
2025-10-27 14:00:00,115262.3,115370.8,114500.0,114959.8,1213.42220278
2025-10-27 16:00:00,114959.9,115723.5,114875.1,115701.1,682.9552558
2025-10-27 18:00:00,115700.5,115800.0,114792.8,114949.3,588.85462498
2025-10-27 20:00:00,114949.9,114949.9,114100.0,114310.5,668.84062186
2025-10-27 22:00:00,114310.6,114589.9,113850.0,114111.7,638.47811436
2025-10-28 00:00:00,114111.8,114535.6,113789.4,114419.9,583.44632131
2025-10-28 02:00:00,114419.9,114470.0,113573.5,113917.8,469.43290097
2025-10-28 04:00:00,113917.9,114069.8,113440.3,113612.0,328.75220021
2025-10-28 06:00:00,113614.4,114366.8,113608.0,114179.5,559.4212104
2025-10-28 08:00:00,114179.4,114629.9,114097.6,114515.4,534.97979015
2025-10-28 10:00:00,114515.4,114659.9,114280.2,114339.7,248.30708656
2025-10-28 12:00:00,114339.6,115526.8,114138.0,115526.0,850.04926878
2025-10-28 14:00:00,115526.1,116100.0,114240.0,114646.0,1423.78848004
2025-10-28 16:00:00,114644.1,115590.0,114540.0,115300.6,396.36064913
2025-10-28 18:00:00,115300.7,115379.2,113567.0,113690.0,1032.68889068
2025-10-28 20:00:00,113690.0,113700.1,112200.0,113000.7,1137.12267538
2025-10-28 22:00:00,113001.1,113289.0,112770.3,112892.9,305.17611801
2025-10-29 00:00:00,112892.9,112975.0,112084.7,112480.1,679.31018551
2025-10-29 02:00:00,112480.1,112777.7,112324.8,112510.6,328.41609112
2025-10-29 04:00:00,112509.3,113349.4,112487.8,113023.5,466.43696178
2025-10-29 06:00:00,113023.5,113561.1,112946.7,113559.9,649.60881329
2025-10-29 08:00:00,113560.0,113618.0,112768.3,112980.0,841.26087838
2025-10-29 10:00:00,112980.0,113250.0,112730.0,113131.1,492.36379929
2025-10-29 12:00:00,113131.1,113652.8,112714.0,112878.5,1043.1872536
2025-10-29 14:00:00,112875.1,112920.0,111405.1,111514.5,2011.70072281
2025-10-29 16:00:00,111514.5,111920.0,110946.4,111860.0,1269.20310536
2025-10-29 18:00:00,111860.0,112020.0,109145.5,110651.4,2348.64623326
2025-10-29 20:00:00,110654.0,111790.0,110400.1,111609.9,408.78997561
2025-10-29 22:00:00,111610.0,111620.0,109721.8,110024.2,526.00373665
2025-10-30 00:00:00,110024.2,110733.0,109723.2,110459.0,438.22665073
2025-10-30 02:00:00,110459.0,111000.0,110316.4,110756.1,306.3844427
2025-10-30 04:00:00,110755.7,110760.4,107909.5,110259.1,1733.5955518
2025-10-30 06:00:00,110259.0,111600.0,109985.7,111367.2,645.75016029
2025-10-30 08:00:00,111367.3,111433.9,110114.7,110175.2,611.95476424
2025-10-30 10:00:00,110175.2,110227.1,109685.1,109716.9,429.72250677
2025-10-30 12:00:00,109717.0,109788.1,107400.0,107635.2,1861.09568358
2025-10-30 14:00:00,107640.9,108381.8,107323.9,107716.1,1051.96789827
2025-10-30 16:00:00,107716.2,108215.7,106807.7,107490.8,950.87984643
2025-10-30 18:00:00,107490.9,107550.3,106308.9,106536.4,736.91450625
2025-10-30 20:00:00,106536.5,107948.7,106316.6,107913.0,632.28835797
2025-10-30 22:00:00,107914.0,108348.5,107470.9,108311.6,436.8377401
2025-10-31 00:00:00,108311.7,110028.0,108269.2,109624.9,765.75320526
2025-10-31 02:00:00,109624.9,109689.0,108560.0,109219.1,626.77872506
2025-10-31 04:00:00,109219.1,110214.3,109092.2,109895.8,698.1604488
2025-10-31 06:00:00,109895.9,109966.9,109250.8,109434.1,476.02339966
2025-10-31 08:00:00,109434.1,110450.0,109201.6,109849.9,1240.18637907
2025-10-31 10:00:00,109850.1,110550.2,109475.0,110429.1,533.97777305
2025-10-31 12:00:00,110424.8,110705.6,109377.3,110149.0,954.33350691
2025-10-31 14:00:00,110150.0,111172.7,109586.0,110188.7,1492.05868351
2025-10-31 16:00:00,110180.8,110299.0,108630.3,109293.8,1609.59222998
2025-10-31 18:00:00,109292.1,110236.0,108975.0,109825.1,1148.59179628
2025-10-31 20:00:00,109825.1,109825.1,109314.0,109569.9,529.79684976
2025-10-31 22:00:00,109570.0,109799.0,109480.1,109604.1,158.12311357
2025-11-01 00:00:00,109604.1,110070.1,109390.0,109730.0,301.09583719
2025-11-01 02:00:00,109730.0,110297.5,109479.5,110232.4,341.92387454
2025-11-01 04:00:00,110232.4,110548.0,110038.9,110130.2,376.87602134
2025-11-01 06:00:00,110130.2,110249.9,109949.0,110072.7,238.82045703
2025-11-01 08:00:00,110072.7,110267.1,109970.3,109989.9,222.67590906
2025-11-01 10:00:00,109990.0,110225.0,109806.6,110136.0,408.02497426
2025-11-01 12:00:00,110136.0,110200.0,109714.6,109949.1,314.80286024
2025-11-01 14:00:00,109949.0,110351.2,109730.0,110300.2,282.69113147
2025-11-01 16:00:00,110299.4,110522.0,110175.0,110204.0,289.92846452
2025-11-01 18:00:00,110204.1,110370.0,110187.0,110301.0,47.71222621
2025-11-01 20:00:00,110301.1,110521.9,109862.0,109865.6,117.80750268
2025-11-01 22:00:00,109865.6,110142.8,109865.6,110096.0,133.28998487
2025-11-02 00:00:00,110096.0,110141.5,109900.0,109979.9,128.4272061
2025-11-02 02:00:00,109979.8,110259.3,109880.4,110050.3,160.19956717
2025-11-02 04:00:00,110050.4,110788.0,110016.9,110507.1,422.52682836
2025-11-02 06:00:00,110507.1,111039.9,110300.0,110892.9,269.21045127
2025-11-02 08:00:00,110893.0,111041.5,110500.0,110701.0,315.67147896
2025-11-02 10:00:00,110701.0,111237.0,110345.7,111196.0,760.6522252
2025-11-02 12:00:00,111196.0,111245.5,110184.1,110566.4,234.18390046
2025-11-02 14:00:00,110566.5,110672.0,110096.8,110117.0,408.90768972
2025-11-02 16:00:00,110117.1,110269.9,109747.7,110189.9,513.8104546
2025-11-02 18:00:00,110189.9,110340.2,109970.1,110178.0,212.8837008
2025-11-02 20:00:00,110178.3,110217.2,109900.0,110007.3,181.14455395
2025-11-02 22:00:00,110007.5,110750.0,109500.0,110550.0,687.6724379
2025-11-03 00:00:00,110550.0,110757.5,109375.0,109672.5,724.55653237
2025-11-03 02:00:00,109672.0,109752.5,107910.0,107938.0,2092.90238216
2025-11-03 04:00:00,107938.0,108069.9,107403.1,107608.5,778.96360755
2025-11-03 06:00:00,107608.6,107839.8,107016.0,107480.1,1121.11817026
2025-11-03 08:00:00,107480.1,107919.0,106971.9,107219.9,705.49058709
2025-11-03 10:00:00,107219.9,107906.5,106762.0,107793.6,653.73497256
2025-11-03 12:00:00,107794.4,108253.4,107573.0,107905.1,767.67488147
2025-11-03 14:00:00,107905.1,108319.9,105500.0,105746.9,2588.94809889
2025-11-03 16:00:00,105747.0,107757.1,105305.0,107467.3,1247.95504055
2025-11-03 18:00:00,107467.3,107590.2,106438.9,107083.5,426.66548253
2025-11-03 20:00:00,107083.6,107167.7,106057.3,106899.0,409.65620162
2025-11-03 22:00:00,106894.9,106894.9,105822.8,106584.3,283.44893228
2025-11-04 00:00:00,106584.1,107283.7,105856.6,107032.2,556.20755666
2025-11-04 02:00:00,107032.1,107233.1,106222.0,107150.7,443.94721777
2025-11-04 04:00:00,107150.8,107291.6,104200.0,104218.9,1446.93104265
2025-11-04 06:00:00,104218.8,105233.8,104155.5,104498.8,1408.05535485
2025-11-04 08:00:00,104498.7,104631.1,103606.3,103850.0,1071.9746664
2025-11-04 10:00:00,103849.9,104694.4,103610.0,104581.7,635.72835252
2025-11-04 12:00:00,104581.7,104637.0,103568.0,103912.9,726.4780614
2025-11-04 14:00:00,103912.9,104851.9,102926.1,103205.9,1713.48933034
2025-11-04 16:00:00,103205.9,103500.8,100800.0,101106.7,2270.53236643
2025-11-04 18:00:00,101111.1,101725.9,100000.0,100533.1,1732.28651535
2025-11-04 20:00:00,100533.1,101124.0,98941.2,100318.0,2520.08922715
2025-11-04 22:00:00,100324.9,101888.8,100091.8,101490.4,1011.84558076
2025-11-05 00:00:00,101491.5,101748.2,98968.4,100740.6,1669.24985138
2025-11-05 02:00:00,100747.1,102275.3,100747.0,102145.8,1904.77527494
2025-11-05 04:00:00,102145.8,102352.9,101530.8,101821.2,557.50889196
2025-11-05 06:00:00,101820.6,102167.7,101493.9,101996.4,1040.29648628
2025-11-05 08:00:00,101996.5,102210.6,101172.0,101994.3,753.45852332
2025-11-05 10:00:00,101995.8,102112.7,101298.4,102074.0,387.52190052
2025-11-05 12:00:00,102074.0,103248.7,101920.1,102982.1,784.6798609
2025-11-05 14:00:00,102982.0,103802.4,102124.7,103730.4,1107.25122165
2025-11-05 16:00:00,103730.4,104043.3,103076.6,103913.5,689.38381372
2025-11-05 18:00:00,103911.4,104546.5,103771.0,104007.0,482.99371486
2025-11-05 20:00:00,104007.0,104543.2,103510.8,103675.1,372.03573287
2025-11-05 22:00:00,103675.1,104099.7,103299.2,103883.0,333.30483596
2025-11-06 00:00:00,103882.9,103899.4,102717.4,103373.2,612.39224404
2025-11-06 02:00:00,103373.2,103957.0,102867.3,103654.7,485.72546399
2025-11-06 04:00:00,103654.7,104210.0,103079.1,103153.1,537.3666153
2025-11-06 06:00:00,103153.2,103617.1,102925.6,103188.9,684.56774031
2025-11-06 08:00:00,103188.8,103450.0,102828.3,102828.3,391.25829247
2025-11-06 10:00:00,102828.4,103314.8,102646.7,103237.9,340.61609582
2025-11-06 12:00:00,103238.0,103636.2,102388.0,103327.5,537.55121809
2025-11-06 14:00:00,103324.6,103584.1,101625.0,102015.2,1326.63299809
2025-11-06 16:00:00,102014.0,102395.3,100257.0,101794.2,1642.91461669
2025-11-06 18:00:00,101794.2,102340.0,100911.9,101389.7,1098.48428894
2025-11-06 20:00:00,101389.6,101650.0,100543.4,101120.0,700.58240094
2025-11-06 22:00:00,101121.1,101531.3,101002.0,101349.9,402.04206675
2025-11-07 00:00:00,101350.0,101880.5,100750.7,101544.0,1018.69840082
2025-11-07 02:00:00,101544.0,102344.9,101255.0,101913.9,482.0528274
2025-11-07 04:00:00,101913.9,102528.0,101580.9,102451.4,482.51005013
2025-11-07 06:00:00,102451.5,102507.8,101640.0,102036.0,648.25307217
2025-11-07 08:00:00,102036.1,102072.1,100791.1,101008.9,900.2546844
2025-11-07 10:00:00,101008.9,101262.9,99803.9,100403.1,971.17138783
2025-11-07 12:00:00,100403.1,100625.0,99267.9,100337.0,1379.76214982
2025-11-07 14:00:00,100336.6,101260.4,99525.0,100802.5,1649.79807033
2025-11-07 16:00:00,100802.6,102707.0,100511.0,102390.2,1168.96813421
2025-11-07 18:00:00,102390.3,103400.0,102290.5,103393.2,676.58924634
2025-11-07 20:00:00,103393.2,103896.0,102930.5,103874.9,550.40324335
2025-11-07 22:00:00,103875.0,104082.6,103325.5,103335.4,352.65905481
2025-11-08 00:00:00,103335.4,103410.0,102523.8,103008.0,499.83544694
2025-11-08 02:00:00,103008.0,103335.9,102587.5,102587.6,357.92137134
2025-11-08 04:00:00,102587.6,102831.2,102283.8,102306.1,217.15096839
2025-11-08 06:00:00,102306.1,102526.2,101912.0,102350.3,428.50930264
2025-11-08 08:00:00,102350.3,102688.4,102162.3,102400.0,235.19906731
2025-11-08 10:00:00,102400.1,102646.3,101725.0,101860.7,239.49692709
2025-11-08 12:00:00,101860.7,102207.0,101729.6,101812.4,330.69966672
2025-11-08 14:00:00,101816.0,102094.7,101474.3,101725.1,406.37922894
2025-11-08 16:00:00,101724.0,102011.9,101527.0,101995.2,318.19602675
2025-11-08 18:00:00,101995.2,102226.1,101524.5,101980.8,252.10681461
2025-11-08 20:00:00,101980.8,102375.9,101951.3,102280.0,108.50561296
2025-11-08 22:00:00,102280.1,102496.4,102181.9,102320.1,141.89342241
2025-11-09 00:00:00,102320.1,102353.9,101629.6,102052.1,358.29304577
2025-11-09 02:00:00,102052.1,102052.1,101375.0,101659.3,303.9744791
2025-11-09 04:00:00,101659.3,102135.1,101635.5,101928.0,320.93564363
2025-11-09 06:00:00,101927.6,101975.0,101686.0,101943.1,254.86614384
2025-11-09 08:00:00,101943.1,102126.9,101630.0,101658.8,411.47464703
2025-11-09 10:00:00,101658.8,102315.5,101515.0,102243.9,313.8458881
2025-11-09 12:00:00,102243.9,103000.0,102058.0,102914.5,416.59531378
2025-11-09 14:00:00,102914.5,104187.6,102770.0,103753.1,1008.04976628
2025-11-09 16:00:00,103753.0,103963.0,103333.1,103644.9,331.82466907
2025-11-09 18:00:00,103645.0,104830.9,103511.6,104806.1,547.92896993
2025-11-09 20:00:00,104806.2,105062.5,104318.1,104532.4,330.25553205
2025-11-09 22:00:00,104533.1,105478.0,104081.3,104722.4,536.59178371
2025-11-10 00:00:00,104722.5,106663.2,104274.5,105724.4,1237.97565717
2025-11-10 02:00:00,105724.4,106291.2,105604.9,106034.9,608.12433509
2025-11-10 04:00:00,106038.0,106470.9,105846.7,106099.9,481.42698649
2025-11-10 06:00:00,106100.0,106530.5,105952.4,106464.6,574.44533902
2025-11-10 08:00:00,106464.6,106614.0,105840.2,106456.8,647.24525174
2025-11-10 10:00:00,106456.9,106475.6,105958.0,106188.3,297.70790704
2025-11-10 12:00:00,106188.2,106600.0,105875.1,106543.8,558.55046534
2025-11-10 14:00:00,106543.8,106543.9,104680.0,105078.8,1351.98857614
2025-11-10 16:00:00,105080.4,105985.2,104794.9,105952.1,640.30087322
2025-11-10 18:00:00,105952.5,106088.0,105414.7,105823.1,522.07645582
2025-11-10 20:00:00,105823.1,106300.0,105283.6,105626.2,643.03015138
2025-11-10 22:00:00,105632.9,106275.4,105371.0,106012.0,471.16164761
2025-11-11 00:00:00,106012.0,107500.0,105500.0,106103.4,1077.65392148
2025-11-11 02:00:00,106103.5,107153.4,105616.4,106472.9,1407.80362326
2025-11-11 04:00:00,106473.8,106559.0,105175.0,105264.9,762.76489709
2025-11-11 06:00:00,105265.0,105350.0,104755.0,104803.1,997.01549721
2025-11-11 08:00:00,104803.1,105487.0,104775.1,104976.3,457.8976589
2025-11-11 10:00:00,104976.0,105500.0,104930.2,105307.9,303.45704368
2025-11-11 12:00:00,105308.0,105500.0,104238.0,104406.0,1014.19360459
2025-11-11 14:00:00,104408.0,104692.7,103200.0,103472.9,1360.90361652
2025-11-11 16:00:00,103472.9,103743.5,102852.8,103339.7,677.22375249
2025-11-11 18:00:00,103339.7,103574.9,102878.4,103130.3,520.56217099
2025-11-11 20:00:00,103131.4,103233.3,102500.0,102652.0,508.66937342
2025-11-11 22:00:00,102652.0,103223.3,102514.0,103061.7,333.66546819
2025-11-12 00:00:00,103062.2,103382.7,102680.0,103257.3,462.33877909
2025-11-12 02:00:00,103257.4,103448.2,102950.0,103322.8,366.93125208
2025-11-12 04:00:00,103322.8,103472.0,103028.8,103397.0,206.57011609
2025-11-12 06:00:00,103397.1,103649.9,103075.0,103126.5,331.93997613
2025-11-12 08:00:00,103126.5,105089.5,103126.5,104518.9,1267.27779863
2025-11-12 10:00:00,104518.9,105199.9,104507.5,105024.5,554.29754902
2025-11-12 12:00:00,105024.9,105332.8,104612.9,105044.0,483.02371755
2025-11-12 14:00:00,105043.0,105043.0,102000.0,102182.0,1689.9667779
2025-11-12 16:00:00,102181.9,102300.2,101341.0,101750.0,1362.70784935
2025-11-12 18:00:00,101750.0,101946.9,100800.0,101296.5,682.94004098
2025-11-12 20:00:00,101296.5,101924.4,101141.0,101924.4,353.23063211
2025-11-12 22:00:00,101923.7,102000.0,101437.9,101658.0,318.24836414
2025-11-13 00:00:00,101658.0,102613.7,101467.0,102017.5,568.84866905
2025-11-13 02:00:00,102017.5,102565.0,100907.8,102131.9,890.13910365
2025-11-13 04:00:00,102132.0,103399.9,101666.6,103142.9,909.60136598
2025-11-13 06:00:00,103144.8,104039.0,102907.0,103476.0,1040.82796718
2025-11-13 08:00:00,103476.1,103813.6,102559.2,102831.0,1043.45265635
2025-11-13 10:00:00,102831.1,103274.9,102693.7,102938.1,364.66280649
2025-11-13 12:00:00,102938.0,103281.3,102151.5,102323.8,701.29381001
2025-11-13 14:00:00,102324.6,103486.2,101200.0,101388.5,2010.53366114
2025-11-13 16:00:00,101388.3,101535.9,99625.0,99652.9,2042.28762378
2025-11-13 18:00:00,99652.0,99921.2,98150.1,98680.5,2239.25530326
2025-11-13 20:00:00,98680.4,99000.0,98000.9,98814.7,924.69333287
2025-11-13 22:00:00,98814.7,100499.9,98698.7,99688.7,749.73830097
2025-11-14 00:00:00,99688.7,99788.0,98703.6,99254.2,842.11089795
2025-11-14 02:00:00,99255.0,99876.3,98796.0,99149.4,472.34528432
2025-11-14 04:00:00,99149.5,99187.9,96699.7,97523.4,2091.02135001
2025-11-14 06:00:00,97523.4,97739.0,95925.8,97154.4,1716.46136849
2025-11-14 08:00:00,97154.4,97541.9,96671.1,96855.2,745.11316564
2025-11-14 10:00:00,96855.1,97289.2,95708.1,96180.1,766.29043068
2025-11-14 12:00:00,96180.0,96180.0,94551.0,95249.8,2577.04354182
2025-11-14 14:00:00,95249.7,97339.6,94965.3,96802.9,2318.43975193
2025-11-14 16:00:00,96803.0,97407.5,95612.3,95856.7,1198.79172883
2025-11-14 18:00:00,95856.5,96330.3,94800.0,95776.0,812.4015449
2025-11-14 20:00:00,95777.6,95940.5,94203.5,95058.4,1053.88170694
2025-11-14 22:00:00,95055.1,95476.0,94000.1,94581.9,719.98924678
2025-11-15 00:00:00,94581.9,95794.1,94558.9,95655.8,601.38326405
2025-11-15 02:00:00,95655.8,96818.1,95405.1,96412.1,593.46153079
2025-11-15 04:00:00,96412.0,96508.9,95908.2,96344.2,349.12241536
2025-11-15 06:00:00,96344.3,96586.1,95967.9,96336.7,360.79969003
2025-11-15 08:00:00,96336.8,96355.0,95650.6,95820.5,394.06369286
2025-11-15 10:00:00,95820.4,96064.9,95633.1,95701.0,171.40414692
2025-11-15 12:00:00,95701.0,96370.6,95577.0,96367.2,260.93957708
2025-11-15 14:00:00,96367.2,96475.7,96025.7,96265.2,278.87167948
2025-11-15 16:00:00,96265.2,96403.1,95719.0,96226.1,378.21772456
2025-11-15 18:00:00,96226.0,96348.2,95925.9,96013.7,151.18192807
2025-11-15 20:00:00,96013.8,96024.8,95126.0,95279.7,236.96173441
2025-11-15 22:00:00,95279.9,95701.5,95233.5,95603.0,125.45669633
2025-11-16 00:00:00,95603.1,95708.6,94854.4,95275.2,368.40147114
2025-11-16 02:00:00,95275.2,95975.0,95103.3,95820.3,231.16657071
2025-11-16 04:00:00,95820.3,96185.0,95650.2,95884.4,209.41181194
2025-11-16 06:00:00,95884.5,96100.0,95736.9,96092.6,379.65727215
2025-11-16 08:00:00,96092.7,96626.6,95861.0,96621.7,265.63100834
2025-11-16 10:00:00,96621.5,96621.5,95509.3,95638.8,457.21049097
2025-11-16 12:00:00,95638.8,95918.2,95124.0,95420.9,360.59256366
2025-11-16 14:00:00,95421.0,95690.7,94383.1,94589.7,498.16058852
2025-11-16 16:00:00,94589.7,94952.9,93784.8,94385.7,1229.39880832
2025-11-16 18:00:00,94385.8,95569.9,93800.0,94032.1,780.40790208
2025-11-16 20:00:00,94032.1,94745.8,93380.0,93505.9,610.31234975
2025-11-16 22:00:00,93505.9,94545.7,93000.0,94269.5,953.98664079
2025-11-17 00:00:00,94269.5,95495.1,93778.4,94782.4,747.67495453
2025-11-17 02:00:00,94782.4,95584.3,94719.5,95508.2,412.59565775
2025-11-17 04:00:00,95508.3,95581.6,94893.0,95140.3,451.65758794
2025-11-17 06:00:00,95140.3,95880.4,94907.9,95652.6,631.32658539
2025-11-17 08:00:00,95652.6,96020.0,95290.0,95654.9,481.13146187
2025-11-17 10:00:00,95655.0,95937.9,95394.5,95570.2,406.48507569
2025-11-17 12:00:00,95570.1,95573.9,93560.3,93963.9,1038.99954736
2025-11-17 14:00:00,93963.9,96055.8,93770.1,93958.8,1421.75264041
2025-11-17 16:00:00,93960.3,94418.9,92678.0,92759.1,1407.912242
2025-11-17 18:00:00,92761.7,93211.4,91600.0,91685.5,1340.47315979
2025-11-17 20:00:00,91686.8,92264.0,91313.7,91959.1,1029.14369814
2025-11-17 22:00:00,91959.3,92397.0,91794.4,92226.8,706.58823963
2025-11-18 00:00:00,92226.8,92372.9,91212.0,91712.7,1038.0389178
2025-11-18 02:00:00,91712.6,91750.0,89688.4,90841.1,2524.30376144
2025-11-18 04:00:00,90841.0,90860.3,89281.8,90223.0,1824.54408078
2025-11-18 06:00:00,90223.4,90550.0,89354.6,90508.1,1068.628726
2025-11-18 08:00:00,90509.8,91477.9,90509.8,91393.2,1557.57770323
2025-11-18 10:00:00,91393.1,91605.9,91240.7,91523.9,748.52412422
2025-11-18 12:00:00,91524.5,91878.7,90932.0,91479.5,776.59258556
2025-11-18 14:00:00,91479.6,93024.7,91022.2,92906.2,1639.54721774
2025-11-18 16:00:00,92906.3,93836.5,92585.4,93259.8,978.33571115
2025-11-18 18:00:00,93259.9,93762.8,92988.7,93176.9,423.66096653
2025-11-18 20:00:00,93177.1,93301.8,92463.5,92496.1,274.56680523
2025-11-18 22:00:00,92496.2,93417.9,92490.6,92967.1,292.15293964
2025-11-19 00:00:00,92967.1,92992.3,91900.0,92447.0,700.62360324
2025-11-19 02:00:00,92447.0,92873.5,91682.5,91892.3,520.86900885
2025-11-19 04:00:00,91892.1,91988.3,90030.8,90470.0,1024.27952802
2025-11-19 06:00:00,90470.0,92016.4,90290.0,91861.7,727.77479695
2025-11-19 08:00:00,91861.7,91950.1,91074.4,91512.9,527.95663765
2025-11-19 10:00:00,91513.1,91783.4,91228.7,91403.0,337.6378156
2025-11-19 12:00:00,91403.1,91894.5,91213.7,91399.9,534.69688715
2025-11-19 14:00:00,91400.0,92387.6,89875.0,89951.1,1248.80204622
2025-11-19 16:00:00,89947.7,90227.4,88889.0,89500.7,1266.23710729
2025-11-19 18:00:00,89500.7,89722.2,88630.0,88882.9,987.74085032
2025-11-19 20:00:00,88883.0,90854.3,88611.7,90610.1,838.26524645
2025-11-19 22:00:00,90610.0,91597.0,90110.0,91561.1,571.09672066
2025-11-20 00:00:00,91561.0,92718.0,91191.9,92599.9,679.30476011
2025-11-20 02:00:00,92600.0,92805.7,92319.4,92441.9,539.24770067
2025-11-20 04:00:00,92441.7,93158.5,92132.7,92625.7,625.39857332
2025-11-20 06:00:00,92625.7,92856.2,91700.0,92323.0,664.92632022
2025-11-20 08:00:00,92323.0,92408.6,91435.0,91903.3,634.91915209
2025-11-20 10:00:00,91903.0,92057.9,91500.0,91937.1,378.80821634
2025-11-20 12:00:00,91937.1,92550.0,91488.0,91528.0,605.25989603
2025-11-20 14:00:00,91528.1,91723.7,89810.3,89862.5,1178.20092394
2025-11-20 16:00:00,89862.5,89909.7,86333.1,87235.4,4738.01608207
2025-11-20 18:00:00,87235.3,87763.9,86100.0,86922.8,1417.53220378
2025-11-20 20:00:00,86922.7,87679.9,86332.0,87294.3,962.34965625
2025-11-20 22:00:00,87294.1,88259.1,86563.2,86636.1,790.62598927
2025-11-21 00:00:00,86638.0,87504.5,86590.4,87056.0,657.2073138
2025-11-21 02:00:00,87056.0,87070.1,85349.1,85831.5,1514.34534828
2025-11-21 04:00:00,85831.3,86350.9,85406.1,86185.0,837.94702523
2025-11-21 06:00:00,86190.0,86257.0,81330.7,84061.1,5224.9846227
2025-11-21 08:00:00,84062.3,84709.7,82124.6,82220.1,2336.68762978
2025-11-21 10:00:00,82220.0,83359.5,81660.0,82321.0,1933.26693712
2025-11-21 12:00:00,82320.0,84433.1,80636.3,84114.0,2691.37729607
2025-11-21 14:00:00,84114.0,85498.1,82751.8,82938.3,2726.31127181
2025-11-21 16:00:00,82938.2,85569.8,82337.3,84869.5,2016.36193041
2025-11-21 18:00:00,84869.7,85083.4,83300.0,84214.1,1313.28579542
2025-11-21 20:00:00,84213.9,85411.6,83457.3,85181.7,556.61166496
2025-11-21 22:00:00,85181.9,85396.1,84116.0,85135.0,487.99052492
2025-11-22 00:00:00,85135.0,85618.8,84567.7,85175.0,556.69664228
2025-11-22 02:00:00,85175.1,85205.4,84214.6,84449.9,469.16515969
2025-11-22 04:00:00,84449.9,84550.5,83836.2,84281.0,411.95529473
2025-11-22 06:00:00,84281.0,84798.6,84081.3,84583.2,409.28586326
2025-11-22 08:00:00,84583.1,84588.0,83852.7,83930.0,1299.53646124
2025-11-22 10:00:00,83930.0,84344.7,83503.5,84098.5,510.35501983
2025-11-22 12:00:00,84098.6,84163.1,83617.7,83945.9,437.14541715
2025-11-22 14:00:00,83946.1,84750.0,83936.6,84282.9,472.98474107
2025-11-22 16:00:00,84282.9,84901.7,84223.2,84553.1,299.16795667
2025-11-22 18:00:00,84553.1,84792.0,84473.9,84605.0,158.4961155
2025-11-22 20:00:00,84605.1,84799.8,84236.3,84414.0,172.46543437
2025-11-22 22:00:00,84414.1,85269.8,84282.0,84741.1,309.75295651
2025-11-23 00:00:00,84741.2,86159.3,84679.3,85882.3,638.27332452
2025-11-23 02:00:00,85882.9,86348.0,85682.5,86308.5,495.86009375
2025-11-23 04:00:00,86308.6,86872.8,86000.0,86364.2,590.43123361
2025-11-23 06:00:00,86364.3,86509.2,85416.6,85769.2,544.37069796
2025-11-23 08:00:00,85769.3,86482.4,85763.3,86407.6,398.01906813
2025-11-23 10:00:00,86407.6,86463.9,85838.1,86343.4,496.20644097
2025-11-23 12:00:00,86343.5,86932.4,86277.0,86929.4,398.52062362
2025-11-23 14:00:00,86929.4,87240.0,86449.3,87084.1,705.48049424
2025-11-23 16:00:00,87084.0,87497.5,86506.1,86743.9,577.58898104
2025-11-23 18:00:00,86744.0,87678.9,86724.0,87322.3,367.37733354
2025-11-23 20:00:00,87322.4,87998.0,87164.5,87997.9,300.22348745
2025-11-23 22:00:00,87997.9,88129.3,86733.3,86846.6,556.12319584
2025-11-24 00:00:00,86846.7,87211.9,85948.8,87073.1,765.22151995
2025-11-24 02:00:00,87076.1,88065.5,87027.6,87451.3,591.53320523
2025-11-24 04:00:00,87451.3,87837.0,86450.0,87473.1,688.08639351
2025-11-24 06:00:00,87473.2,87519.1,86700.0,87045.4,545.44616573
2025-11-24 08:00:00,87045.5,87045.5,85815.5,85947.7,702.96865202
2025-11-24 10:00:00,85947.8,86438.5,85685.8,86277.3,612.7018748
2025-11-24 12:00:00,86277.2,86569.9,85888.0,86149.1,617.39471232
2025-11-24 14:00:00,86149.0,86747.5,85278.2,86615.8,1130.4685334
2025-11-24 16:00:00,86615.8,88448.0,86615.7,88365.3,1240.29756735
2025-11-24 18:00:00,88365.5,88840.5,88118.8,88333.6,773.40295522
2025-11-24 20:00:00,88330.9,89230.5,88330.9,88754.9,669.16278981
2025-11-24 22:00:00,88754.9,89091.4,88240.3,88281.8,329.73696601
2025-11-25 00:00:00,88281.8,88290.2,87720.0,87736.1,543.79103275
2025-11-25 02:00:00,87736.2,88040.0,87459.9,87812.1,562.2347207
2025-11-25 04:00:00,87812.0,88507.3,87788.3,88118.0,511.36855682
2025-11-25 06:00:00,88118.1,88149.9,87333.0,87397.5,561.3959368
2025-11-25 08:00:00,87397.6,87621.7,86675.1,87225.4,951.40974163
2025-11-25 10:00:00,87225.4,87542.7,86928.6,87365.0,384.48047155
2025-11-25 12:00:00,87365.1,87765.2,86857.1,87077.6,668.73709598
2025-11-25 14:00:00,87077.7,87303.7,86118.2,86987.9,876.07528457
2025-11-25 16:00:00,86988.1,88141.6,86704.0,87617.0,599.04561295
2025-11-25 18:00:00,87617.1,87827.7,86182.5,86878.0,530.10464997
2025-11-25 20:00:00,86878.1,87456.4,86712.2,87032.5,288.55574065
2025-11-25 22:00:00,87032.6,87882.1,86582.8,87359.1,341.52655802
2025-11-26 00:00:00,87359.1,88224.2,87334.1,87918.9,408.49843972
2025-11-26 02:00:00,87919.0,88085.0,87075.9,87120.0,415.47616255
2025-11-26 04:00:00,87120.1,87739.9,86902.0,87515.4,351.42657925
2025-11-26 06:00:00,87515.4,87975.0,87455.4,87934.8,428.53545414
2025-11-26 08:00:00,87934.8,87939.6,86760.7,86843.5,575.95043485
2025-11-26 10:00:00,86843.5,87104.1,86675.2,87098.7,230.13439189
2025-11-26 12:00:00,87097.0,87181.8,86317.4,87132.8,549.129094
2025-11-26 14:00:00,87132.9,87685.7,86674.1,86965.0,983.24155379
2025-11-26 16:00:00,86965.0,89958.0,86949.3,89823.0,1411.88565118
2025-11-26 18:00:00,89823.0,90423.6,89666.6,89961.9,891.92061287
2025-11-26 20:00:00,89962.0,90484.9,89510.7,90185.2,514.34193569
2025-11-26 22:00:00,90185.3,90646.1,90127.4,90482.1,574.65569445
2025-11-27 00:00:00,90482.1,91227.1,90090.0,91141.9,759.87834573
2025-11-27 02:00:00,91141.5,91878.4,90875.0,91078.5,1343.79823545
2025-11-27 04:00:00,91078.4,91538.4,90888.0,90961.0,498.56399075
2025-11-27 06:00:00,90961.1,91496.7,90961.1,91396.1,496.46956374
2025-11-27 08:00:00,91396.2,91949.5,91219.4,91554.0,740.18867783
2025-11-27 10:00:00,91554.0,91737.0,91300.0,91368.8,665.14402465
2025-11-27 12:00:00,91368.8,91450.8,90440.0,90856.8,898.64419428
2025-11-27 14:00:00,90856.8,90983.3,90579.8,90959.9,364.46462339
2025-11-27 16:00:00,90959.8,91628.3,90852.0,91476.9,325.40230616
2025-11-27 18:00:00,91477.0,91837.0,91347.5,91536.8,259.99068567
2025-11-27 20:00:00,91536.8,91605.0,91225.6,91410.0,200.02100009
2025-11-27 22:00:00,91410.0,91585.4,91111.0,91330.3,204.30705965
2025-11-28 00:00:00,91330.2,91413.5,90787.3,90800.0,312.05084451
2025-11-28 02:00:00,90800.0,91304.9,90654.6,91211.0,475.71444293
2025-11-28 04:00:00,91211.0,91709.9,91125.6,91599.9,534.10803786
2025-11-28 06:00:00,91600.0,91600.0,90837.8,90902.7,985.85294624
2025-11-28 08:00:00,90902.0,91849.9,90899.0,91598.6,780.11876629
2025-11-28 10:00:00,91598.7,92000.0,91054.0,91432.4,438.57037167
2025-11-28 12:00:00,91432.5,92623.6,91370.0,92361.4,514.76199704
2025-11-28 14:00:00,92361.5,93079.0,91815.9,92356.1,1323.0810615
2025-11-28 16:00:00,92356.1,92374.2,90213.9,90671.6,938.07660815
2025-11-28 18:00:00,90671.5,91196.9,90433.1,91146.8,357.66523882
2025-11-28 20:00:00,91146.9,91237.8,90864.3,90880.0,569.56513734
2025-11-28 22:00:00,90880.1,91191.4,90700.0,90890.5,207.09524409
2025-11-29 00:00:00,90890.6,91116.6,90761.0,90882.2,121.40767251
2025-11-29 02:00:00,90878.9,90926.0,90537.0,90675.0,172.47373596
2025-11-29 04:00:00,90675.9,90920.0,90552.2,90750.9,113.99714828
2025-11-29 06:00:00,90751.0,90823.7,90315.0,90563.8,806.2901089
2025-11-29 08:00:00,90563.8,90730.1,90475.5,90559.0,927.93095854
2025-11-29 10:00:00,90559.0,90680.0,90373.5,90675.0,172.04590996
2025-11-29 12:00:00,90675.1,90805.6,90531.1,90780.8,104.04408775
2025-11-29 14:00:00,90780.9,91101.0,90619.1,91068.0,451.18176654
2025-11-29 16:00:00,91068.0,91171.0,90430.5,90430.5,232.6575381
2025-11-29 18:00:00,90430.5,90847.8,90168.0,90646.0,238.23015729
2025-11-29 20:00:00,90646.1,91050.0,90406.9,91013.2,170.58261416
2025-11-29 22:00:00,91013.3,91013.3,90660.2,90801.9,132.94895207
2025-11-30 00:00:00,90801.9,91051.4,90764.0,90905.1,87.29267728
2025-11-30 02:00:00,90905.1,91035.4,90465.7,90918.3,134.62956639
2025-11-30 04:00:00,90918.3,90974.0,90675.9,90786.3,143.82163753
2025-11-30 06:00:00,90786.4,91049.7,90718.0,90959.9,652.21728048
2025-11-30 08:00:00,90960.0,91624.2,90924.8,91407.0,621.05360283
2025-11-30 10:00:00,91407.0,91461.4,90986.4,91048.0,108.38026411
2025-11-30 12:00:00,91048.0,91972.1,91003.1,91769.4,289.68462982
2025-11-30 14:00:00,91769.4,91777.0,91258.8,91439.9,190.72042369
2025-11-30 16:00:00,91440.0,91855.0,91311.5,91490.1,150.32089642
2025-11-30 18:00:00,91490.1,91497.3,91158.0,91464.0,132.89159674
2025-11-30 20:00:00,91464.0,91628.5,90870.6,91170.5,219.92634843
2025-11-30 22:00:00,91170.4,91342.3,90351.3,90367.3,357.23301653
2025-12-01 00:00:00,90367.2,90421.5,86951.0,87167.1,2492.16295928
2025-12-01 02:00:00,87169.7,87504.0,86179.7,86359.9,1098.28328932
2025-12-01 04:00:00,86360.0,86369.3,85615.6,86016.1,853.61031495
2025-12-01 06:00:00,86016.0,86578.5,85980.0,86556.7,817.69345253
2025-12-01 08:00:00,86552.0,86940.9,86382.5,86700.4,1530.88200895
2025-12-01 10:00:00,86700.5,86818.0,86138.5,86145.8,389.12409582
2025-12-01 12:00:00,86145.8,86229.6,84750.0,85985.1,1354.88748566
2025-12-01 14:00:00,85985.0,86666.5,83833.4,84687.0,1530.58960489
2025-12-01 16:00:00,84687.1,85453.2,84050.0,84941.4,894.17730945
2025-12-01 18:00:00,84937.0,85567.0,84606.1,85025.9,390.75875116
2025-12-01 20:00:00,85025.8,86493.5,85009.8,86430.0,603.33459264
2025-12-01 22:00:00,86430.0,86857.1,86250.0,86283.3,408.40014959
2025-12-02 00:00:00,86283.4,87355.0,86183.3,86448.0,464.19464746
2025-12-02 02:00:00,86448.1,87088.0,86210.0,86975.0,393.30521082
2025-12-02 04:00:00,86974.9,87266.0,86816.0,87003.0,298.02061233
2025-12-02 06:00:00,87002.9,87175.5,86857.4,87006.4,707.43739324
2025-12-02 08:00:00,87006.4,87052.5,86352.1,86762.7,586.78711051
2025-12-02 10:00:00,86762.6,87609.0,86759.4,87366.1,522.04452893
2025-12-02 12:00:00,87366.1,87877.7,87031.6,87729.7,494.74789247
2025-12-02 14:00:00,87729.7,91194.9,87600.0,90847.4,2362.80561575
2025-12-02 16:00:00,90847.4,91999.9,90214.8,91450.6,976.11740947
2025-12-02 18:00:00,91451.0,92299.4,91347.2,91896.0,872.54108666
2025-12-02 20:00:00,91895.9,91928.0,90719.5,91569.0,672.69995014
2025-12-02 22:00:00,91569.0,92000.0,91280.4,91284.0,397.77006024
2025-12-03 00:00:00,91283.9,92476.1,91004.0,92244.9,805.08101439
2025-12-03 02:00:00,92245.1,93076.3,92163.8,92624.3,671.53490596
2025-12-03 04:00:00,92624.3,93657.2,92624.2,93637.1,794.99528186
2025-12-03 06:00:00,93637.0,93959.3,92863.3,92995.9,1327.83197541
2025-12-03 08:00:00,92996.1,93215.2,92675.2,93179.1,689.62623429
2025-12-03 10:00:00,93179.1,93389.3,92666.6,93006.9,452.36642606
2025-12-03 12:00:00,93006.9,93250.0,92690.0,93128.1,543.27158887
2025-12-03 14:00:00,93128.2,93688.0,91690.8,92379.9,1917.7228807
2025-12-03 16:00:00,92380.1,93043.5,91798.6,92957.7,637.7408677
2025-12-03 18:00:00,92957.8,93500.0,92376.9,93026.1,421.51195242
2025-12-03 20:00:00,93026.3,93762.9,92827.2,93699.5,366.06919721
2025-12-03 22:00:00,93699.5,94162.8,93304.9,93423.0,760.70545939
2025-12-04 00:00:00,93423.0,93763.3,92675.0,93188.0,566.09921712
2025-12-04 02:00:00,93188.0,94074.9,93114.9,93533.0,788.30758643
2025-12-04 04:00:00,93532.9,93577.9,92777.3,92968.6,596.44229008
2025-12-04 06:00:00,92970.1,93420.8,92842.9,93397.1,437.42432082
2025-12-04 08:00:00,93397.1,93612.0,93044.7,93447.2,856.53614693
2025-12-04 10:00:00,93448.2,93554.4,92732.3,92939.2,324.14857359
2025-12-04 12:00:00,92939.2,93193.2,92430.5,92521.7,459.83938861
2025-12-04 14:00:00,92521.6,93250.0,91800.0,92968.9,816.8443464
2025-12-04 16:00:00,92968.7,93178.0,91754.5,92426.0,670.71778815
2025-12-04 18:00:00,92426.0,92550.0,90887.6,91976.4,609.99911539
2025-12-04 20:00:00,91977.5,92705.4,91686.2,92151.5,316.82586511
2025-12-04 22:00:00,92155.7,92492.4,92062.6,92062.7,411.26875768
2025-12-05 00:00:00,92062.7,92594.5,92048.3,92357.1,231.82731696
2025-12-05 02:00:00,92357.2,92696.1,91970.0,92158.1,361.96957032
2025-12-05 04:00:00,92158.1,92385.0,91806.9,91938.5,322.72489994
2025-12-05 06:00:00,91938.6,92482.6,91898.1,92249.8,286.36380818
2025-12-05 08:00:00,92249.8,92254.3,90972.1,91122.9,678.33411227
2025-12-05 10:00:00,91122.7,91560.0,91088.0,91342.9,218.98508528
2025-12-05 12:00:00,91342.8,91426.0,90229.0,90472.9,481.1061111
2025-12-05 14:00:00,90473.0,91497.8,89900.0,90456.0,1120.03495834
2025-12-05 16:00:00,90456.1,90499.9,88040.4,89338.9,1501.57670019
2025-12-05 18:00:00,89338.9,89803.3,88814.0,89639.1,429.23679834
2025-12-05 20:00:00,89639.0,89742.4,89076.0,89180.9,229.26313645
2025-12-05 22:00:00,89181.0,89379.5,88907.0,89330.8,185.81633158
2025-12-06 00:00:00,89330.9,89497.9,89040.3,89323.9,236.5101375
2025-12-06 02:00:00,89324.0,89800.0,89169.0,89677.2,212.0683744
2025-12-06 04:00:00,89677.2,89732.3,89514.5,89600.1,117.00562312
2025-12-06 06:00:00,89600.2,89766.1,89465.2,89583.0,589.09464852
2025-12-06 08:00:00,89583.9,89666.6,89203.1,89563.1,622.35192769
2025-12-06 10:00:00,89563.2,89740.7,89459.6,89629.5,397.72958406
2025-12-06 12:00:00,89629.5,89790.0,89560.0,89672.8,149.1188768
2025-12-06 14:00:00,89672.8,90279.8,89467.9,89756.4,482.39492315
2025-12-06 16:00:00,89756.5,89981.0,89615.0,89708.3,103.1739649
2025-12-06 18:00:00,89708.3,89786.3,89258.2,89409.2,219.26936724
2025-12-06 20:00:00,89409.2,89622.0,89320.3,89425.0,76.0803623
2025-12-06 22:00:00,89425.1,89531.0,88914.1,89233.9,223.10344385
2025-12-07 00:00:00,89234.0,89591.2,89183.6,89300.1,110.4214274
2025-12-07 02:00:00,89300.1,89745.9,89300.0,89720.9,144.24866095
2025-12-07 04:00:00,89720.9,89789.3,89428.0,89513.8,98.05919005
2025-12-07 06:00:00,89513.8,89736.7,89200.7,89382.0,563.93515839
2025-12-07 08:00:00,89382.0,89540.0,89062.5,89112.1,141.28932199
2025-12-07 10:00:00,89112.1,89392.1,89090.9,89158.6,467.41082718
2025-12-07 12:00:00,89158.6,89588.6,88650.0,89052.0,256.84486842
2025-12-07 14:00:00,89051.9,89714.5,87731.7,89554.8,1068.03224904
2025-12-07 16:00:00,89554.7,91294.7,89112.0,90960.5,737.35490693
2025-12-07 18:00:00,90960.4,91759.5,90960.3,91423.0,284.18014759
2025-12-07 20:00:00,91423.1,91514.7,89874.7,90234.1,284.9830144
2025-12-07 22:00:00,90234.2,90470.6,88985.0,90394.1,594.61282637
2025-12-08 00:00:00,90394.1,91688.0,89868.4,90908.0,457.07964846
2025-12-08 02:00:00,90911.7,91435.0,90807.4,91074.4,301.94027039
2025-12-08 04:00:00,91074.4,91472.4,91025.9,91333.9,301.01259261
2025-12-08 06:00:00,91334.0,91875.3,91245.0,91560.1,475.84247377
2025-12-08 08:00:00,91560.2,92288.0,91481.9,91911.1,492.4365197
2025-12-08 10:00:00,91911.2,92217.0,91817.6,91958.0,258.62314366
2025-12-08 12:00:00,91957.9,92113.2,91307.6,91462.9,498.64482895
2025-12-08 14:00:00,91463.0,91776.4,89612.7,89962.0,1402.06922226
2025-12-08 16:00:00,89962.0,90482.2,89678.2,90257.1,637.05688109
2025-12-08 18:00:00,90257.0,90511.3,89729.8,90117.5,241.29074715
2025-12-08 20:00:00,90117.6,91369.6,90117.6,91304.1,286.94742727
2025-12-08 22:00:00,91304.1,91385.8,90481.8,90639.9,247.27328687
2025-12-09 00:00:00,90642.0,90847.8,89968.9,90057.0,306.82036288
2025-12-09 02:00:00,90060.5,90448.5,89812.5,90409.0,373.54172889
2025-12-09 04:00:00,90409.0,90526.0,89500.0,89893.9,590.14187693
2025-12-09 06:00:00,89893.9,90530.9,89782.6,90499.0,1107.0538701
2025-12-09 08:00:00,90503.2,90612.7,90135.3,90136.0,653.24498582
2025-12-09 10:00:00,90136.1,90395.8,89908.4,90382.0,513.02267184
2025-12-09 12:00:00,90382.0,90837.9,90170.0,90424.0,577.51435167
2025-12-09 14:00:00,90423.9,92888.0,89999.1,92706.6,1281.09342639
2025-12-09 16:00:00,92706.6,94600.0,92697.3,93916.9,1798.7029927
2025-12-09 18:00:00,93916.9,94227.1,93662.0,93805.0,489.05353504
2025-12-09 20:00:00,93805.1,93851.5,92255.1,92645.2,619.94935182
2025-12-09 22:00:00,92645.2,93035.0,92510.0,92682.5,466.83690577
2025-12-10 00:00:00,92682.4,92782.6,91964.3,92312.2,454.45071839
2025-12-10 02:00:00,92312.2,92569.0,92020.0,92410.2,294.59625535
2025-12-10 04:00:00,92410.2,92726.0,92388.0,92558.9,188.11299075
2025-12-10 06:00:00,92559.0,92784.9,92396.7,92784.9,602.73887041
2025-12-10 08:00:00,92785.0,92947.3,92443.7,92919.9,678.30956874
2025-12-10 10:00:00,92919.9,93257.1,91780.1,92131.0,1654.26311915
2025-12-10 12:00:00,92131.1,92231.0,91828.7,92097.0,367.05120952
2025-12-10 14:00:00,92096.9,92148.4,91567.6,92069.9,529.45922623
2025-12-10 16:00:00,92070.0,92597.0,91896.0,92384.3,617.62976715
2025-12-10 18:00:00,92384.4,93283.2,91685.5,92959.6,1270.62176198
2025-12-10 20:00:00,92959.7,94495.2,91873.8,92351.4,1046.65075994
2025-12-10 22:00:00,92351.5,92695.4,91938.1,92013.7,341.06010825
2025-12-11 00:00:00,92013.6,92082.8,90653.4,90673.8,614.48804088
2025-12-11 02:00:00,90673.8,90673.8,89389.8,89881.1,910.01710185
2025-12-11 04:00:00,89881.0,90483.3,89688.0,90303.8,489.701687
2025-12-11 06:00:00,90303.8,90445.9,89954.9,90271.0,459.063818
2025-12-11 08:00:00,90270.9,90523.3,89964.9,90233.0,926.90860156
2025-12-11 10:00:00,90233.3,90414.0,90170.0,90234.8,707.36820957
2025-12-11 12:00:00,90234.8,90381.3,89876.1,90101.0,298.93348247
2025-12-11 14:00:00,90101.0,90642.7,89255.9,89875.1,985.7836945
2025-12-11 16:00:00,89875.0,90255.1,89333.3,89979.4,366.54099186
2025-12-11 18:00:00,89971.6,91541.2,89891.1,90835.6,616.93900793
2025-12-11 20:00:00,90835.6,93564.4,90802.5,92867.6,807.03696076
2025-12-11 22:00:00,92867.7,93198.2,92097.6,92522.3,775.47830492
2025-12-12 00:00:00,92522.2,92658.5,91280.4,92171.8,568.40401037
2025-12-12 02:00:00,92171.9,92752.5,91929.1,92275.1,392.35180365
2025-12-12 04:00:00,92274.9,92502.3,92078.6,92443.2,302.50516099
2025-12-12 06:00:00,92443.2,92719.3,92250.3,92427.1,333.25194565
2025-12-12 08:00:00,92427.2,92559.3,92088.5,92522.5,262.90272225
2025-12-12 10:00:00,92522.6,92635.6,92276.3,92411.9,245.01511297
2025-12-12 12:00:00,92411.8,92515.6,92085.9,92311.9,295.56668168
2025-12-12 14:00:00,92311.9,92666.5,89777.7,89941.4,1351.40480265
2025-12-12 16:00:00,89933.7,90622.7,89466.6,90075.6,875.15400377
2025-12-12 18:00:00,90075.7,90659.9,90003.9,90197.1,530.69272336
2025-12-12 20:00:00,90197.1,90347.6,89888.8,90192.0,243.95385915
2025-12-12 22:00:00,90186.0,90392.3,90184.7,90268.1,110.60197316
2025-12-13 00:00:00,90268.1,90436.5,90112.4,90224.9,126.76359913
2025-12-13 02:00:00,90225.0,90469.9,90196.0,90341.9,220.70350232
2025-12-13 04:00:00,90341.9,90421.0,90246.5,90340.4,228.69729876
2025-12-13 06:00:00,90340.5,90416.9,90251.6,90330.0,675.68151849
2025-12-13 08:00:00,90330.1,90576.7,90314.6,90415.0,381.90362736
2025-12-13 10:00:00,90415.1,90638.2,90300.0,90341.7,290.12324618
2025-12-13 12:00:00,90341.7,90486.0,90200.0,90262.0,352.50806636
2025-12-13 14:00:00,90262.0,90348.1,89930.1,90100.7,227.31772708
2025-12-13 16:00:00,90100.6,90275.0,89990.0,90054.0,83.73453266
2025-12-13 18:00:00,90054.1,90225.5,90044.1,90182.5,37.95569423
2025-12-13 20:00:00,90182.4,90215.9,89764.8,90171.5,131.90634119
2025-12-13 22:00:00,90171.5,90279.0,90002.5,90241.1,62.10788548
2025-12-14 00:00:00,90241.1,90475.0,90125.0,90300.4,165.02438198
2025-12-14 02:00:00,90300.5,90394.0,90247.2,90266.5,82.42389941
2025-12-14 04:00:00,90266.6,90346.3,90051.0,90208.7,127.13238454
2025-12-14 06:00:00,90208.7,90291.1,90085.2,90256.1,143.92029591
2025-12-14 08:00:00,90256.0,90307.6,90007.0,90025.9,262.96878386
2025-12-14 10:00:00,90026.0,90133.3,88632.9,89355.0,1073.31897342
2025-12-14 12:00:00,89355.1,89662.6,89083.9,89484.1,236.62196036
2025-12-14 14:00:00,89484.1,89559.4,88880.0,89027.7,246.34113588
2025-12-14 16:00:00,89027.7,89397.9,88505.4,88804.9,327.39293214
2025-12-14 18:00:00,88805.0,89082.4,88465.9,88644.0,190.65579307
2025-12-14 20:00:00,88644.1,88833.0,88342.4,88444.0,213.35898562
2025-12-14 22:00:00,88444.1,88610.0,87564.5,88162.9,483.71439593
2025-12-15 00:00:00,88163.0,89336.9,88072.3,89248.1,446.41071488
2025-12-15 02:00:00,89248.1,90021.9,89226.5,89285.9,382.70443649
2025-12-15 04:00:00,89286.0,89790.9,89279.0,89616.1,407.55817343
2025-12-15 06:00:00,89619.0,89922.9,89474.0,89747.0,247.63571583
2025-12-15 08:00:00,89747.0,89984.3,89650.0,89873.9,231.52662069
2025-12-15 10:00:00,89873.9,89976.0,89588.0,89645.2,227.80372906
2025-12-15 12:00:00,89645.3,89762.5,89288.0,89434.1,272.1083868
2025-12-15 14:00:00,89434.1,89879.9,86626.6,87042.9,1556.15508109
2025-12-15 16:00:00,87044.6,87222.0,85600.1,85766.0,771.35158686
2025-12-15 18:00:00,85766.0,86565.9,85147.7,86149.1,604.69993721
2025-12-15 20:00:00,86149.0,86300.0,85529.4,86237.3,337.44040884
2025-12-15 22:00:00,86237.4,86470.0,85821.1,86432.9,250.67477587
2025-12-16 00:00:00,86433.0,86524.6,85671.3,85894.1,280.60896772
2025-12-16 02:00:00,85894.2,86228.8,85378.5,85865.7,373.13410062
2025-12-16 04:00:00,85865.7,86194.8,85265.2,86020.0,479.68534179
2025-12-16 06:00:00,86020.1,86603.5,85857.1,86009.3,562.31591388
2025-12-16 08:00:00,86009.4,86425.3,85930.0,86352.3,171.93525667
2025-12-16 10:00:00,86352.3,87336.7,86269.1,87256.0,463.20819707
2025-12-16 12:00:00,87255.9,87790.1,86416.7,86448.1,854.23045506
2025-12-16 14:00:00,86448.2,88180.0,86109.0,87968.9,1157.47904171
2025-12-16 16:00:00,87968.9,88050.0,87095.3,87127.1,438.42474664
2025-12-16 18:00:00,87127.1,88015.9,87062.5,87592.3,331.73946635
2025-12-16 20:00:00,87592.1,87905.5,87345.0,87762.9,129.92761318
2025-12-16 22:00:00,87762.8,87930.1,87600.0,87863.0,131.267505
2025-12-17 00:00:00,87863.0,87948.8,87429.0,87556.0,243.0983378
2025-12-17 02:00:00,87556.0,87617.1,87155.1,87216.0,315.68116586
2025-12-17 04:00:00,87216.1,87390.9,86211.5,86636.7,368.88100806
2025-12-17 06:00:00,86636.1,87165.9,86597.0,87043.1,407.56075774
2025-12-17 08:00:00,87043.0,87043.1,86262.8,86420.1,262.93032317
2025-12-17 10:00:00,86420.1,87130.0,86242.2,86970.7,291.36882251
2025-12-17 12:00:00,86977.2,87849.6,86811.3,87622.2,399.52032682
2025-12-17 14:00:00,87622.1,90375.0,87136.3,87231.9,2452.48875882
2025-12-17 16:00:00,87231.7,87776.3,86172.5,86423.3,917.00237982
2025-12-17 18:00:00,86428.0,86845.6,85328.4,86017.2,539.90566877
2025-12-17 20:00:00,86017.4,86251.5,85660.1,85994.2,286.65793009
2025-12-17 22:00:00,85996.0,86465.7,85884.0,86248.1,201.69882202
2025-12-18 00:00:00,86248.1,86318.8,85865.8,86130.0,168.69180609
2025-12-18 02:00:00,86130.1,86872.9,86011.2,86622.0,366.45332712
2025-12-18 04:00:00,86621.9,86895.3,86388.0,86440.1,247.37121376
2025-12-18 06:00:00,86440.1,86870.3,86410.0,86834.1,215.42924453
2025-12-18 08:00:00,86834.0,87392.0,86684.6,87282.0,416.87595605
2025-12-18 10:00:00,87282.0,87453.1,87058.8,87276.7,221.91196995
2025-12-18 12:00:00,87276.7,89195.9,87118.9,88850.1,1280.45840196
2025-12-18 14:00:00,88850.0,89480.0,87725.3,88513.7,1685.35590928
2025-12-18 16:00:00,88513.7,88531.0,85477.3,86490.5,1468.81472549
2025-12-18 18:00:00,86490.5,86891.3,84480.0,84481.1,1212.51668153
2025-12-18 20:00:00,84483.5,85838.6,84456.2,85623.0,559.13958916
2025-12-18 22:00:00,85630.7,85754.8,85285.7,85506.1,285.19836547
2025-12-19 00:00:00,85506.1,85607.0,85120.0,85323.1,238.5300381
2025-12-19 02:00:00,85323.0,87568.0,85130.1,86899.0,938.32583099
2025-12-19 04:00:00,86890.0,87375.0,86687.4,87145.0,520.84510912
2025-12-19 06:00:00,87143.5,88400.0,86909.1,87954.6,585.43246682
2025-12-19 08:00:00,87954.6,88214.3,87741.0,88109.4,248.14988239
2025-12-19 10:00:00,88108.1,88370.0,87915.6,88193.3,265.96149752
2025-12-19 12:00:00,88193.3,88268.7,87825.2,87994.1,350.47054838
2025-12-19 14:00:00,87994.1,89426.3,87515.4,87957.9,1445.5780959
2025-12-19 16:00:00,87958.0,88882.3,86880.0,86947.0,793.99133168
2025-12-19 18:00:00,86947.0,88120.9,86846.8,87833.2,353.9230141
2025-12-19 20:00:00,87836.1,88412.5,87603.6,87840.9,383.89057854
2025-12-19 22:00:00,87841.1,88427.9,87837.7,88143.1,364.22438433
2025-12-20 00:00:00,88143.0,88196.9,87965.9,88082.2,102.17025989
2025-12-20 02:00:00,88082.3,88342.9,88000.0,88219.5,151.21332642
2025-12-20 04:00:00,88219.5,88574.9,88120.0,88300.4,183.7469672
2025-12-20 06:00:00,88300.4,88450.0,88190.0,88276.9,92.43401151
2025-12-20 08:00:00,88277.0,88429.0,88221.9,88227.1,94.47484226
2025-12-20 10:00:00,88227.1,88309.0,88111.0,88276.3,109.55913048
2025-12-20 12:00:00,88276.3,88344.3,87800.0,88269.5,233.98194189
2025-12-20 14:00:00,88269.6,88280.4,88005.0,88175.0,227.61236541
2025-12-20 16:00:00,88175.1,88257.3,88107.0,88185.4,98.61657617
2025-12-20 18:00:00,88185.5,88420.0,88158.5,88233.9,85.36714771
2025-12-20 20:00:00,88234.0,88451.5,88192.3,88217.6,55.20643855
2025-12-20 22:00:00,88217.7,88430.9,88148.0,88366.1,77.51415285
2025-12-21 00:00:00,88366.0,88437.0,88025.0,88025.0,135.10529494
2025-12-21 02:00:00,88025.1,88163.0,87877.7,88089.8,143.09929588
2025-12-21 04:00:00,88089.9,88165.5,88052.0,88146.0,76.9611688
2025-12-21 06:00:00,88146.1,88210.2,88065.3,88183.8,80.51128496
2025-12-21 08:00:00,88183.8,89081.6,88150.0,88900.3,622.43136034
2025-12-21 10:00:00,88900.3,88976.9,88584.8,88610.0,214.14273501
2025-12-21 12:00:00,88610.0,88934.2,87607.6,87679.2,657.8649026
2025-12-21 14:00:00,87678.1,88269.8,87619.7,88071.1,381.61757639
2025-12-21 16:00:00,88071.0,88500.0,87985.0,88325.1,467.15863941
2025-12-21 18:00:00,88325.0,88613.5,87958.6,88496.0,251.8129046
2025-12-21 20:00:00,88496.0,88511.7,88100.0,88165.9,67.31249329
2025-12-21 22:00:00,88166.0,88829.6,88128.0,88656.1,266.75485204
2025-12-22 00:00:00,88656.2,89673.3,88524.5,88631.2,810.18204678
2025-12-22 02:00:00,88631.3,88853.1,87886.9,88779.7,496.97744519
2025-12-22 04:00:00,88779.7,89034.1,88726.3,88834.0,204.60622398
2025-12-22 06:00:00,88834.0,89213.6,88733.8,89164.4,434.3174144
2025-12-22 08:00:00,89164.7,89905.0,89090.0,89827.6,587.86152703
2025-12-22 10:00:00,89827.6,90125.0,89608.8,89940.9,374.41076749
2025-12-22 12:00:00,89940.6,90598.0,89739.5,89913.1,531.09839909
2025-12-22 14:00:00,89913.1,90460.5,89195.0,89733.9,1135.1811124
2025-12-22 16:00:00,89733.9,90118.0,89083.3,89314.1,575.12487576
2025-12-22 18:00:00,89312.0,89526.0,87964.0,88059.1,421.23502916
2025-12-22 20:00:00,88059.0,88618.9,87923.5,88286.0,276.59593292
2025-12-22 22:00:00,88283.5,88828.6,88159.5,88621.2,189.57314764
2025-12-23 00:00:00,88621.3,88938.2,88430.9,88518.0,218.99855536
2025-12-23 02:00:00,88518.0,88754.3,87796.4,88169.5,546.22782824
2025-12-23 04:00:00,88169.5,88372.0,87616.1,87763.2,265.54854892
2025-12-23 06:00:00,87763.3,87783.0,87047.8,87579.2,635.34369015
2025-12-23 08:00:00,87579.2,87710.0,87301.1,87537.6,623.64759338
2025-12-23 10:00:00,87537.6,87884.6,87512.2,87852.1,200.58496247
2025-12-23 12:00:00,87852.0,87950.0,87413.0,87612.4,387.45751628
2025-12-23 14:00:00,87612.4,87823.4,86578.9,87444.9,930.28142779
2025-12-23 16:00:00,87444.9,88273.0,87167.0,87176.0,622.91737276
2025-12-23 18:00:00,87176.1,88173.3,87165.9,87751.9,405.58028639
2025-12-23 20:00:00,87751.9,88364.9,87524.0,87709.3,257.70340779
2025-12-23 22:00:00,87709.3,87770.0,87177.9,87487.4,298.50070577
2025-12-24 00:00:00,87487.5,87871.4,87265.1,87633.9,213.30370702
2025-12-24 02:00:00,87634.0,87658.3,86870.6,87345.9,353.58343663
2025-12-24 04:00:00,87345.9,87465.8,86792.8,86955.3,207.20053829
2025-12-24 06:00:00,86955.4,87176.2,86803.1,86917.1,195.42617907
2025-12-24 08:00:00,86917.0,87076.0,86720.9,86805.7,157.51300512
2025-12-24 10:00:00,86804.5,87350.0,86800.0,87207.1,157.74385667
2025-12-24 12:00:00,87207.0,87488.0,87043.7,87282.7,264.16192088
2025-12-24 14:00:00,87282.8,87436.2,86400.0,87043.1,679.98059162
2025-12-24 16:00:00,87043.1,87685.4,86919.0,87317.9,412.75640643
2025-12-24 18:00:00,87317.8,87574.0,87233.2,87559.0,174.89064668
2025-12-24 20:00:00,87559.1,87790.5,87521.5,87698.5,123.90808341
2025-12-24 22:00:00,87698.5,88054.8,87594.0,87669.9,179.90996718
2025-12-25 00:00:00,87670.0,87747.0,87517.7,87700.3,92.45855309
2025-12-25 02:00:00,87700.4,87957.6,87573.5,87841.4,104.87626603
2025-12-25 04:00:00,87841.3,87842.4,87659.7,87749.0,101.40431816
2025-12-25 06:00:00,87749.1,87860.0,87682.5,87829.9,144.4631799
2025-12-25 08:00:00,87829.9,87884.3,87351.2,87519.9,216.37755572
2025-12-25 10:00:00,87520.0,87584.0,87262.0,87515.0,88.81288795
2025-12-25 12:00:00,87514.9,87687.0,87403.0,87634.1,94.58379063
2025-12-25 14:00:00,87634.1,88603.5,87553.3,88367.1,422.44480547
2025-12-25 16:00:00,88367.2,88472.0,88000.3,88137.6,166.70708561
2025-12-25 18:00:00,88137.7,88308.8,88066.3,88150.0,80.89269105
2025-12-25 20:00:00,88150.0,88170.6,87645.8,87900.0,151.7404344
2025-12-25 22:00:00,87900.1,87915.0,86947.4,87232.0,336.19829521
2025-12-26 00:00:00,87232.1,87500.9,86893.8,87436.7,353.80611897
2025-12-26 02:00:00,87436.7,89432.5,87423.4,88832.0,1121.84449212
2025-12-26 04:00:00,88832.0,89148.0,88515.8,88992.0,240.51166
2025-12-26 06:00:00,88992.1,89569.3,88354.5,88479.9,876.07985099
2025-12-26 08:00:00,88480.0,88914.0,88420.7,88813.6,483.00037219
2025-12-26 10:00:00,88813.7,88881.3,88529.0,88532.0,136.47345293
2025-12-26 12:00:00,88532.0,89052.0,88531.9,89000.0,216.67017818
2025-12-26 14:00:00,89000.1,89050.0,86666.0,87139.0,1300.79124926
2025-12-26 16:00:00,87139.0,87458.5,86816.7,87319.9,596.5298202
2025-12-26 18:00:00,87320.0,87581.3,87139.4,87497.1,143.66753223
2025-12-26 20:00:00,87497.0,87791.7,87392.2,87463.9,195.80875269
2025-12-26 22:00:00,87464.0,87583.1,87300.0,87362.0,253.02474626
2025-12-27 00:00:00,87362.0,87481.7,87245.1,87471.3,84.73591405
2025-12-27 02:00:00,87471.3,87532.9,87383.0,87510.0,88.00616379
2025-12-27 04:00:00,87510.0,87539.0,87436.2,87505.9,123.52372987
2025-12-27 06:00:00,87506.0,87719.1,87417.8,87539.9,720.40117486
2025-12-27 08:00:00,87539.9,87690.6,87537.8,87616.1,388.32397887
2025-12-27 10:00:00,87616.2,87626.0,87370.0,87467.4,93.03107206
2025-12-27 12:00:00,87467.3,87515.4,87319.3,87454.5,74.39243577
2025-12-27 14:00:00,87454.6,87591.1,87398.1,87559.5,141.11144748
2025-12-27 16:00:00,87559.5,87585.4,87446.8,87562.3,108.11618156
2025-12-27 18:00:00,87562.4,87588.3,87466.2,87574.0,50.43236178
2025-12-27 20:00:00,87574.1,87678.0,87529.1,87670.9,50.46499532
2025-12-27 22:00:00,87671.0,87981.4,87503.1,87872.1,175.88137656
2025-12-28 00:00:00,87872.1,87948.6,87709.0,87784.9,141.55387624
2025-12-28 02:00:00,87785.0,87869.7,87735.4,87739.1,75.39028514
2025-12-28 04:00:00,87739.1,87830.0,87610.3,87649.0,89.29585848
2025-12-28 06:00:00,87649.0,87789.2,87639.1,87732.9,115.01246629
2025-12-28 08:00:00,87732.9,87978.3,87722.0,87795.9,339.3777928
2025-12-28 10:00:00,87796.0,88031.1,87795.9,87886.2,1130.96538957
2025-12-28 12:00:00,87886.3,87958.0,87782.9,87897.0,427.93774147
2025-12-28 14:00:00,87898.5,88088.0,87827.2,87839.2,156.6712837
2025-12-28 16:00:00,87839.2,87930.0,87736.1,87761.1,71.94438702
2025-12-28 18:00:00,87761.1,87770.9,87501.1,87521.0,176.86088736
2025-12-28 20:00:00,87520.9,87654.0,87442.1,87586.2,83.72509037
2025-12-28 22:00:00,87586.2,88049.3,87484.0,87951.0,197.46839881
2025-12-29 00:00:00,87951.0,88484.2,87814.0,88443.9,446.69283497
2025-12-29 02:00:00,88444.0,90168.2,88444.0,90117.0,1461.06236126
2025-12-29 04:00:00,90117.1,90389.4,89920.0,89976.0,571.48520098
2025-12-29 06:00:00,89976.1,90115.6,89506.0,89612.3,659.9804767
2025-12-29 08:00:00,89612.3,89846.0,87772.7,88108.9,815.71230308
2025-12-29 10:00:00,88109.0,88277.5,87571.1,87571.2,552.94332481
2025-12-29 12:00:00,87571.2,87626.2,86804.2,87379.6,903.586615
2025-12-29 14:00:00,87379.7,88194.3,87208.1,87686.7,708.78843317
2025-12-29 16:00:00,87686.6,87840.2,87350.0,87840.1,311.72161955
2025-12-29 18:00:00,87840.1,87996.1,87308.9,87352.0,253.91463165
2025-12-29 20:00:00,87352.0,87593.7,87075.7,87335.7,266.47857821
2025-12-29 22:00:00,87335.8,87400.0,87074.0,87232.1,160.50422449
2025-12-30 00:00:00,87232.1,87368.8,87106.0,87306.0,209.08925451
2025-12-30 02:00:00,87306.0,87419.0,86825.6,87366.0,401.97626788
2025-12-30 04:00:00,87366.0,87488.0,87147.1,87251.9,131.14363786
2025-12-30 06:00:00,87252.0,87625.7,87236.9,87496.0,253.85181716
2025-12-30 08:00:00,87496.1,88228.7,87496.1,87986.0,504.77066686
2025-12-30 10:00:00,87986.0,88178.7,87760.5,87899.2,203.38146511
2025-12-30 12:00:00,87899.3,88137.5,87899.3,88110.0,242.57954752
2025-12-30 14:00:00,88110.1,89152.5,87837.0,89005.0,974.74306195
2025-12-30 16:00:00,89000.6,89400.0,88141.1,88374.3,675.11509798
2025-12-30 18:00:00,88374.3,88506.9,87967.5,88223.1,214.55682937
2025-12-30 20:00:00,88223.1,88328.2,87875.0,88278.6,244.84455683
2025-12-30 22:00:00,88278.7,88576.3,88278.7,88496.6,173.13547958
2025-12-31 00:00:00,88496.5,88789.0,88177.6,88655.1,200.49312312
2025-12-31 02:00:00,88655.0,88822.7,88376.2,88456.8,332.39438518
2025-12-31 04:00:00,88456.8,88553.1,88332.0,88465.9,193.72523237
2025-12-31 06:00:00,88462.9,88639.9,88432.5,88614.2,145.82280185
2025-12-31 08:00:00,88614.3,88731.6,88379.8,88671.1,241.74671557
2025-12-31 10:00:00,88671.1,89052.1,88666.8,89017.1,431.11629744
2025-12-31 12:00:00,89017.0,89053.0,88750.0,88987.2,272.53312865
2025-12-31 14:00:00,88987.2,89217.5,87777.3,87945.0,827.33996916
2025-12-31 16:00:00,87945.0,88048.5,87399.2,87614.0,532.12738725
2025-12-31 18:00:00,87620.9,87980.0,87524.4,87542.1,249.82886176
2025-12-31 20:00:00,87542.0,87875.0,87240.0,87792.7,236.41654825
2025-12-31 22:00:00,87792.0,87880.0,87621.7,87638.9,118.53161996
2026-01-01 00:00:00,87638.8,88039.9,87620.9,87957.0,150.44663213
2026-01-01 02:00:00,87957.1,88085.2,87833.1,87845.4,129.55842257
2026-01-01 04:00:00,87849.0,87855.0,87551.9,87702.4,253.4568065
2026-01-01 06:00:00,87702.5,87702.5,87594.7,87637.0,158.89001983
2026-01-01 08:00:00,87637.0,87957.5,87626.0,87877.1,191.21315943
2026-01-01 10:00:00,87877.1,88022.5,87795.3,88022.1,87.61066299
2026-01-01 12:00:00,88022.0,88038.0,87863.4,87916.0,117.59650434
2026-01-01 14:00:00,87916.1,88109.0,87806.0,88034.0,197.00431379
2026-01-01 16:00:00,88034.1,88507.9,87878.4,88323.9,262.29458671
2026-01-01 18:00:00,88324.0,88434.7,88082.0,88385.9,118.63569996
2026-01-01 20:00:00,88385.9,88446.3,88244.0,88388.9,68.10067797
2026-01-01 22:00:00,88389.0,88920.5,88388.9,88847.1,282.20165223
2026-01-02 00:00:00,88847.0,88893.6,88504.1,88640.2,285.44509487
2026-01-02 02:00:00,88640.3,89118.9,88382.0,88946.3,535.85612906
2026-01-02 04:00:00,88946.4,88990.0,88577.0,88762.9,189.12149797
2026-01-02 06:00:00,88763.0,89086.9,88734.1,88854.8,350.38797955
2026-01-02 08:00:00,88854.9,89493.0,88811.0,89471.9,446.14456077
2026-01-02 10:00:00,89471.9,89941.3,89358.0,89501.9,858.38832873
2026-01-02 12:00:00,89502.0,89687.9,89304.3,89347.9,299.87360519
2026-01-02 14:00:00,89347.9,90170.3,88459.7,89411.0,1604.57539403
2026-01-02 16:00:00,89410.9,90960.0,89200.3,90368.8,1257.072459
2026-01-02 18:00:00,90368.9,90559.2,89551.6,89894.8,551.22732904
2026-01-02 20:00:00,89900.0,90165.3,89620.8,90059.8,283.9512796
2026-01-02 22:00:00,90059.7,90391.3,89886.9,89986.9,302.41011329
2026-01-03 00:00:00,89987.0,90308.4,89950.1,90285.0,177.36188142
2026-01-03 02:00:00,90285.1,90407.7,90142.7,90325.5,183.4743172
2026-01-03 04:00:00,90325.4,90478.6,89927.2,90036.0,230.42235056
2026-01-03 06:00:00,90036.1,90142.8,89321.2,89583.0,374.11030469
2026-01-03 08:00:00,89583.0,89989.0,89434.6,89790.7,269.09673525
2026-01-03 10:00:00,89790.7,89874.9,89675.8,89754.1,92.01609297
2026-01-03 12:00:00,89754.0,90060.0,89667.3,90006.1,154.75640424
2026-01-03 14:00:00,90006.1,90233.0,89958.1,89971.4,141.37839078
2026-01-03 16:00:00,89972.9,90215.2,89921.7,90097.2,110.09889878
2026-01-03 18:00:00,90097.2,90197.7,90036.6,90128.4,50.17830323
2026-01-03 20:00:00,90128.5,90736.1,90026.1,90561.5,228.14769725
2026-01-03 22:00:00,90561.6,90730.0,90470.0,90633.0,135.2436256
2026-01-04 00:00:00,90632.9,91612.7,90632.9,91237.0,736.25748732
2026-01-04 02:00:00,91237.1,91357.1,91084.0,91235.9,255.53390869
2026-01-04 04:00:00,91235.9,91585.0,91192.3,91489.0,273.29389416
2026-01-04 06:00:00,91489.1,91820.0,91221.2,91524.1,471.51948735
2026-01-04 08:00:00,91524.1,91534.9,91181.0,91458.1,653.24455365
2026-01-04 10:00:00,91458.1,91622.9,91249.0,91308.3,670.1413062
2026-01-04 12:00:00,91308.2,91372.3,91021.2,91261.8,419.14346015
2026-01-04 14:00:00,91261.9,91412.1,91098.7,91332.9,152.93172155
2026-01-04 16:00:00,91332.9,91450.0,91250.0,91343.5,146.48451101
2026-01-04 18:00:00,91343.6,91343.6,90875.0,91150.8,300.92307666
2026-01-04 20:00:00,91150.8,91427.9,91137.0,91286.1,78.12716516
2026-01-04 22:00:00,91286.1,91588.0,91156.4,91537.1,175.81775407
2026-01-05 00:00:00,91537.0,93411.5,91523.0,92963.9,1318.21997594
2026-01-05 02:00:00,92964.0,93213.7,92747.0,92886.0,453.78719686
2026-01-05 04:00:00,92886.0,92964.0,92346.0,92365.7,531.58409475
2026-01-05 06:00:00,92365.7,92640.0,92165.1,92526.0,367.96734411
2026-01-05 08:00:00,92526.0,92842.7,92337.1,92694.4,307.96944951
2026-01-05 10:00:00,92694.4,93160.9,92676.1,93133.0,348.94105465
2026-01-05 12:00:00,93133.1,93215.1,92546.6,92741.8,328.13026408
2026-01-05 14:00:00,92741.8,94010.0,92413.1,93957.1,1203.36919487
2026-01-05 16:00:00,93957.0,94480.1,93259.4,94324.0,820.37537444
2026-01-05 18:00:00,94324.1,94510.0,93920.7,94302.8,559.4510739
2026-01-05 20:00:00,94302.8,94793.7,93801.8,94092.9,492.89873508
2026-01-05 22:00:00,94092.9,94399.0,93858.4,93870.9,232.3513929
2026-01-06 00:00:00,93871.0,94160.0,93552.1,93778.1,271.98576639
2026-01-06 02:00:00,93776.4,93935.3,93526.9,93768.3,200.7422235
2026-01-06 04:00:00,93768.4,93999.0,93576.7,93604.0,189.25591548
2026-01-06 06:00:00,93604.0,93942.6,93140.0,93258.1,475.0822427
2026-01-06 08:00:00,93258.1,93571.7,93179.2,93467.9,678.38672662
2026-01-06 10:00:00,93468.0,93906.0,93409.8,93843.3,542.44232241
2026-01-06 12:00:00,93843.4,93991.9,93642.3,93725.0,254.02033433
2026-01-06 14:00:00,93725.1,94446.6,93345.6,93648.1,1160.31027975
2026-01-06 16:00:00,93648.2,93768.7,91555.0,91593.0,1325.96771453
2026-01-06 18:00:00,91593.1,92345.8,91277.7,92103.2,589.97614743
2026-01-06 20:00:00,92103.3,93853.5,92103.2,93260.0,525.5006224
2026-01-06 22:00:00,93259.9,93790.1,92972.5,93750.0,336.57160425
2026-01-07 00:00:00,93750.0,93750.0,92330.8,92450.1,558.96430889
2026-01-07 02:00:00,92450.1,93115.1,92248.5,92814.4,351.95604988
2026-01-07 04:00:00,92814.4,92922.1,92508.4,92531.3,231.71326592
2026-01-07 06:00:00,92531.4,92897.3,92522.0,92883.6,199.128412
2026-01-07 08:00:00,92883.6,92962.3,91600.0,91711.7,1385.83616205
2026-01-07 10:00:00,91711.5,92250.0,91607.2,92088.7,564.64660941
2026-01-07 12:00:00,92088.7,92287.9,91867.2,92043.8,438.90127731
2026-01-07 14:00:00,92043.7,92159.3,91019.3,91347.0,1083.85903222
2026-01-07 16:00:00,91347.0,91788.3,91033.4,91255.1,512.65036272
2026-01-07 18:00:00,91254.9,91442.4,90670.0,91186.0,550.37219308
2026-01-07 20:00:00,91186.0,91299.0,90781.1,91094.3,235.25385786
2026-01-07 22:00:00,91094.2,91483.0,90877.4,91370.9,333.75653431
2026-01-08 00:00:00,91373.7,91669.7,91077.0,91424.0,250.14552984
2026-01-08 02:00:00,91424.1,91465.0,90615.2,90813.0,328.05177375
2026-01-08 04:00:00,90812.9,91182.9,90706.7,90822.9,247.95368699
2026-01-08 06:00:00,90823.0,90872.0,89630.4,90551.1,1224.86089826
2026-01-08 08:00:00,90551.0,90792.6,89953.8,90018.0,376.14387141
2026-01-08 10:00:00,90017.9,90488.0,89770.8,90221.1,1048.91037915
2026-01-08 12:00:00,90221.2,90232.4,89783.0,89970.6,358.52726989
2026-01-08 14:00:00,89970.7,90831.9,89327.8,90790.5,793.74980491
2026-01-08 16:00:00,90790.5,91442.4,90321.5,91370.0,641.94411836
2026-01-08 18:00:00,91370.0,91467.3,90811.2,90933.6,289.29547848
2026-01-08 20:00:00,90933.6,91337.8,90574.3,91269.3,284.53200231
2026-01-08 22:00:00,91271.0,91493.3,91015.2,91097.2,194.24234161
2026-01-09 00:00:00,91097.2,91628.6,90855.2,91055.1,321.97222389
2026-01-09 02:00:00,91055.0,91478.2,90967.8,91223.9,298.64127856
2026-01-09 04:00:00,91224.0,91235.2,90916.4,91091.8,130.0910524
2026-01-09 06:00:00,91091.9,91151.7,90753.0,90753.1,242.44669453
2026-01-09 08:00:00,90753.1,90851.1,89700.0,90343.7,615.791523
2026-01-09 10:00:00,90343.8,90694.5,90284.0,90452.0,564.19207474
2026-01-09 12:00:00,90452.0,90963.7,90224.7,90607.9,725.52440477
2026-01-09 14:00:00,90607.9,92020.2,89841.8,91183.9,1300.03392922
2026-01-09 16:00:00,91183.8,91781.9,91017.5,91430.0,423.04608899
2026-01-09 18:00:00,91430.0,91505.7,90183.7,90334.4,484.89140609
2026-01-09 20:00:00,90334.3,90645.2,90124.7,90537.2,177.07698727
2026-01-09 22:00:00,90537.3,90721.2,90354.9,90636.0,109.65390041
2026-01-10 00:00:00,90636.0,90727.3,90518.4,90682.0,73.35937082
2026-01-10 02:00:00,90682.0,90776.0,90552.3,90639.1,111.60636485
2026-01-10 04:00:00,90639.0,90646.4,90409.0,90605.1,133.62352084
2026-01-10 06:00:00,90605.1,90689.4,90479.9,90679.9,183.33818367
2026-01-10 08:00:00,90679.8,90763.0,90591.0,90763.0,1030.00190207
2026-01-10 10:00:00,90763.1,90836.3,90699.2,90727.0,95.03117458
2026-01-10 12:00:00,90727.0,90790.6,90636.0,90649.9,223.23341359
2026-01-10 14:00:00,90650.0,90667.0,90536.0,90661.2,157.80469233
2026-01-10 16:00:00,90661.1,90742.0,90536.9,90542.0,58.07478412
2026-01-10 18:00:00,90541.9,90625.7,90511.3,90621.3,75.28990816
2026-01-10 20:00:00,90621.2,90654.7,90504.2,90505.0,67.20848173
2026-01-10 22:00:00,90505.1,90591.2,90396.3,90504.9,205.61566618
2026-01-11 00:00:00,90504.9,90674.0,90449.3,90625.7,53.70612643
2026-01-11 02:00:00,90625.8,90733.1,90610.0,90733.0,75.28598806
2026-01-11 04:00:00,90733.1,90859.9,90659.6,90777.8,123.43834073
2026-01-11 06:00:00,90777.8,90800.0,90586.3,90713.0,98.69370074
2026-01-11 08:00:00,90712.9,90816.4,90620.0,90739.1,697.99472376
2026-01-11 10:00:00,90739.1,90761.4,90689.0,90751.8,60.22566975
2026-01-11 12:00:00,90751.9,91033.0,90723.0,90854.0,175.50568351
2026-01-11 14:00:00,90854.1,91199.8,90711.4,90875.0,238.67874165
2026-01-11 16:00:00,90875.0,91284.6,90875.0,90991.0,166.92290502
2026-01-11 18:00:00,90991.1,90991.1,90680.0,90693.1,77.53403807
2026-01-11 20:00:00,90693.1,90836.3,90424.3,90759.0,193.80657884
2026-01-11 22:00:00,90759.1,91039.8,90230.3,91012.0,296.42972496
2026-01-12 00:00:00,91008.3,91800.0,90697.7,91410.9,558.39456843
2026-01-12 02:00:00,91411.0,92520.6,91376.1,91805.4,741.76175196
2026-01-12 04:00:00,91805.5,92281.7,91755.6,92115.0,220.95734045
2026-01-12 06:00:00,92114.9,92208.0,91400.0,91415.1,665.13850283
2026-01-12 08:00:00,91415.1,91628.9,90400.0,90692.2,761.65837711
2026-01-12 10:00:00,90692.1,90816.1,90375.0,90630.1,314.48587011
2026-01-12 12:00:00,90630.1,90870.4,90541.6,90632.1,223.18452187
2026-01-12 14:00:00,90632.1,91679.6,90132.1,91666.9,805.8759305
2026-01-12 16:00:00,91666.0,92316.7,91007.1,91522.5,1152.07453342
2026-01-12 18:00:00,91522.6,91958.1,91415.1,91864.9,338.12471663
2026-01-12 20:00:00,91864.9,92048.4,90948.4,91056.0,371.30944007
2026-01-12 22:00:00,91056.0,91444.5,91056.0,91304.0,187.12722687
2026-01-13 00:00:00,91304.0,91548.9,91054.3,91188.0,236.74133603
2026-01-13 02:00:00,91188.0,91471.2,91102.2,91412.0,239.37444985
2026-01-13 04:00:00,91412.1,92256.9,91349.9,91924.5,336.3741844
2026-01-13 06:00:00,91924.6,92270.8,91811.5,91949.7,859.43032447
2026-01-13 08:00:00,91949.7,92666.0,91908.4,92264.7,707.02622576
2026-01-13 10:00:00,92264.7,92338.6,91970.7,92001.0,257.38612716
2026-01-13 12:00:00,92001.1,92607.0,91916.2,92074.9,591.52292472
2026-01-13 14:00:00,92074.9,93456.0,91790.0,93455.9,1090.99461212
2026-01-13 16:00:00,93455.9,93753.0,93080.7,93244.0,953.16362417
2026-01-13 18:00:00,93243.0,94243.6,93200.1,94224.1,781.51707824
2026-01-13 20:00:00,94224.2,94526.3,94060.0,94091.0,958.90152248
2026-01-13 22:00:00,94091.1,96543.0,94091.1,95411.8,2450.0216603
2026-01-14 00:00:00,95411.8,95664.6,95142.8,95245.0,599.51559278
2026-01-14 02:00:00,95245.1,95722.5,95211.4,95722.3,423.84034362
2026-01-14 04:00:00,95722.3,95796.8,94957.7,95012.5,568.94435697
2026-01-14 06:00:00,95012.5,95230.0,94521.7,95201.9,898.70209839
2026-01-14 08:00:00,95201.9,95310.5,94866.6,95091.1,596.7516223
2026-01-14 10:00:00,95091.0,95297.5,94750.0,94797.7,503.35810747
2026-01-14 12:00:00,94797.7,95240.2,94688.1,94997.0,337.75841746
2026-01-14 14:00:00,94997.0,97088.0,94983.9,96755.6,2260.85570035
2026-01-14 16:00:00,96755.5,97776.0,96732.0,96953.2,2568.68970426
2026-01-14 18:00:00,96953.1,97648.6,96229.5,97257.8,1347.29008699
2026-01-14 20:00:00,97257.8,97925.4,97207.7,97560.8,851.46489428
2026-01-14 22:00:00,97560.9,97581.3,96758.1,96945.9,454.238805
2026-01-15 00:00:00,96946.0,96999.6,96307.1,96446.2,593.17637539
2026-01-15 02:00:00,96446.1,96614.5,95780.0,95990.5,535.98727639
2026-01-15 04:00:00,95990.5,96522.7,95965.4,96438.9,405.05320538
2026-01-15 06:00:00,96438.8,96762.9,96187.9,96634.5,518.43484814
2026-01-15 08:00:00,96634.6,97189.9,96293.1,97036.9,398.30560868
2026-01-15 10:00:00,97037.0,97071.3,96591.0,96597.0,240.78076943
2026-01-15 12:00:00,96597.1,97029.0,96532.2,96860.0,207.16944487
2026-01-15 14:00:00,96860.0,97150.0,95451.0,96742.1,1262.45314808
2026-01-15 16:00:00,96742.0,97074.5,96274.2,96620.9,616.09460274
2026-01-15 18:00:00,96620.9,96626.9,95188.0,95511.6,746.86406166
2026-01-15 20:00:00,95511.7,95661.7,95132.9,95591.7,297.04540319
2026-01-15 22:00:00,95591.7,95875.0,95408.9,95607.0,232.58597642
2026-01-16 00:00:00,95607.0,95852.7,95422.4,95672.9,185.35366656
2026-01-16 02:00:00,95673.0,95684.8,95336.2,95356.0,173.55054593
2026-01-16 04:00:00,95356.0,95693.9,95160.0,95674.3,338.43064347
2026-01-16 06:00:00,95674.4,95836.3,95451.3,95650.7,493.08362418
2026-01-16 08:00:00,95650.7,95845.9,95553.8,95618.1,314.49535155
2026-01-16 10:00:00,95618.1,95634.0,95265.3,95431.4,199.6307796
2026-01-16 12:00:00,95431.5,95584.5,95301.0,95453.3,185.31316888
2026-01-16 14:00:00,95453.4,95813.0,94303.6,94589.3,1004.75943849
2026-01-16 16:00:00,94589.2,95135.1,94514.1,95084.5,383.06971176
2026-01-16 18:00:00,95084.4,95221.5,94842.1,95007.7,167.60457606
2026-01-16 20:00:00,95007.4,95600.0,94686.0,95522.5,286.85327662
2026-01-16 22:00:00,95522.5,95599.9,95263.5,95560.0,137.85181537
2026-01-17 00:00:00,95560.1,95585.9,95355.7,95387.0,129.18047194
2026-01-17 02:00:00,95387.0,95420.0,95196.5,95369.0,182.82638564
2026-01-17 04:00:00,95369.0,95380.5,95260.0,95317.8,110.16934399
2026-01-17 06:00:00,95317.9,95348.3,95027.4,95101.1,220.47682303
2026-01-17 08:00:00,95101.1,95283.0,95000.0,95257.0,174.09731607
2026-01-17 10:00:00,95257.1,95318.9,95069.0,95318.8,94.41970315
2026-01-17 12:00:00,95318.9,95433.0,95195.0,95432.9,120.43861772
2026-01-17 14:00:00,95433.0,95638.0,95354.0,95571.0,263.28039437
2026-01-17 16:00:00,95571.0,95571.0,95221.0,95364.0,161.87823809
2026-01-17 18:00:00,95364.0,95467.7,95290.0,95295.4,47.67540997
2026-01-17 20:00:00,95295.4,95415.0,95286.4,95314.0,58.55876235
2026-01-17 22:00:00,95314.0,95314.0,95052.0,95153.9,165.27443483
2026-01-18 00:00:00,95153.9,95250.0,94878.1,94966.8,214.86053551
2026-01-18 02:00:00,94966.9,95208.9,94880.0,95190.9,171.60076982
2026-01-18 04:00:00,95191.0,95256.2,95049.6,95196.4,110.99898251
2026-01-18 06:00:00,95196.5,95220.2,95030.0,95036.1,100.54731916
2026-01-18 08:00:00,95036.0,95299.9,95030.0,95275.1,111.63328073
2026-01-18 10:00:00,95275.1,95297.9,95082.2,95165.9,81.00415641
2026-01-18 12:00:00,95166.0,95210.0,94919.0,95154.9,169.41710593
2026-01-18 14:00:00,95155.0,95375.0,94930.0,95113.9,184.66811737
2026-01-18 16:00:00,95114.0,95270.4,95068.0,95270.4,85.46976943
2026-01-18 18:00:00,95270.4,95513.0,95177.4,95378.0,130.62919826
2026-01-18 20:00:00,95378.1,95443.1,95283.0,95432.0,53.81924915
2026-01-18 22:00:00,95432.0,95529.0,93600.0,93674.1,896.97505206
2026-01-19 00:00:00,93674.0,93674.0,91900.0,92584.7,2310.60576972
2026-01-19 02:00:00,92584.8,92780.0,92400.0,92693.4,624.45307361
2026-01-19 04:00:00,92693.3,92806.0,92502.4,92513.2,270.85778438
2026-01-19 06:00:00,92513.2,92857.1,92378.1,92834.2,766.10237503
2026-01-19 08:00:00,92834.2,93368.6,92693.3,93047.1,1225.17387125
2026-01-19 10:00:00,93047.1,93306.1,92887.2,93190.1,198.54289664
2026-01-19 12:00:00,93190.1,93229.0,92806.0,93027.9,294.50633289
2026-01-19 14:00:00,93028.0,93078.8,92700.0,93063.0,247.93764885
2026-01-19 16:00:00,93063.0,93400.0,92992.3,93232.0,284.52821215
2026-01-19 18:00:00,93232.1,93249.1,92900.0,93104.1,179.98590018
2026-01-19 20:00:00,93104.1,93344.4,93003.2,93004.0,95.0137556
2026-01-19 22:00:00,93004.1,93055.2,92160.1,92628.0,525.71236187
2026-01-20 00:00:00,92627.9,92870.0,92371.0,92720.2,244.73356426
2026-01-20 02:00:00,92720.3,92727.9,92253.7,92446.3,289.15299056
2026-01-20 04:00:00,92446.4,92478.2,91304.6,91632.0,1078.93972514
2026-01-20 06:00:00,91632.0,91640.0,90800.0,91188.3,1290.81467667
2026-01-20 08:00:00,91188.3,91272.7,90684.8,91044.3,1486.03439926
2026-01-20 10:00:00,91044.2,91438.2,91000.0,91226.7,299.297083
2026-01-20 12:00:00,91226.7,91317.5,90777.0,90953.5,411.56195831
2026-01-20 14:00:00,90953.5,91374.9,89852.0,90681.1,1497.65402104
2026-01-20 16:00:00,90681.1,90973.8,89444.0,89775.4,783.92674379
2026-01-20 18:00:00,89776.7,89958.9,89300.0,89728.1,470.19015874
2026-01-20 20:00:00,89728.1,89847.9,89396.0,89473.1,314.97604846
2026-01-20 22:00:00,89473.2,89649.1,87806.2,88418.6,1034.27278158
2026-01-21 00:00:00,88418.6,89154.1,88250.4,89013.7,1208.60533364
2026-01-21 02:00:00,89013.8,89589.0,88996.0,89431.2,515.10597854
2026-01-21 04:00:00,89431.2,90111.4,89349.0,89951.0,487.40976914
2026-01-21 06:00:00,89951.0,89951.0,89092.9,89212.8,595.3283136
2026-01-21 08:00:00,89212.5,89480.9,89000.0,89103.9,438.54483854
2026-01-21 10:00:00,89105.6,89390.5,88694.5,88792.2,360.24814818
2026-01-21 12:00:00,88788.1,89025.0,88178.1,88672.9,743.69184446
2026-01-21 14:00:00,88672.9,90592.0,88614.0,90279.5,1771.01216686
2026-01-21 16:00:00,90279.5,90354.7,87258.7,87931.8,1487.96237098
2026-01-21 18:00:00,87931.8,90454.2,87583.0,90358.0,895.71059349
2026-01-21 20:00:00,90358.1,90374.7,89457.2,90242.3,464.57827359
2026-01-21 22:00:00,90242.4,90381.8,89360.0,89456.1,355.13141119
2026-01-22 00:00:00,89456.1,90187.7,89456.1,90110.9,309.40352468
2026-01-22 02:00:00,90109.9,90355.0,89699.6,89890.5,348.84820374
2026-01-22 04:00:00,89890.5,90072.2,89831.1,90021.8,229.67951497
2026-01-22 06:00:00,90021.9,90208.2,89746.9,89802.7,500.38413927
2026-01-22 08:00:00,89802.8,90121.5,89750.0,90026.9,687.76940797
2026-01-22 10:00:00,90027.9,90149.0,89900.0,89942.7,616.8292131
2026-01-22 12:00:00,89942.8,90333.4,89483.6,89607.0,409.04469092
2026-01-22 14:00:00,89607.0,89727.2,88515.3,89003.2,717.57887151
2026-01-22 16:00:00,89003.3,89612.5,88680.0,89552.5,369.40363811
2026-01-22 18:00:00,89552.6,89922.0,89094.9,89778.3,296.29081898
2026-01-22 20:00:00,89777.7,89943.4,89230.0,89263.5,206.01651231
2026-01-22 22:00:00,89263.6,89587.1,89142.7,89560.2,150.49679689
2026-01-23 00:00:00,89560.2,89943.0,89454.4,89942.9,160.4064405
2026-01-23 02:00:00,89939.7,89984.9,89650.0,89927.1,359.34951505
2026-01-23 04:00:00,89927.2,90096.9,89472.7,89620.3,334.85549827
2026-01-23 06:00:00,89620.3,89813.8,89406.7,89542.1,658.0267328
2026-01-23 08:00:00,89542.1,89632.5,88900.1,88978.0,1272.85970984
2026-01-23 10:00:00,88978.0,89349.0,88869.5,89211.0,230.494718
2026-01-23 12:00:00,89211.0,89446.2,89100.1,89352.2,156.56967992
2026-01-23 14:00:00,89352.2,89858.9,88563.6,89754.2,684.9221861
2026-01-23 16:00:00,89754.3,91222.0,89484.0,90612.0,930.05979378
2026-01-23 18:00:00,90612.0,91021.4,89620.0,89980.0,594.9093212
2026-01-23 20:00:00,89980.0,90155.0,89217.9,89353.1,318.73795197
2026-01-23 22:00:00,89353.0,89755.8,89341.0,89608.0,135.93438342
2026-01-24 00:00:00,89608.1,89639.0,89427.6,89551.5,92.52132096
2026-01-24 02:00:00,89551.6,89933.1,89551.6,89777.0,124.998827
2026-01-24 04:00:00,89777.0,89849.3,89716.0,89783.0,107.24966636
2026-01-24 06:00:00,89783.0,89786.5,89552.4,89608.0,258.71202688
2026-01-24 08:00:00,89607.9,89687.0,89549.2,89598.0,139.43480476
2026-01-24 10:00:00,89598.0,89670.7,89581.0,89587.9,71.78716946
2026-01-24 12:00:00,89587.9,89597.5,89370.4,89370.4,99.06758809
2026-01-24 14:00:00,89370.4,89515.0,89178.5,89279.9,152.09220596
2026-01-24 16:00:00,89280.0,89412.7,89169.6,89402.4,140.46821685
2026-01-24 18:00:00,89402.4,89460.0,89272.5,89335.8,31.52474914
2026-01-24 20:00:00,89335.7,89403.2,89270.0,89391.6,43.54715509
2026-01-24 22:00:00,89391.7,89507.2,89215.0,89227.6,105.4513866
2026-01-25 00:00:00,89227.5,89326.0,89106.0,89179.2,81.95176074
2026-01-25 02:00:00,89179.3,89270.0,88850.0,88959.8,142.60771482
2026-01-25 04:00:00,88959.9,89086.9,88875.0,88991.8,359.18670201
2026-01-25 06:00:00,88991.9,88991.9,88633.6,88662.0,402.93327407
2026-01-25 08:00:00,88661.9,88764.0,88133.5,88404.0,257.65153446
2026-01-25 10:00:00,88404.0,88709.0,88404.0,88574.9,148.19124999
2026-01-25 12:00:00,88575.0,88974.0,88447.4,88926.0,253.15730451
2026-01-25 14:00:00,88926.1,88945.9,88378.8,88456.1,178.26222899
2026-01-25 16:00:00,88456.1,88456.1,87573.3,87886.3,546.08602557
2026-01-25 18:00:00,87886.3,87986.1,86181.6,86503.3,1249.67906791
2026-01-25 20:00:00,86503.3,87012.2,86229.7,86570.3,423.26658564
2026-01-25 22:00:00,86570.9,86794.9,86090.0,86666.8,569.23790641
2026-01-26 00:00:00,86666.8,87820.0,86515.2,87700.1,538.50845319
2026-01-26 02:00:00,87700.1,87970.3,87078.1,87273.6,460.92103033
2026-01-26 04:00:00,87273.7,87943.3,87240.0,87804.8,517.28895383
2026-01-26 06:00:00,87804.9,88073.2,87695.1,87998.8,608.98176431
2026-01-26 08:00:00,87998.8,88385.7,87599.1,87659.9,487.60256643
2026-01-26 10:00:00,87659.9,87980.0,87646.4,87858.1,170.22685911
2026-01-26 12:00:00,87858.1,88052.3,87704.1,87962.4,275.28078872
2026-01-26 14:00:00,87962.4,88857.0,87333.7,87643.0,1408.00768459
2026-01-26 16:00:00,87643.1,87950.0,87041.1,87698.0,528.97470552
2026-01-26 18:00:00,87698.1,88545.0,87650.3,88017.6,364.90671418
2026-01-26 20:00:00,88017.6,88250.0,87549.5,88074.7,240.72129993
2026-01-26 22:00:00,88074.7,88664.7,88010.1,88347.9,252.27365241
2026-01-27 00:00:00,88348.0,88712.5,88200.0,88559.3,199.1188383
2026-01-27 02:00:00,88559.8,88885.0,88550.0,88784.0,280.15949246
2026-01-27 04:00:00,88784.0,88996.0,88402.2,88459.9,286.61737823
2026-01-27 06:00:00,88459.9,88550.0,88268.1,88550.0,290.15229705
